-- MySQL dump 10.13  Distrib 8.0.42, for Win64 (x86_64)
--
-- Host: localhost    Database: highmoon
-- ------------------------------------------------------
-- Server version	8.0.42

/*!40101 SET @OLD_CHARACTER_SET_CLIENT=@@CHARACTER_SET_CLIENT */;
/*!40101 SET @OLD_CHARACTER_SET_RESULTS=@@CHARACTER_SET_RESULTS */;
/*!40101 SET @OLD_COLLATION_CONNECTION=@@COLLATION_CONNECTION */;
/*!50503 SET NAMES utf8 */;
/*!40103 SET @OLD_TIME_ZONE=@@TIME_ZONE */;
/*!40103 SET TIME_ZONE='+00:00' */;
/*!40014 SET @OLD_UNIQUE_CHECKS=@@UNIQUE_CHECKS, UNIQUE_CHECKS=0 */;
/*!40014 SET @OLD_FOREIGN_KEY_CHECKS=@@FOREIGN_KEY_CHECKS, FOREIGN_KEY_CHECKS=0 */;
/*!40101 SET @OLD_SQL_MODE=@@SQL_MODE, SQL_MODE='NO_AUTO_VALUE_ON_ZERO' */;
/*!40111 SET @OLD_SQL_NOTES=@@SQL_NOTES, SQL_NOTES=0 */;

--
-- Table structure for table `abilities`
--

DROP TABLE IF EXISTS `abilities`;
/*!40101 SET @saved_cs_client     = @@character_set_client */;
/*!50503 SET character_set_client = utf8mb4 */;
CREATE TABLE `abilities` (
  `id` bigint unsigned NOT NULL AUTO_INCREMENT,
  `name` varchar(191) CHARACTER SET utf8mb4 COLLATE utf8mb4_unicode_ci NOT NULL,
  `title` varchar(191) CHARACTER SET utf8mb4 COLLATE utf8mb4_unicode_ci DEFAULT NULL,
  `entity_id` bigint unsigned DEFAULT NULL,
  `entity_type` varchar(191) CHARACTER SET utf8mb4 COLLATE utf8mb4_unicode_ci DEFAULT NULL,
  `only_owned` tinyint(1) NOT NULL DEFAULT '0',
  `options` longtext CHARACTER SET utf8mb4 COLLATE utf8mb4_bin,
  `scope` int DEFAULT NULL,
  `created_at` timestamp NULL DEFAULT NULL,
  `updated_at` timestamp NULL DEFAULT NULL,
  PRIMARY KEY (`id`),
  KEY `abilities_scope_index` (`scope`)
) ENGINE=MyISAM DEFAULT CHARSET=utf8mb4 COLLATE=utf8mb4_unicode_ci;
/*!40101 SET character_set_client = @saved_cs_client */;

--
-- Dumping data for table `abilities`
--

LOCK TABLES `abilities` WRITE;
/*!40000 ALTER TABLE `abilities` DISABLE KEYS */;
/*!40000 ALTER TABLE `abilities` ENABLE KEYS */;
UNLOCK TABLES;

--
-- Table structure for table `addresses`
--

DROP TABLE IF EXISTS `addresses`;
/*!40101 SET @saved_cs_client     = @@character_set_client */;
/*!50503 SET character_set_client = utf8mb4 */;
CREATE TABLE `addresses` (
  `id` int NOT NULL AUTO_INCREMENT,
  `user_id` int NOT NULL,
  `type` varchar(50) CHARACTER SET utf8mb3 COLLATE utf8mb3_unicode_ci DEFAULT NULL,
  `name` varchar(191) CHARACTER SET utf8mb3 COLLATE utf8mb3_unicode_ci DEFAULT NULL,
  `address` varchar(255) CHARACTER SET utf8mb3 COLLATE utf8mb3_unicode_ci DEFAULT NULL,
  `country_id` int DEFAULT NULL,
  `state_id` int DEFAULT NULL,
  `city_id` int DEFAULT NULL,
  `country_name` varchar(255) CHARACTER SET utf8mb3 COLLATE utf8mb3_unicode_ci DEFAULT NULL,
  `state_name` varchar(255) CHARACTER SET utf8mb3 COLLATE utf8mb3_unicode_ci DEFAULT NULL,
  `city` varchar(191) CHARACTER SET utf8mb3 COLLATE utf8mb3_unicode_ci DEFAULT NULL,
  `longitude` varchar(50) CHARACTER SET utf8mb3 COLLATE utf8mb3_unicode_ci DEFAULT NULL,
  `latitude` varchar(50) CHARACTER SET utf8mb3 COLLATE utf8mb3_unicode_ci DEFAULT NULL,
  `postal_code` varchar(255) CHARACTER SET utf8mb3 COLLATE utf8mb3_unicode_ci DEFAULT NULL,
  `phone` varchar(255) CHARACTER SET utf8mb3 COLLATE utf8mb3_unicode_ci DEFAULT NULL,
  `set_default` int NOT NULL DEFAULT '0',
  `created_at` timestamp NOT NULL DEFAULT CURRENT_TIMESTAMP,
  `updated_at` timestamp NOT NULL DEFAULT CURRENT_TIMESTAMP,
  PRIMARY KEY (`id`)
) ENGINE=InnoDB AUTO_INCREMENT=55 DEFAULT CHARSET=utf8mb3 COLLATE=utf8mb3_unicode_ci;
/*!40101 SET character_set_client = @saved_cs_client */;

--
-- Dumping data for table `addresses`
--

LOCK TABLES `addresses` WRITE;
/*!40000 ALTER TABLE `addresses` DISABLE KEYS */;
INSERT INTO `addresses` VALUES (15,68,'home','Jisha P','Flat No 303, Building name',NULL,NULL,NULL,'UAE','Dubai','Dubai','55.32320022583008','25.234836109953527','0000','+971568650838',0,'2024-01-05 20:27:15','2025-04-17 14:32:07'),(26,68,'home','Jisha P','Flat number 606, 184th floor, Burj khalifa',229,3798,NULL,'United Arab Emirates','Dubai','Burj Park','55.27437639999999','25.197197',NULL,'+971568656856',1,'2024-01-12 00:03:35','2025-04-17 14:32:07'),(42,68,'work','Jisha P','Wafi residence,',NULL,NULL,NULL,'United Arab Emirates','Dubai','Oud Metha',NULL,NULL,'000000','+971568650835',0,'2025-04-17 13:10:52','2025-04-17 14:32:07'),(47,1,'other','Admin name','Admin address',NULL,NULL,NULL,'United Arab Emirates','state','city',NULL,NULL,'0000','145236987',0,'2025-04-18 05:56:23','2025-04-18 05:56:23'),(48,68,'other','New Name','Wafi residence Newwwwwww,\r\nDubai Healthcare City',NULL,NULL,NULL,'United Arab Emirates','Dubai','Oud Metha',NULL,NULL,'000','11111',0,'2025-04-18 06:04:49','2025-04-18 06:04:49'),(49,72,'other','John Doe','123 Main St',NULL,NULL,NULL,'Anyland','Anystate','Anytown',NULL,NULL,'12345','1234567890',0,'2025-07-15 14:38:31','2025-07-15 14:38:31'),(50,72,'other','John Doe','123 Main St',NULL,NULL,NULL,'Anyland','Anystate','Anytown',NULL,NULL,'12345','1234567890',0,'2025-07-15 14:42:00','2025-07-15 14:42:00'),(51,72,'other','John Doe','123 Main St',NULL,NULL,NULL,'Anyland','Anystate','Anytown',NULL,NULL,'12345','1234567890',0,'2025-07-15 14:42:20','2025-07-15 14:42:20'),(52,72,'other','John Doe','123 Main St',NULL,NULL,NULL,'Anyland','Anystate','Anytown',NULL,NULL,'12345','1234567890',0,'2025-07-21 05:55:42','2025-07-21 05:55:42'),(53,72,'other','John Doe','123 Main St',NULL,NULL,NULL,'Anyland','Anystate','Anytown',NULL,NULL,'12345','1234567890',0,'2025-07-21 06:00:48','2025-07-21 06:00:48'),(54,72,'other','John Doe','123 Main St',NULL,NULL,NULL,'Anyland','Anystate','Anytown',NULL,NULL,'12345','1234567890',0,'2025-07-21 06:44:05','2025-07-21 06:44:05');
/*!40000 ALTER TABLE `addresses` ENABLE KEYS */;
UNLOCK TABLES;

--
-- Table structure for table `admin_menu_items`
--

DROP TABLE IF EXISTS `admin_menu_items`;
/*!40101 SET @saved_cs_client     = @@character_set_client */;
/*!50503 SET character_set_client = utf8mb4 */;
CREATE TABLE `admin_menu_items` (
  `id` bigint unsigned NOT NULL AUTO_INCREMENT,
  `label` varchar(191) COLLATE utf8mb4_unicode_ci NOT NULL,
  `link` varchar(191) COLLATE utf8mb4_unicode_ci NOT NULL,
  `parent_id` bigint unsigned NOT NULL DEFAULT '0',
  `sort` int NOT NULL DEFAULT '0',
  `class` varchar(191) COLLATE utf8mb4_unicode_ci DEFAULT NULL,
  `menu_id` bigint unsigned NOT NULL,
  `depth` int NOT NULL DEFAULT '0',
  `created_at` timestamp NULL DEFAULT NULL,
  `updated_at` timestamp NULL DEFAULT NULL,
  PRIMARY KEY (`id`),
  KEY `admin_menu_items_menu_id_foreign` (`menu_id`),
  CONSTRAINT `admin_menu_items_menu_id_foreign` FOREIGN KEY (`menu_id`) REFERENCES `admin_menus` (`id`) ON DELETE CASCADE ON UPDATE CASCADE
) ENGINE=InnoDB AUTO_INCREMENT=15 DEFAULT CHARSET=utf8mb4 COLLATE=utf8mb4_unicode_ci;
/*!40101 SET character_set_client = @saved_cs_client */;

--
-- Dumping data for table `admin_menu_items`
--

LOCK TABLES `admin_menu_items` WRITE;
/*!40000 ALTER TABLE `admin_menu_items` DISABLE KEYS */;
INSERT INTO `admin_menu_items` VALUES (1,'About Us','/about',0,0,NULL,1,0,'2025-07-15 12:38:52','2025-07-16 08:51:21'),(2,'Our Services','/services',0,1,NULL,1,0,'2025-07-15 12:52:48','2025-07-16 08:51:57'),(3,'Tutorials','/tutorials',0,3,NULL,1,0,'2025-07-16 08:52:12','2025-07-17 15:52:29'),(4,'News','/news',0,4,NULL,1,0,'2025-07-16 08:52:23','2025-07-17 15:52:29'),(5,'Contact Us','/contact',0,5,NULL,1,0,'2025-07-16 08:52:32','2025-07-17 15:52:29'),(6,'Quick Links','#',0,0,NULL,2,0,'2025-07-16 13:31:37','2025-07-16 13:31:53'),(7,'Home','/',6,1,NULL,2,1,'2025-07-16 13:31:52','2025-07-16 13:31:56'),(8,'Services','#',0,2,NULL,2,0,'2025-07-16 13:41:32','2025-07-16 13:41:32'),(9,'Digital Transformation','/',8,3,NULL,2,1,'2025-07-16 13:41:54','2025-07-16 13:41:57'),(10,'Follow Us','#',0,4,NULL,2,0,'2025-07-16 13:42:30','2025-07-16 13:42:30'),(11,'Facebook','/',10,5,NULL,2,1,'2025-07-16 13:42:43','2025-07-16 13:42:46'),(12,'Privacy Policy','/',0,0,NULL,3,0,'2025-07-16 13:45:00','2025-07-16 13:45:11'),(13,'Terms & Conditions','/',0,1,NULL,3,0,'2025-07-16 13:45:11','2025-07-16 13:45:13'),(14,'Service 1','/',2,2,NULL,1,1,'2025-07-17 15:52:26','2025-07-17 15:52:30');
/*!40000 ALTER TABLE `admin_menu_items` ENABLE KEYS */;
UNLOCK TABLES;

--
-- Table structure for table `admin_menus`
--

DROP TABLE IF EXISTS `admin_menus`;
/*!40101 SET @saved_cs_client     = @@character_set_client */;
/*!50503 SET character_set_client = utf8mb4 */;
CREATE TABLE `admin_menus` (
  `id` bigint unsigned NOT NULL AUTO_INCREMENT,
  `name` varchar(191) COLLATE utf8mb4_unicode_ci NOT NULL,
  `created_at` timestamp NULL DEFAULT NULL,
  `updated_at` timestamp NULL DEFAULT NULL,
  PRIMARY KEY (`id`)
) ENGINE=InnoDB AUTO_INCREMENT=4 DEFAULT CHARSET=utf8mb4 COLLATE=utf8mb4_unicode_ci;
/*!40101 SET character_set_client = @saved_cs_client */;

--
-- Dumping data for table `admin_menus`
--

LOCK TABLES `admin_menus` WRITE;
/*!40000 ALTER TABLE `admin_menus` DISABLE KEYS */;
INSERT INTO `admin_menus` VALUES (1,'Header','2025-07-15 11:05:18','2025-07-15 11:05:18'),(2,'Footer','2025-07-15 13:09:06','2025-07-15 13:09:06'),(3,'Bottom Footer','2025-07-16 13:44:40','2025-07-16 13:44:40');
/*!40000 ALTER TABLE `admin_menus` ENABLE KEYS */;
UNLOCK TABLES;

--
-- Table structure for table `app_translations`
--

DROP TABLE IF EXISTS `app_translations`;
/*!40101 SET @saved_cs_client     = @@character_set_client */;
/*!50503 SET character_set_client = utf8mb4 */;
CREATE TABLE `app_translations` (
  `id` int NOT NULL AUTO_INCREMENT,
  `lang` varchar(10) CHARACTER SET utf8mb3 COLLATE utf8mb3_unicode_ci DEFAULT NULL,
  `lang_key` varchar(255) CHARACTER SET utf8mb3 COLLATE utf8mb3_unicode_ci DEFAULT NULL,
  `lang_value` varchar(255) CHARACTER SET utf8mb3 COLLATE utf8mb3_unicode_ci DEFAULT NULL,
  `created_at` timestamp NOT NULL DEFAULT CURRENT_TIMESTAMP,
  `updated_at` timestamp NOT NULL DEFAULT CURRENT_TIMESTAMP,
  PRIMARY KEY (`id`)
) ENGINE=InnoDB DEFAULT CHARSET=utf8mb3 COLLATE=utf8mb3_unicode_ci;
/*!40101 SET character_set_client = @saved_cs_client */;

--
-- Dumping data for table `app_translations`
--

LOCK TABLES `app_translations` WRITE;
/*!40000 ALTER TABLE `app_translations` DISABLE KEYS */;
/*!40000 ALTER TABLE `app_translations` ENABLE KEYS */;
UNLOCK TABLES;

--
-- Table structure for table `attribute_category`
--

DROP TABLE IF EXISTS `attribute_category`;
/*!40101 SET @saved_cs_client     = @@character_set_client */;
/*!50503 SET character_set_client = utf8mb4 */;
CREATE TABLE `attribute_category` (
  `id` int NOT NULL AUTO_INCREMENT,
  `category_id` int NOT NULL,
  `attribute_id` int NOT NULL,
  `created_at` timestamp NOT NULL DEFAULT CURRENT_TIMESTAMP,
  `updated_at` timestamp NOT NULL DEFAULT CURRENT_TIMESTAMP,
  PRIMARY KEY (`id`)
) ENGINE=InnoDB DEFAULT CHARSET=utf8mb3 COLLATE=utf8mb3_unicode_ci;
/*!40101 SET character_set_client = @saved_cs_client */;

--
-- Dumping data for table `attribute_category`
--

LOCK TABLES `attribute_category` WRITE;
/*!40000 ALTER TABLE `attribute_category` DISABLE KEYS */;
/*!40000 ALTER TABLE `attribute_category` ENABLE KEYS */;
UNLOCK TABLES;

--
-- Table structure for table `attribute_translations`
--

DROP TABLE IF EXISTS `attribute_translations`;
/*!40101 SET @saved_cs_client     = @@character_set_client */;
/*!50503 SET character_set_client = utf8mb4 */;
CREATE TABLE `attribute_translations` (
  `id` bigint NOT NULL AUTO_INCREMENT,
  `attribute_id` int NOT NULL,
  `name` varchar(50) CHARACTER SET utf8mb3 COLLATE utf8mb3_unicode_ci NOT NULL,
  `lang` varchar(100) CHARACTER SET utf8mb3 COLLATE utf8mb3_unicode_ci NOT NULL,
  `created_at` timestamp NOT NULL DEFAULT CURRENT_TIMESTAMP,
  `updated_at` timestamp NOT NULL DEFAULT CURRENT_TIMESTAMP,
  PRIMARY KEY (`id`),
  KEY `attribute_id` (`attribute_id`),
  CONSTRAINT `attribute_translations_ibfk_1` FOREIGN KEY (`attribute_id`) REFERENCES `attributes` (`id`) ON DELETE CASCADE
) ENGINE=InnoDB DEFAULT CHARSET=utf8mb3 COLLATE=utf8mb3_unicode_ci;
/*!40101 SET character_set_client = @saved_cs_client */;

--
-- Dumping data for table `attribute_translations`
--

LOCK TABLES `attribute_translations` WRITE;
/*!40000 ALTER TABLE `attribute_translations` DISABLE KEYS */;
/*!40000 ALTER TABLE `attribute_translations` ENABLE KEYS */;
UNLOCK TABLES;

--
-- Table structure for table `attribute_value_translations`
--

DROP TABLE IF EXISTS `attribute_value_translations`;
/*!40101 SET @saved_cs_client     = @@character_set_client */;
/*!50503 SET character_set_client = utf8mb4 */;
CREATE TABLE `attribute_value_translations` (
  `id` int NOT NULL AUTO_INCREMENT,
  `attribute_value_id` int NOT NULL,
  `lang` varchar(11) NOT NULL,
  `value` varchar(255) NOT NULL,
  `created_at` timestamp NOT NULL DEFAULT CURRENT_TIMESTAMP,
  `updated_at` timestamp NOT NULL DEFAULT CURRENT_TIMESTAMP ON UPDATE CURRENT_TIMESTAMP,
  PRIMARY KEY (`id`),
  KEY `attribute_value_id` (`attribute_value_id`),
  CONSTRAINT `attribute_value_translations_ibfk_1` FOREIGN KEY (`attribute_value_id`) REFERENCES `attribute_values` (`id`) ON DELETE CASCADE
) ENGINE=InnoDB DEFAULT CHARSET=utf8mb4 COLLATE=utf8mb4_0900_ai_ci;
/*!40101 SET character_set_client = @saved_cs_client */;

--
-- Dumping data for table `attribute_value_translations`
--

LOCK TABLES `attribute_value_translations` WRITE;
/*!40000 ALTER TABLE `attribute_value_translations` DISABLE KEYS */;
/*!40000 ALTER TABLE `attribute_value_translations` ENABLE KEYS */;
UNLOCK TABLES;

--
-- Table structure for table `attribute_values`
--

DROP TABLE IF EXISTS `attribute_values`;
/*!40101 SET @saved_cs_client     = @@character_set_client */;
/*!50503 SET character_set_client = utf8mb4 */;
CREATE TABLE `attribute_values` (
  `id` int NOT NULL AUTO_INCREMENT,
  `attribute_id` int NOT NULL,
  `value` varchar(255) COLLATE utf8mb3_unicode_ci NOT NULL,
  `is_active` int NOT NULL DEFAULT '1',
  `created_at` timestamp NOT NULL DEFAULT CURRENT_TIMESTAMP,
  `updated_at` timestamp NOT NULL DEFAULT CURRENT_TIMESTAMP,
  PRIMARY KEY (`id`),
  KEY `attribute_id` (`attribute_id`),
  CONSTRAINT `attribute_values_ibfk_1` FOREIGN KEY (`attribute_id`) REFERENCES `attributes` (`id`) ON DELETE CASCADE
) ENGINE=InnoDB AUTO_INCREMENT=11 DEFAULT CHARSET=utf8mb3 COLLATE=utf8mb3_unicode_ci;
/*!40101 SET character_set_client = @saved_cs_client */;

--
-- Dumping data for table `attribute_values`
--

LOCK TABLES `attribute_values` WRITE;
/*!40000 ALTER TABLE `attribute_values` DISABLE KEYS */;
INSERT INTO `attribute_values` VALUES (1,1,'Red',1,'2025-07-19 07:39:36','2025-07-19 07:39:36'),(2,1,'Blue',1,'2025-07-19 07:39:36','2025-07-19 07:39:36'),(3,1,'Green',1,'2025-07-19 07:39:36','2025-07-19 07:39:36'),(4,2,'S',1,'2025-07-19 07:39:36','2025-07-19 07:39:36'),(5,2,'M',1,'2025-07-19 07:39:36','2025-07-19 07:39:36'),(6,2,'L',1,'2025-07-19 07:39:36','2025-07-19 07:39:36'),(7,2,'XL',1,'2025-07-19 07:39:36','2025-07-19 07:39:36'),(8,3,'Cotton',1,'2025-07-19 07:39:36','2025-07-19 07:39:36'),(9,3,'Polyester',1,'2025-07-19 07:39:36','2025-07-19 07:39:36'),(10,3,'Silk',1,'2025-07-19 07:39:36','2025-07-19 07:39:36');
/*!40000 ALTER TABLE `attribute_values` ENABLE KEYS */;
UNLOCK TABLES;

--
-- Table structure for table `attributes`
--

DROP TABLE IF EXISTS `attributes`;
/*!40101 SET @saved_cs_client     = @@character_set_client */;
/*!50503 SET character_set_client = utf8mb4 */;
CREATE TABLE `attributes` (
  `id` int NOT NULL AUTO_INCREMENT,
  `name` varchar(255) CHARACTER SET utf8mb3 COLLATE utf8mb3_unicode_ci DEFAULT NULL,
  `is_active` int NOT NULL DEFAULT '1',
  `created_at` timestamp NOT NULL DEFAULT CURRENT_TIMESTAMP,
  `updated_at` timestamp NOT NULL DEFAULT CURRENT_TIMESTAMP,
  PRIMARY KEY (`id`)
) ENGINE=InnoDB AUTO_INCREMENT=4 DEFAULT CHARSET=utf8mb3 COLLATE=utf8mb3_unicode_ci;
/*!40101 SET character_set_client = @saved_cs_client */;

--
-- Dumping data for table `attributes`
--

LOCK TABLES `attributes` WRITE;
/*!40000 ALTER TABLE `attributes` DISABLE KEYS */;
INSERT INTO `attributes` VALUES (1,'Color',1,'2025-07-19 07:38:39','2025-07-19 07:38:39'),(2,'Size',1,'2025-07-19 07:38:39','2025-07-19 07:38:39'),(3,'Material',1,'2025-07-19 07:38:39','2025-07-19 07:38:39');
/*!40000 ALTER TABLE `attributes` ENABLE KEYS */;
UNLOCK TABLES;

--
-- Table structure for table `banner_translations`
--

DROP TABLE IF EXISTS `banner_translations`;
/*!40101 SET @saved_cs_client     = @@character_set_client */;
/*!50503 SET character_set_client = utf8mb4 */;
CREATE TABLE `banner_translations` (
  `id` bigint unsigned NOT NULL AUTO_INCREMENT,
  `banner_id` bigint unsigned NOT NULL,
  `lang` varchar(5) CHARACTER SET utf8mb4 COLLATE utf8mb4_unicode_ci DEFAULT NULL,
  `image` int DEFAULT NULL,
  `mobile_image` int DEFAULT NULL,
  `title` varchar(191) CHARACTER SET utf8mb4 COLLATE utf8mb4_unicode_ci DEFAULT NULL,
  `sub_title` varchar(191) CHARACTER SET utf8mb4 COLLATE utf8mb4_unicode_ci DEFAULT NULL,
  `btn_text` varchar(191) CHARACTER SET utf8mb4 COLLATE utf8mb4_unicode_ci DEFAULT NULL,
  `created_at` timestamp NULL DEFAULT NULL,
  `updated_at` timestamp NULL DEFAULT NULL,
  PRIMARY KEY (`id`),
  KEY `banner_id` (`banner_id`),
  KEY `image` (`image`),
  KEY `mobile_image` (`mobile_image`),
  CONSTRAINT `banner_translations_ibfk_1` FOREIGN KEY (`banner_id`) REFERENCES `banners` (`id`) ON DELETE CASCADE,
  CONSTRAINT `banner_translations_ibfk_2` FOREIGN KEY (`image`) REFERENCES `uploads` (`id`) ON DELETE CASCADE,
  CONSTRAINT `banner_translations_ibfk_3` FOREIGN KEY (`mobile_image`) REFERENCES `uploads` (`id`) ON DELETE CASCADE
) ENGINE=InnoDB DEFAULT CHARSET=utf8mb4 COLLATE=utf8mb4_unicode_ci;
/*!40101 SET character_set_client = @saved_cs_client */;

--
-- Dumping data for table `banner_translations`
--

LOCK TABLES `banner_translations` WRITE;
/*!40000 ALTER TABLE `banner_translations` DISABLE KEYS */;
/*!40000 ALTER TABLE `banner_translations` ENABLE KEYS */;
UNLOCK TABLES;

--
-- Table structure for table `banners`
--

DROP TABLE IF EXISTS `banners`;
/*!40101 SET @saved_cs_client     = @@character_set_client */;
/*!50503 SET character_set_client = utf8mb4 */;
CREATE TABLE `banners` (
  `id` bigint unsigned NOT NULL AUTO_INCREMENT,
  `name` varchar(191) CHARACTER SET utf8mb4 COLLATE utf8mb4_unicode_ci DEFAULT NULL,
  `link_type` varchar(191) CHARACTER SET utf8mb4 COLLATE utf8mb4_unicode_ci DEFAULT NULL,
  `link_ref` varchar(191) CHARACTER SET utf8mb4 COLLATE utf8mb4_unicode_ci DEFAULT NULL,
  `link_ref_id` int DEFAULT NULL,
  `link` varchar(191) CHARACTER SET utf8mb4 COLLATE utf8mb4_unicode_ci DEFAULT NULL,
  `status` tinyint(1) NOT NULL DEFAULT '1',
  `created_at` timestamp NULL DEFAULT NULL,
  `updated_at` timestamp NULL DEFAULT NULL,
  PRIMARY KEY (`id`)
) ENGINE=InnoDB DEFAULT CHARSET=utf8mb4 COLLATE=utf8mb4_unicode_ci;
/*!40101 SET character_set_client = @saved_cs_client */;

--
-- Dumping data for table `banners`
--

LOCK TABLES `banners` WRITE;
/*!40000 ALTER TABLE `banners` DISABLE KEYS */;
/*!40000 ALTER TABLE `banners` ENABLE KEYS */;
UNLOCK TABLES;

--
-- Table structure for table `blogs`
--

DROP TABLE IF EXISTS `blogs`;
/*!40101 SET @saved_cs_client     = @@character_set_client */;
/*!50503 SET character_set_client = utf8mb4 */;
CREATE TABLE `blogs` (
  `id` bigint unsigned NOT NULL AUTO_INCREMENT,
  `slug` varchar(255) CHARACTER SET utf8mb4 COLLATE utf8mb4_unicode_ci DEFAULT NULL,
  `name` varchar(255) CHARACTER SET utf8mb4 COLLATE utf8mb4_unicode_ci DEFAULT NULL,
  `description` longtext CHARACTER SET utf8mb4 COLLATE utf8mb4_unicode_ci,
  `image` varchar(255) CHARACTER SET utf8mb4 COLLATE utf8mb4_unicode_ci DEFAULT NULL,
  `status` tinyint(1) NOT NULL DEFAULT '1',
  `blog_date` date DEFAULT NULL,
  `meta_title` varchar(255) CHARACTER SET utf8mb4 COLLATE utf8mb4_unicode_ci DEFAULT NULL,
  `meta_description` text CHARACTER SET utf8mb4 COLLATE utf8mb4_unicode_ci,
  `og_title` varchar(255) CHARACTER SET utf8mb4 COLLATE utf8mb4_unicode_ci DEFAULT NULL,
  `og_description` text CHARACTER SET utf8mb4 COLLATE utf8mb4_unicode_ci,
  `twitter_title` varchar(255) CHARACTER SET utf8mb4 COLLATE utf8mb4_unicode_ci DEFAULT NULL,
  `twitter_description` text CHARACTER SET utf8mb4 COLLATE utf8mb4_unicode_ci,
  `keywords` text CHARACTER SET utf8mb4 COLLATE utf8mb4_unicode_ci,
  `created_at` timestamp NULL DEFAULT CURRENT_TIMESTAMP,
  `updated_at` timestamp NULL DEFAULT CURRENT_TIMESTAMP ON UPDATE CURRENT_TIMESTAMP,
  PRIMARY KEY (`id`)
) ENGINE=MyISAM AUTO_INCREMENT=13 DEFAULT CHARSET=utf8mb4 COLLATE=utf8mb4_0900_ai_ci;
/*!40101 SET character_set_client = @saved_cs_client */;

--
-- Dumping data for table `blogs`
--

LOCK TABLES `blogs` WRITE;
/*!40000 ALTER TABLE `blogs` DISABLE KEYS */;
INSERT INTO `blogs` VALUES (1,'nest-thermostat-compatibility-guide-uae','Nest Thermostat Compatibility Guide (UAE)','<p style=\"margin-right: 0px; margin-bottom: 20px; margin-left: 0px; padding: 0px; border: 0px; vertical-align: baseline; font-size: 16px; overflow-wrap: break-word; font-family: &quot;Open Sans&quot;; color: rgb(119, 119, 119); line-height: 1.66em;\"><span style=\"margin: 0px; padding: 0px; border: 0px; vertical-align: baseline; font-weight: 700; color: rgb(65, 182, 232);\">Nest Gen3 Thermostat (UAE &amp; U.S versions) general requirements</span></p><ul style=\"margin-right: 0px; margin-bottom: 1em; margin-left: 1.5em; padding: 0px; border: 0px; vertical-align: baseline; list-style-position: initial; list-style-image: initial; color: rgb(119, 119, 119); font-family: &quot;Open Sans&quot;;\"><li style=\"margin: 0px 0px 0px 0.85em; padding: 0px; border: 0px; vertical-align: baseline;\">Nest Thermostats are designed to work with 24V US spec AC systems. They require installation of a conversion kit as well as bypassing of AC control board in order for them to work with 220V UAE AC systems</li><li style=\"margin: 0px 0px 0px 0.85em; padding: 0px; border: 0px; vertical-align: baseline;\">Nest Thermostats can be retrofitted to work on single and 3 fan speed modes</li><li style=\"margin: 0px 0px 0px 0.85em; padding: 0px; border: 0px; vertical-align: baseline;\">Single fan speed mode requires the presence of 4 wires to thermostat location</li><li style=\"margin: 0px 0px 0px 0.85em; padding: 0px; border: 0px; vertical-align: baseline;\">Three fan speed mode requires the presence of 6 wires</li><li style=\"margin: 0px 0px 0px 0.85em; padding: 0px; border: 0px; vertical-align: baseline;\">Thermostat locations with 3 wires, requires the installation of an additional wire saver module to add the 4th wire for single fan speed.</li><li style=\"margin: 0px 0px 0px 0.85em; padding: 0px; border: 0px; vertical-align: baseline;\">Less than 6 wires at a thermostat location requires the pulling of a new set of 6 wire panel cables for three fan speed activation</li><li style=\"margin: 0px 0px 0px 0.85em; padding: 0px; border: 0px; vertical-align: baseline;\">New ACs with inverter compressor or DC current fan motor require different installation method. The process involves installation of a brand specific interface that interprets Nest signal back to the AC control board plus pulling of CAT6 cable.</li><li style=\"margin: 0px 0px 0px 0.85em; padding: 0px; border: 0px; vertical-align: baseline;\">Nest E thermostat can only support one fan speed vs 3 fan speed for the Nest Gen3</li></ul><p style=\"margin-right: 0px; margin-bottom: 20px; margin-left: 0px; padding: 0px; border: 0px; vertical-align: baseline; font-size: 16px; overflow-wrap: break-word; font-family: &quot;Open Sans&quot;; color: rgb(119, 119, 119); line-height: 1.66em;\"><span style=\"margin: 0px; padding: 0px; border: 0px; vertical-align: baseline; font-weight: 700; color: rgb(65, 182, 232);\">Non-compatibility: cases where Nest cannot be installed</span></p><ul style=\"margin-right: 0px; margin-bottom: 1em; margin-left: 1.5em; padding: 0px; border: 0px; vertical-align: baseline; list-style-position: initial; list-style-image: initial; color: rgb(119, 119, 119); font-family: &quot;Open Sans&quot;;\"><li style=\"margin: 0px 0px 0px 0.85em; padding: 0px; border: 0px; vertical-align: baseline;\">Window type AC units</li><li style=\"margin: 0px 0px 0px 0.85em; padding: 0px; border: 0px; vertical-align: baseline;\">VRV type ACs</li><li style=\"margin: 0px 0px 0px 0.85em; padding: 0px; border: 0px; vertical-align: baseline;\">Where ACs are connected to a BMS or wired smart home system</li><li style=\"margin: 0px 0px 0px 0.85em; padding: 0px; border: 0px; vertical-align: baseline;\">Chilled water systems with modulating actuator motor (1-10v). These require replacement of actuator with on/off model</li><li style=\"margin: 0px 0px 0px 0.85em; padding: 0px; border: 0px; vertical-align: baseline;\">UK and European spec Nest thermostats are designed to work with boilers and water heaters and are not configured to work with AC systems</li></ul><p style=\"margin-right: 0px; margin-bottom: 20px; margin-left: 0px; padding: 0px; border: 0px; vertical-align: baseline; font-size: 16px; overflow-wrap: break-word; font-family: &quot;Open Sans&quot;; color: rgb(119, 119, 119); line-height: 1.66em;\"><span style=\"margin: 0px; padding: 0px; border: 0px; vertical-align: baseline; font-weight: 700; color: rgb(65, 182, 232);\">Specific compatibility guidelines</span><br><em style=\"margin: 0px; padding: 0px; border: 0px; vertical-align: baseline;\">Apartments:</em></p><ul style=\"margin-right: 0px; margin-bottom: 1em; margin-left: 1.5em; padding: 0px; border: 0px; vertical-align: baseline; list-style-position: initial; list-style-image: initial; color: rgb(119, 119, 119); font-family: &quot;Open Sans&quot;;\"><li style=\"margin: 0px 0px 0px 0.85em; padding: 0px; border: 0px; vertical-align: baseline;\">As a general rule, apartments located within towers are typically served by a central chiller, as such would have 6 wires</li><li style=\"margin: 0px 0px 0px 0.85em; padding: 0px; border: 0px; vertical-align: baseline;\">In some newly build apartments with modulating actuator motors, there would a requirement to replace actuator motors with standard on/off models. This can only be established post inspection. Cost of actuators motors varies between AED 350-500 per unit. In very rare cases, valve assembly would also have to be replaced (cost AED 1500 per unit)</li></ul><p style=\"margin-right: 0px; margin-bottom: 20px; margin-left: 0px; padding: 0px; border: 0px; vertical-align: baseline; font-size: 16px; overflow-wrap: break-word; font-family: &quot;Open Sans&quot;; color: rgb(119, 119, 119); line-height: 1.66em;\"><em style=\"margin: 0px; padding: 0px; border: 0px; vertical-align: baseline;\">District cooling:</em></p><ul style=\"margin-right: 0px; margin-bottom: 1em; margin-left: 1.5em; padding: 0px; border: 0px; vertical-align: baseline; list-style-position: initial; list-style-image: initial; color: rgb(119, 119, 119); font-family: &quot;Open Sans&quot;;\"><li style=\"margin: 0px 0px 0px 0.85em; padding: 0px; border: 0px; vertical-align: baseline;\">AC units within areas with district cooling such as the Palm, Jumeirah Islands, JLT, Motor City and Sports City would have thermostats with 6 wires</li></ul><p style=\"margin-right: 0px; margin-bottom: 20px; margin-left: 0px; padding: 0px; border: 0px; vertical-align: baseline; font-size: 16px; overflow-wrap: break-word; font-family: &quot;Open Sans&quot;; color: rgb(119, 119, 119); line-height: 1.66em;\"><em style=\"margin: 0px; padding: 0px; border: 0px; vertical-align: baseline;\">Villas: (in non district cooling areas)</em><br>a) LG:</p><ul style=\"margin-right: 0px; margin-bottom: 1em; margin-left: 1.5em; padding: 0px; border: 0px; vertical-align: baseline; list-style-position: initial; list-style-image: initial; color: rgb(119, 119, 119); font-family: &quot;Open Sans&quot;;\"><li style=\"margin: 0px 0px 0px 0.85em; padding: 0px; border: 0px; vertical-align: baseline;\">Found in majority of Emaar villas across Springs, Meadows and Arabian Ranches as well as Al Furjan</li><li style=\"margin: 0px 0px 0px 0.85em; padding: 0px; border: 0px; vertical-align: baseline;\">All units have 3 wires to thermostat location</li><li style=\"margin: 0px 0px 0px 0.85em; padding: 0px; border: 0px; vertical-align: baseline;\">Requires installation of an additional module (add 4th wire) for single fan speed</li><li style=\"margin: 0px 0px 0px 0.85em; padding: 0px; border: 0px; vertical-align: baseline;\">Three fan speed requires pulling of 6 wires. Smaller capacity units have single stage fan that requires installation of fan transformer (AED 390)</li><li style=\"margin: 0px 0px 0px 0.85em; padding: 0px; border: 0px; vertical-align: baseline;\">Installation of Nest thermostat on new LG ACs with modulating compressor and DC fan motor is not yet supported.</li></ul><p style=\"margin-right: 0px; margin-bottom: 20px; margin-left: 0px; padding: 0px; border: 0px; vertical-align: baseline; font-size: 16px; overflow-wrap: break-word; font-family: &quot;Open Sans&quot;; color: rgb(119, 119, 119); line-height: 1.66em;\">b) OGeneral:</p><ul style=\"margin-right: 0px; margin-bottom: 1em; margin-left: 1.5em; padding: 0px; border: 0px; vertical-align: baseline; list-style-position: initial; list-style-image: initial; color: rgb(119, 119, 119); font-family: &quot;Open Sans&quot;;\"><li style=\"margin: 0px 0px 0px 0.85em; padding: 0px; border: 0px; vertical-align: baseline;\">Found in many Emaar villa communities.</li><li style=\"margin: 0px 0px 0px 0.85em; padding: 0px; border: 0px; vertical-align: baseline;\">All units have 3 wires to thermostat</li><li style=\"margin: 0px 0px 0px 0.85em; padding: 0px; border: 0px; vertical-align: baseline;\">Requires installation of an additional wire saver module that provides 4th wire for single fan speed.</li><li style=\"margin: 0px 0px 0px 0.85em; padding: 0px; border: 0px; vertical-align: baseline;\">Three fan speed installation requires pulling of new 6 wire cables</li><li style=\"margin: 0px 0px 0px 0.85em; padding: 0px; border: 0px; vertical-align: baseline;\">New OGeneral ACs with modulating compressor and DC fan motor. Require installation of a bespoke Nest interface/module approx cost (AED 900) per module</li></ul><p style=\"margin-right: 0px; margin-bottom: 20px; margin-left: 0px; padding: 0px; border: 0px; vertical-align: baseline; font-size: 16px; overflow-wrap: break-word; font-family: &quot;Open Sans&quot;; color: rgb(119, 119, 119); line-height: 1.66em;\">c) York &amp; Daikin:</p><ul style=\"margin-right: 0px; margin-bottom: 1em; margin-left: 1.5em; padding: 0px; border: 0px; vertical-align: baseline; list-style-position: initial; list-style-image: initial; color: rgb(119, 119, 119); font-family: &quot;Open Sans&quot;;\"><li style=\"margin: 0px 0px 0px 0.85em; padding: 0px; border: 0px; vertical-align: baseline;\">Both York and Daikin units would have 4 wires through to thermostat location</li><li style=\"margin: 0px 0px 0px 0.85em; padding: 0px; border: 0px; vertical-align: baseline;\">York prevalent in The Villa project. Daikin is installed in all Arabian Ranches 2 communities</li></ul><p style=\"margin-right: 0px; margin-bottom: 20px; margin-left: 0px; padding: 0px; border: 0px; vertical-align: baseline; font-size: 16px; overflow-wrap: break-word; font-family: &quot;Open Sans&quot;; color: rgb(119, 119, 119); line-height: 1.66em;\">d) Trane:</p><ul style=\"margin-right: 0px; margin-bottom: 1em; margin-left: 1.5em; padding: 0px; border: 0px; vertical-align: baseline; list-style-position: initial; list-style-image: initial; color: rgb(119, 119, 119); font-family: &quot;Open Sans&quot;;\"><li style=\"margin: 0px 0px 0px 0.85em; padding: 0px; border: 0px; vertical-align: baseline;\">Older units would have 8 wires through to thermostat location</li><li style=\"margin: 0px 0px 0px 0.85em; padding: 0px; border: 0px; vertical-align: baseline;\">Newer units with LCD type thermostat would have 2 wires going to thermostat location</li><li style=\"margin: 0px 0px 0px 0.85em; padding: 0px; border: 0px; vertical-align: baseline;\">Prevalent in Jumeirah Park and other Nakheel communities</li></ul><p style=\"margin-right: 0px; margin-bottom: 20px; margin-left: 0px; padding: 0px; border: 0px; vertical-align: baseline; font-size: 16px; overflow-wrap: break-word; font-family: &quot;Open Sans&quot;; color: rgb(119, 119, 119); line-height: 1.66em;\">e) Carrier:</p><ul style=\"margin-right: 0px; margin-bottom: 1em; margin-left: 1.5em; padding: 0px; border: 0px; vertical-align: baseline; list-style-position: initial; list-style-image: initial; color: rgb(119, 119, 119); font-family: &quot;Open Sans&quot;;\"><li style=\"margin: 0px 0px 0px 0.85em; padding: 0px; border: 0px; vertical-align: baseline;\">Mexican spec : 4 wires</li><li style=\"margin: 0px 0px 0px 0.85em; padding: 0px; border: 0px; vertical-align: baseline;\">Egyptian spec: 5 wires (found in Damac Hills), requires wire saver for 3 fan speed.</li><li style=\"margin: 0px 0px 0px 0.85em; padding: 0px; border: 0px; vertical-align: baseline;\">Egyptian spec: 4 wires (found in Arabella Mudon), ACs have inverter compressor and DC fan motors. Requires interface module.</li></ul><p style=\"margin-right: 0px; margin-bottom: 20px; margin-left: 0px; padding: 0px; border: 0px; vertical-align: baseline; font-size: 16px; overflow-wrap: break-word; font-family: &quot;Open Sans&quot;; color: rgb(119, 119, 119); line-height: 1.66em;\">f) Midea:</p><ul style=\"margin-right: 0px; margin-bottom: 1em; margin-left: 1.5em; padding: 0px; border: 0px; vertical-align: baseline; list-style-position: initial; list-style-image: initial; color: rgb(119, 119, 119); font-family: &quot;Open Sans&quot;;\"><li style=\"margin: 0px 0px 0px 0.85em; padding: 0px; border: 0px; vertical-align: baseline;\">Found in Mira Oasis and Maple Villas in Dubai Hills</li><li style=\"margin: 0px 0px 0px 0.85em; padding: 0px; border: 0px; vertical-align: baseline;\">Units on ground floor are standard 5 wire AC current fan motor. Requires wire saver for 3 fan speed operation</li><li style=\"margin: 0px 0px 0px 0.85em; padding: 0px; border: 0px; vertical-align: baseline;\">Units found on first floor are inverter compressor/DC current fan motor. These require pulling of CAT6 cable and installation of interface module</li></ul><p style=\"margin-right: 0px; margin-bottom: 20px; margin-left: 0px; padding: 0px; border: 0px; vertical-align: baseline; font-size: 16px; overflow-wrap: break-word; font-family: &quot;Open Sans&quot;; color: rgb(119, 119, 119); line-height: 1.66em;\">g) Samsung:</p><ul style=\"margin-right: 0px; margin-bottom: 1em; margin-left: 1.5em; padding: 0px; border: 0px; vertical-align: baseline; list-style-position: initial; list-style-image: initial; color: rgb(119, 119, 119); font-family: &quot;Open Sans&quot;;\"><li style=\"margin: 0px 0px 0px 0.85em; padding: 0px; border: 0px; vertical-align: baseline;\">Comes in two variants 4 wire AC fan motor (Legends Villas) and 2 wire inverter compressor (Sidra, Dubai Hills)</li><li style=\"margin: 0px 0px 0px 0.85em; padding: 0px; border: 0px; vertical-align: baseline;\">Samsung ACs in Sidra require specific interface (AED 950) pulling of 6 new wire cable and installation of conversion box</li></ul><p style=\"margin-right: 0px; margin-bottom: 20px; margin-left: 0px; padding: 0px; border: 0px; vertical-align: baseline; font-size: 16px; overflow-wrap: break-word; font-family: &quot;Open Sans&quot;; color: rgb(119, 119, 119); line-height: 1.66em;\">h) Rheem : 6 wires found in Mira and 5 wires found in Lantana. ACs in Lantana can only support 2 fan speed as medium and high speeds are looped on AC.</p><p style=\"margin-right: 0px; margin-bottom: 20px; margin-left: 0px; padding: 0px; border: 0px; vertical-align: baseline; font-size: 16px; overflow-wrap: break-word; font-family: &quot;Open Sans&quot;; color: rgb(119, 119, 119); line-height: 1.66em;\">i) American breeze: 6 wires found in some older Emaar villas in Meadows and Lakes as well as Jumeirah Islands</p><p style=\"margin-right: 0px; margin-bottom: 20px; margin-left: 0px; padding: 0px; border: 0px; vertical-align: baseline; font-size: 16px; overflow-wrap: break-word; font-family: &quot;Open Sans&quot;; color: rgb(119, 119, 119); line-height: 1.66em;\">j) Mitsubishi: All Mitsubishi units require pulling of new wires as well as installation of an interface (provided CN90 connector is present on PCB). Found in older villas of non-free hold communities</p><p style=\"margin-right: 0px; margin-bottom: 20px; margin-left: 0px; padding: 0px; border: 0px; vertical-align: baseline; font-size: 16px; overflow-wrap: break-word; font-family: &quot;Open Sans&quot;; color: rgb(119, 119, 119); line-height: 1.66em;\">k) Honeywell: Very rarely installed in villas. Would typically have 6 wires</p><p style=\"margin-right: 0px; margin-bottom: 20px; margin-left: 0px; padding: 0px; border: 0px; vertical-align: baseline; font-size: 16px; overflow-wrap: break-word; font-family: &quot;Open Sans&quot;; color: rgb(119, 119, 119); line-height: 1.66em;\">l) Trane: 8 wires, found in some Jumeirah Park villas. Villas in newer districts would have 2 wire Trane AC in which case new 6 wire cable have to be pulled</p>','16',1,NULL,NULL,NULL,NULL,NULL,NULL,NULL,NULL,'2025-02-17 07:48:01','2025-02-17 07:48:01'),(2,'homeiq-becomes-first-nest-pro-installer-in-the-region','HomeIQ becomes first Nest PRO installer in the region','<div class=\"mk-text-block  true\" style=\"margin: 0px; padding: 0px; border: 0px; vertical-align: baseline; color: rgb(119, 119, 119); font-family: &quot;Open Sans&quot;;\"><p style=\"margin-right: 0px; margin-bottom: 20px; margin-left: 0px; padding: 0px; border: 0px; vertical-align: baseline; font-size: 16px; overflow-wrap: break-word; line-height: 1.66em;\">HomeIQ today announced that it has received its Nest PRO certification making the first company in the region to achieve the accolade.</p><p style=\"margin-right: 0px; margin-bottom: 20px; margin-left: 0px; padding: 0px; border: 0px; vertical-align: baseline; font-size: 16px; overflow-wrap: break-word; line-height: 1.66em;\">Nest PRO is Nest Labs’ program that enables home automation professionals to install Nest’s roster of smart home products such as Nest Learning Thermostats, Nest Cam Indoor and Outdoor security cameras, and Nest Protect smoke and carbon monoxide (CO)</p><div class=\"clearboth\" style=\"margin: 0px; padding: 0px; border: 0px; vertical-align: baseline; visibility: hidden; clear: both; overflow: hidden; width: 0px; height: 0px;\"></div></div><div id=\"blockquote-67b31ad3c5c77\" class=\"mk-shortcode mk-blockquote line-style \" style=\"margin: 0px 0px 20px; padding: 10px 10px 10px 40px; border-width: 0px 0px 0px 2px; border-top-style: initial; border-right-style: initial; border-bottom-style: initial; border-left-style: solid; border-image: initial; vertical-align: baseline; font-size: 16px; position: relative; line-height: 24px; color: rgb(119, 119, 119); font-family: &quot;Open Sans&quot;; border-color: rgb(65, 182, 232) !important;\">As a verified Nest Pro installer, our team have the tools and training necessary to install all Nest products into your home of office giving you the peace of mind knowing they’re installed properly and ensure that your expectations are not only met but exceeded.</div><div class=\"mk-text-block  true\" style=\"margin: 0px; padding: 0px; border: 0px; vertical-align: baseline; color: rgb(119, 119, 119); font-family: &quot;Open Sans&quot;;\"><p style=\"margin-right: 0px; margin-bottom: 20px; margin-left: 0px; padding: 0px; border: 0px; vertical-align: baseline; font-size: 16px; overflow-wrap: break-word; line-height: 1.66em;\">HomeIQ Managing Director, Omar Saudi said “Over the years we have sold and installed thousands of Nest thermostats, protect alarms and indoor cameras all across the UAE. The certification provides customers with the peace of mind knowing that their Nest product will be installed correctly and is testament to our high level of expertise in these products, which is second to none. We sincerely value the trust that Nest and its local distributor has placed in us”.</p><p style=\"margin-right: 0px; margin-bottom: 20px; margin-left: 0px; padding: 0px; border: 0px; vertical-align: baseline; font-size: 16px; overflow-wrap: break-word; line-height: 1.66em;\">Verified Nest PRO technicians receive special training and support from Nest on all existing and new products. The installations are also guaranteed and are provided at a fixed cost with no hidden extras. Professional technicians are also guaranteed to leave your property clean and tidy as if we were never there.</p></div>','17',1,'2018-09-19',NULL,NULL,NULL,NULL,NULL,NULL,NULL,'2025-02-17 08:09:05','2025-02-17 08:09:05'),(3,'blog-1-2','Blog 1','<p style=\"margin-right: 0px; margin-bottom: 15px; margin-left: 0px; padding: 0px; text-align: justify; font-family: &quot;Open Sans&quot;, Arial, sans-serif;\">Lorem ipsum dolor sit amet, consectetur adipiscing elit. Fusce ultrices rhoncus nisi, at aliquet enim pretium vel. Quisque eu tincidunt felis. Sed et aliquet ex. Morbi turpis nibh, laoreet non tortor id, consequat porta nisi. Mauris ullamcorper posuere dui ut tincidunt. Integer sed nunc fermentum, consequat magna non, laoreet nisi. Suspendisse egestas finibus mollis. Maecenas placerat velit ut velit ornare, eu sagittis libero mattis. In mattis magna nec est facilisis mattis. Nam felis ex, cursus vel volutpat sed, sollicitudin ultrices orci. Nullam euismod augue velit, quis tempus sem tincidunt ut. Proin lobortis cursus purus vel laoreet. Sed quam nisl, ullamcorper nec nunc quis, laoreet congue arcu. Morbi consequat tristique mi id porttitor. In efficitur nec nisi in lobortis. Phasellus at tellus eu tellus hendrerit mattis.</p><p style=\"margin-right: 0px; margin-bottom: 15px; margin-left: 0px; padding: 0px; text-align: justify; font-family: &quot;Open Sans&quot;, Arial, sans-serif;\">In vel libero velit. Etiam ut nulla vestibulum, pharetra orci sed, elementum elit. Integer fringilla, arcu et mollis finibus, arcu nunc dictum arcu, ut bibendum diam tortor et odio. Aenean laoreet lobortis suscipit. Nullam ac aliquet nunc. Suspendisse quis nulla tellus. Pellentesque semper nulla sit amet efficitur bibendum. Donec facilisis dolor dolor, sed auctor urna varius vel. Aliquam at maximus erat. Vivamus pulvinar quis lacus sit amet mollis.</p><p style=\"margin-right: 0px; margin-bottom: 15px; margin-left: 0px; padding: 0px; text-align: justify; font-family: &quot;Open Sans&quot;, Arial, sans-serif;\">Nam eget posuere nibh. Fusce tempor dui eget finibus luctus. Nulla convallis justo id ante vehicula, et tincidunt lacus condimentum. Nullam tristique elit sapien, a iaculis nisi accumsan quis. Donec posuere mollis condimentum. Donec gravida quis ligula sed aliquet. Nullam risus odio, volutpat vel augue nec, tempor iaculis augue. Nullam tincidunt libero vel nulla commodo eleifend. Etiam pulvinar mattis commodo. Suspendisse vel fringilla ipsum. Praesent nec massa lorem.</p><p style=\"margin-right: 0px; margin-bottom: 15px; margin-left: 0px; padding: 0px; text-align: justify; font-family: &quot;Open Sans&quot;, Arial, sans-serif;\">Praesent id dui quis metus consequat molestie vel nec erat. Sed mauris enim, facilisis a turpis sed, dapibus venenatis turpis. Pellentesque luctus iaculis orci vel varius. Ut consequat nulla ut enim ultrices molestie. Lorem ipsum dolor sit amet, consectetur adipiscing elit. Mauris gravida lectus sagittis lacus ultricies volutpat. Aenean porta varius sapien. Nullam diam mi, luctus nec turpis ut, consequat semper magna. Aliquam volutpat lectus quam, eget lacinia justo rhoncus id. Sed venenatis accumsan enim ut laoreet. Donec dictum in turpis nec sollicitudin. Proin a enim eget est scelerisque scelerisque eget non lorem. Aenean varius molestie sem, vitae vulputate eros rhoncus eget.</p><p style=\"margin-right: 0px; margin-bottom: 15px; margin-left: 0px; padding: 0px; text-align: justify; font-family: &quot;Open Sans&quot;, Arial, sans-serif;\">Donec eget leo egestas, rhoncus sapien rhoncus, iaculis magna. Nulla ullamcorper mattis tincidunt. Curabitur ac semper lacus. Fusce faucibus accumsan commodo. Nulla tortor augue, malesuada elementum mi in, porttitor pretium ligula. Etiam eu nibh dictum, posuere ipsum vel, aliquet tortor. Aenean fringilla blandit felis in tempus. Praesent interdum ultrices porta. Curabitur porta tortor nec magna eleifend aliquet. Nulla facilisi. Integer vitae elit nec lectus dapibus varius ac ut nibh. Proin non tempus urna, sit amet volutpat dui.</p><p style=\"margin-right: 0px; margin-bottom: 15px; margin-left: 0px; padding: 0px; text-align: justify; font-family: &quot;Open Sans&quot;, Arial, sans-serif;\">Fusce nec urna nibh. Duis vulputate aliquam fermentum. In in accumsan tortor. Phasellus rutrum fermentum lorem ut luctus. Sed feugiat nulla non nisi tincidunt, ut commodo est bibendum. Nullam vestibulum ut sem sit amet hendrerit. Cras imperdiet pharetra nisl sed tincidunt. Cras sed condimentum dolor. Aliquam erat volutpat. Donec eget cursus eros. Maecenas non quam ac dui lacinia sodales ut ut nisl. Nulla vitae sagittis orci. Mauris erat nisl, vulputate vel tellus a, feugiat euismod erat.</p><p style=\"margin-right: 0px; margin-bottom: 15px; margin-left: 0px; padding: 0px; text-align: justify; font-family: &quot;Open Sans&quot;, Arial, sans-serif;\">Donec nec tincidunt ligula. Proin id elit id lorem fermentum dapibus eget nec justo. Nulla eu purus nunc. Nulla mauris orci, fringilla vel viverra quis, tincidunt vel sem. Nam finibus tortor massa, in vehicula urna euismod quis. Praesent eleifend interdum quam, porta maximus orci aliquet nec. Donec ipsum purus, porttitor et magna in, porta suscipit nibh. Integer cursus mi justo, eu aliquet nisl finibus non. In luctus massa a mi faucibus malesuada. Suspendisse potenti. Vivamus viverra sit amet quam eget sollicitudin. Fusce vulputate tellus maximus lacus lobortis, id dapibus orci aliquam. Duis enim mi, rhoncus ac dapibus ullamcorper, ultricies congue risus.</p><p style=\"margin-right: 0px; margin-bottom: 15px; margin-left: 0px; padding: 0px; text-align: justify; font-family: &quot;Open Sans&quot;, Arial, sans-serif;\">Praesent id scelerisque augue. Vestibulum non ipsum augue. Quisque ipsum ipsum, condimentum non lacus lobortis, ultrices viverra odio. Fusce auctor dui lorem, sit amet bibendum diam ornare a. Pellentesque quis nunc tempor, interdum erat vulputate, efficitur mauris. Aenean suscipit turpis in tristique viverra. Ut sed scelerisque augue. Maecenas consectetur arcu non urna pretium auctor. Etiam congue posuere congue. Aliquam in facilisis dolor, in pellentesque lacus. In hac habitasse platea dictumst. Quisque aliquet et est a dapibus. Donec ornare ex velit, nec ullamcorper dolor ultrices nec. In semper turpis eget sagittis convallis. In dapibus pellentesque mi, ut vulputate enim.</p><p style=\"margin-right: 0px; margin-bottom: 15px; margin-left: 0px; padding: 0px; text-align: justify; font-family: &quot;Open Sans&quot;, Arial, sans-serif;\">Praesent ornare sem sed fringilla cursus. Cras eget egestas tellus, eget rutrum augue. Pellentesque laoreet ultrices libero, a condimentum dolor consectetur sit amet. Nulla imperdiet nisl enim, ut mattis libero condimentum sed. Donec ac leo fermentum, rutrum neque ac, sodales lacus. Curabitur porttitor justo et tristique imperdiet. Proin venenatis urna quis purus ullamcorper, vel accumsan quam commodo. Ut sed egestas magna, non pulvinar enim. Phasellus ac augue ultrices, cursus ligula pretium, dignissim sapien. Maecenas sagittis arcu quis eros posuere, eu suscipit elit rhoncus. Suspendisse eleifend quam a metus maximus, in ultricies eros faucibus. Mauris dapibus nisl dui, vel tristique turpis tempus id. Mauris consectetur nibh id tortor elementum, et feugiat ante interdum. Integer tristique odio sed purus malesuada sodales et et nisl.</p><p style=\"margin-right: 0px; margin-bottom: 15px; margin-left: 0px; padding: 0px; text-align: justify; font-family: &quot;Open Sans&quot;, Arial, sans-serif;\">Aenean posuere vehicula erat, non laoreet dui fringilla quis. Quisque sapien nunc, finibus sit amet fringilla vitae, consequat sagittis velit. Phasellus faucibus ac ex sit amet accumsan. Vestibulum eget erat dui. Etiam eleifend accumsan neque, quis mattis mauris imperdiet vel. Etiam mauris libero, eleifend ac malesuada quis, aliquet sed erat. Vivamus non malesuada tellus.</p>','31',1,'2025-03-01','Meta Title','Meta Description','OG Title','OG Description','Twitter Title','Twitter Description','Meta Keywords','2025-03-19 04:04:36','2025-03-19 04:55:00'),(4,'blog-2','Blog 2','<p style=\"margin-right: 0px; margin-bottom: 15px; margin-left: 0px; padding: 0px; text-align: justify; font-family: &quot;Open Sans&quot;, Arial, sans-serif;\">Lorem ipsum dolor sit amet, consectetur adipiscing elit. Fusce ultrices rhoncus nisi, at aliquet enim pretium vel. Quisque eu tincidunt felis. Sed et aliquet ex. Morbi turpis nibh, laoreet non tortor id, consequat porta nisi. Mauris ullamcorper posuere dui ut tincidunt. Integer sed nunc fermentum, consequat magna non, laoreet nisi. Suspendisse egestas finibus mollis. Maecenas placerat velit ut velit ornare, eu sagittis libero mattis. In mattis magna nec est facilisis mattis. Nam felis ex, cursus vel volutpat sed, sollicitudin ultrices orci. Nullam euismod augue velit, quis tempus sem tincidunt ut. Proin lobortis cursus purus vel laoreet. Sed quam nisl, ullamcorper nec nunc quis, laoreet congue arcu. Morbi consequat tristique mi id porttitor. In efficitur nec nisi in lobortis. Phasellus at tellus eu tellus hendrerit mattis.</p><p style=\"margin-right: 0px; margin-bottom: 15px; margin-left: 0px; padding: 0px; text-align: justify; font-family: &quot;Open Sans&quot;, Arial, sans-serif;\">In vel libero velit. Etiam ut nulla vestibulum, pharetra orci sed, elementum elit. Integer fringilla, arcu et mollis finibus, arcu nunc dictum arcu, ut bibendum diam tortor et odio. Aenean laoreet lobortis suscipit. Nullam ac aliquet nunc. Suspendisse quis nulla tellus. Pellentesque semper nulla sit amet efficitur bibendum. Donec facilisis dolor dolor, sed auctor urna varius vel. Aliquam at maximus erat. Vivamus pulvinar quis lacus sit amet mollis.</p><p style=\"margin-right: 0px; margin-bottom: 15px; margin-left: 0px; padding: 0px; text-align: justify; font-family: &quot;Open Sans&quot;, Arial, sans-serif;\">Nam eget posuere nibh. Fusce tempor dui eget finibus luctus. Nulla convallis justo id ante vehicula, et tincidunt lacus condimentum. Nullam tristique elit sapien, a iaculis nisi accumsan quis. Donec posuere mollis condimentum. Donec gravida quis ligula sed aliquet. Nullam risus odio, volutpat vel augue nec, tempor iaculis augue. Nullam tincidunt libero vel nulla commodo eleifend. Etiam pulvinar mattis commodo. Suspendisse vel fringilla ipsum. Praesent nec massa lorem.</p><p style=\"margin-right: 0px; margin-bottom: 15px; margin-left: 0px; padding: 0px; text-align: justify; font-family: &quot;Open Sans&quot;, Arial, sans-serif;\">Praesent id dui quis metus consequat molestie vel nec erat. Sed mauris enim, facilisis a turpis sed, dapibus venenatis turpis. Pellentesque luctus iaculis orci vel varius. Ut consequat nulla ut enim ultrices molestie. Lorem ipsum dolor sit amet, consectetur adipiscing elit. Mauris gravida lectus sagittis lacus ultricies volutpat. Aenean porta varius sapien. Nullam diam mi, luctus nec turpis ut, consequat semper magna. Aliquam volutpat lectus quam, eget lacinia justo rhoncus id. Sed venenatis accumsan enim ut laoreet. Donec dictum in turpis nec sollicitudin. Proin a enim eget est scelerisque scelerisque eget non lorem. Aenean varius molestie sem, vitae vulputate eros rhoncus eget.</p><p style=\"margin-right: 0px; margin-bottom: 15px; margin-left: 0px; padding: 0px; text-align: justify; font-family: &quot;Open Sans&quot;, Arial, sans-serif;\">Donec eget leo egestas, rhoncus sapien rhoncus, iaculis magna. Nulla ullamcorper mattis tincidunt. Curabitur ac semper lacus. Fusce faucibus accumsan commodo. Nulla tortor augue, malesuada elementum mi in, porttitor pretium ligula. Etiam eu nibh dictum, posuere ipsum vel, aliquet tortor. Aenean fringilla blandit felis in tempus. Praesent interdum ultrices porta. Curabitur porta tortor nec magna eleifend aliquet. Nulla facilisi. Integer vitae elit nec lectus dapibus varius ac ut nibh. Proin non tempus urna, sit amet volutpat dui.</p><p style=\"margin-right: 0px; margin-bottom: 15px; margin-left: 0px; padding: 0px; text-align: justify; font-family: &quot;Open Sans&quot;, Arial, sans-serif;\">Fusce nec urna nibh. Duis vulputate aliquam fermentum. In in accumsan tortor. Phasellus rutrum fermentum lorem ut luctus. Sed feugiat nulla non nisi tincidunt, ut commodo est bibendum. Nullam vestibulum ut sem sit amet hendrerit. Cras imperdiet pharetra nisl sed tincidunt. Cras sed condimentum dolor. Aliquam erat volutpat. Donec eget cursus eros. Maecenas non quam ac dui lacinia sodales ut ut nisl. Nulla vitae sagittis orci. Mauris erat nisl, vulputate vel tellus a, feugiat euismod erat.</p><p style=\"margin-right: 0px; margin-bottom: 15px; margin-left: 0px; padding: 0px; text-align: justify; font-family: &quot;Open Sans&quot;, Arial, sans-serif;\">Donec nec tincidunt ligula. Proin id elit id lorem fermentum dapibus eget nec justo. Nulla eu purus nunc. Nulla mauris orci, fringilla vel viverra quis, tincidunt vel sem. Nam finibus tortor massa, in vehicula urna euismod quis. Praesent eleifend interdum quam, porta maximus orci aliquet nec. Donec ipsum purus, porttitor et magna in, porta suscipit nibh. Integer cursus mi justo, eu aliquet nisl finibus non. In luctus massa a mi faucibus malesuada. Suspendisse potenti. Vivamus viverra sit amet quam eget sollicitudin. Fusce vulputate tellus maximus lacus lobortis, id dapibus orci aliquam. Duis enim mi, rhoncus ac dapibus ullamcorper, ultricies congue risus.</p><p style=\"margin-right: 0px; margin-bottom: 15px; margin-left: 0px; padding: 0px; text-align: justify; font-family: &quot;Open Sans&quot;, Arial, sans-serif;\">Praesent id scelerisque augue. Vestibulum non ipsum augue. Quisque ipsum ipsum, condimentum non lacus lobortis, ultrices viverra odio. Fusce auctor dui lorem, sit amet bibendum diam ornare a. Pellentesque quis nunc tempor, interdum erat vulputate, efficitur mauris. Aenean suscipit turpis in tristique viverra. Ut sed scelerisque augue. Maecenas consectetur arcu non urna pretium auctor. Etiam congue posuere congue. Aliquam in facilisis dolor, in pellentesque lacus. In hac habitasse platea dictumst. Quisque aliquet et est a dapibus. Donec ornare ex velit, nec ullamcorper dolor ultrices nec. In semper turpis eget sagittis convallis. In dapibus pellentesque mi, ut vulputate enim.</p><p style=\"margin-right: 0px; margin-bottom: 15px; margin-left: 0px; padding: 0px; text-align: justify; font-family: &quot;Open Sans&quot;, Arial, sans-serif;\">Praesent ornare sem sed fringilla cursus. Cras eget egestas tellus, eget rutrum augue. Pellentesque laoreet ultrices libero, a condimentum dolor consectetur sit amet. Nulla imperdiet nisl enim, ut mattis libero condimentum sed. Donec ac leo fermentum, rutrum neque ac, sodales lacus. Curabitur porttitor justo et tristique imperdiet. Proin venenatis urna quis purus ullamcorper, vel accumsan quam commodo. Ut sed egestas magna, non pulvinar enim. Phasellus ac augue ultrices, cursus ligula pretium, dignissim sapien. Maecenas sagittis arcu quis eros posuere, eu suscipit elit rhoncus. Suspendisse eleifend quam a metus maximus, in ultricies eros faucibus. Mauris dapibus nisl dui, vel tristique turpis tempus id. Mauris consectetur nibh id tortor elementum, et feugiat ante interdum. Integer tristique odio sed purus malesuada sodales et et nisl.</p><p style=\"margin-right: 0px; margin-bottom: 15px; margin-left: 0px; padding: 0px; text-align: justify; font-family: &quot;Open Sans&quot;, Arial, sans-serif;\">Aenean posuere vehicula erat, non laoreet dui fringilla quis. Quisque sapien nunc, finibus sit amet fringilla vitae, consequat sagittis velit. Phasellus faucibus ac ex sit amet accumsan. Vestibulum eget erat dui. Etiam eleifend accumsan neque, quis mattis mauris imperdiet vel. Etiam mauris libero, eleifend ac malesuada quis, aliquet sed erat. Vivamus non malesuada tellus.</p>','30',1,'2025-03-02',NULL,NULL,NULL,NULL,NULL,NULL,NULL,'2025-03-19 04:04:53','2025-03-19 04:04:55'),(5,'blog-3','blog 3','<p style=\"margin-right: 0px; margin-bottom: 15px; margin-left: 0px; padding: 0px; text-align: justify; font-family: &quot;Open Sans&quot;, Arial, sans-serif;\">Fusce nec urna nibh. Duis vulputate aliquam fermentum. In in accumsan tortor. Phasellus rutrum fermentum lorem ut luctus. Sed feugiat nulla non nisi tincidunt, ut commodo est bibendum. Nullam vestibulum ut sem sit amet hendrerit. Cras imperdiet pharetra nisl sed tincidunt. Cras sed condimentum dolor. Aliquam erat volutpat. Donec eget cursus eros. Maecenas non quam ac dui lacinia sodales ut ut nisl. Nulla vitae sagittis orci. Mauris erat nisl, vulputate vel tellus a, feugiat euismod erat.</p><p style=\"margin-right: 0px; margin-bottom: 15px; margin-left: 0px; padding: 0px; text-align: justify; font-family: &quot;Open Sans&quot;, Arial, sans-serif;\">Donec nec tincidunt ligula. Proin id elit id lorem fermentum dapibus eget nec justo. Nulla eu purus nunc. Nulla mauris orci, fringilla vel viverra quis, tincidunt vel sem. Nam finibus tortor massa, in vehicula urna euismod quis. Praesent eleifend interdum quam, porta maximus orci aliquet nec. Donec ipsum purus, porttitor et magna in, porta suscipit nibh. Integer cursus mi justo, eu aliquet nisl finibus non. In luctus massa a mi faucibus malesuada. Suspendisse potenti. Vivamus viverra sit amet quam eget sollicitudin. Fusce vulputate tellus maximus lacus lobortis, id dapibus orci aliquam. Duis enim mi, rhoncus ac dapibus ullamcorper, ultricies congue risus.</p><p style=\"margin-right: 0px; margin-bottom: 15px; margin-left: 0px; padding: 0px; text-align: justify; font-family: &quot;Open Sans&quot;, Arial, sans-serif;\">Praesent id scelerisque augue. Vestibulum non ipsum augue. Quisque ipsum ipsum, condimentum non lacus lobortis, ultrices viverra odio. Fusce auctor dui lorem, sit amet bibendum diam ornare a. Pellentesque quis nunc tempor, interdum erat vulputate, efficitur mauris. Aenean suscipit turpis in tristique viverra. Ut sed scelerisque augue. Maecenas consectetur arcu non urna pretium auctor. Etiam congue posuere congue. Aliquam in facilisis dolor, in pellentesque lacus. In hac habitasse platea dictumst. Quisque aliquet et est a dapibus. Donec ornare ex velit, nec ullamcorper dolor ultrices nec. In semper turpis eget sagittis convallis. In dapibus pellentesque mi, ut vulputate enim.</p><p style=\"margin-right: 0px; margin-bottom: 15px; margin-left: 0px; padding: 0px; text-align: justify; font-family: &quot;Open Sans&quot;, Arial, sans-serif;\">Praesent ornare sem sed fringilla cursus. Cras eget egestas tellus, eget rutrum augue. Pellentesque laoreet ultrices libero, a condimentum dolor consectetur sit amet. Nulla imperdiet nisl enim, ut mattis libero condimentum sed. Donec ac leo fermentum, rutrum neque ac, sodales lacus. Curabitur porttitor justo et tristique imperdiet. Proin venenatis urna quis purus ullamcorper, vel accumsan quam commodo. Ut sed egestas magna, non pulvinar enim. Phasellus ac augue ultrices, cursus ligula pretium, dignissim sapien. Maecenas sagittis arcu quis eros posuere, eu suscipit elit rhoncus. Suspendisse eleifend quam a metus maximus, in ultricies eros faucibus. Mauris dapibus nisl dui, vel tristique turpis tempus id. Mauris consectetur nibh id tortor elementum, et feugiat ante interdum. Integer tristique odio sed purus malesuada sodales et et nisl.</p>','29',1,'2025-03-04',NULL,NULL,NULL,NULL,NULL,NULL,NULL,'2025-03-19 04:05:21','2025-03-19 04:05:21'),(6,'blog-4','Blog 4','<p style=\"margin-right: 0px; margin-bottom: 15px; margin-left: 0px; padding: 0px; text-align: justify; font-family: &quot;Open Sans&quot;, Arial, sans-serif;\">Fusce nec urna nibh. Duis vulputate aliquam fermentum. In in accumsan tortor. Phasellus rutrum fermentum lorem ut luctus. Sed feugiat nulla non nisi tincidunt, ut commodo est bibendum. Nullam vestibulum ut sem sit amet hendrerit. Cras imperdiet pharetra nisl sed tincidunt. Cras sed condimentum dolor. Aliquam erat volutpat. Donec eget cursus eros. Maecenas non quam ac dui lacinia sodales ut ut nisl. Nulla vitae sagittis orci. Mauris erat nisl, vulputate vel tellus a, feugiat euismod erat.</p><p style=\"margin-right: 0px; margin-bottom: 15px; margin-left: 0px; padding: 0px; text-align: justify; font-family: &quot;Open Sans&quot;, Arial, sans-serif;\">Donec nec tincidunt ligula. Proin id elit id lorem fermentum dapibus eget nec justo. Nulla eu purus nunc. Nulla mauris orci, fringilla vel viverra quis, tincidunt vel sem. Nam finibus tortor massa, in vehicula urna euismod quis. Praesent eleifend interdum quam, porta maximus orci aliquet nec. Donec ipsum purus, porttitor et magna in, porta suscipit nibh. Integer cursus mi justo, eu aliquet nisl finibus non. In luctus massa a mi faucibus malesuada. Suspendisse potenti. Vivamus viverra sit amet quam eget sollicitudin. Fusce vulputate tellus maximus lacus lobortis, id dapibus orci aliquam. Duis enim mi, rhoncus ac dapibus ullamcorper, ultricies congue risus.</p><p style=\"margin-right: 0px; margin-bottom: 15px; margin-left: 0px; padding: 0px; text-align: justify; font-family: &quot;Open Sans&quot;, Arial, sans-serif;\">Praesent id scelerisque augue. Vestibulum non ipsum augue. Quisque ipsum ipsum, condimentum non lacus lobortis, ultrices viverra odio. Fusce auctor dui lorem, sit amet bibendum diam ornare a. Pellentesque quis nunc tempor, interdum erat vulputate, efficitur mauris. Aenean suscipit turpis in tristique viverra. Ut sed scelerisque augue. Maecenas consectetur arcu non urna pretium auctor. Etiam congue posuere congue. Aliquam in facilisis dolor, in pellentesque lacus. In hac habitasse platea dictumst. Quisque aliquet et est a dapibus. Donec ornare ex velit, nec ullamcorper dolor ultrices nec. In semper turpis eget sagittis convallis. In dapibus pellentesque mi, ut vulputate enim.</p><p style=\"margin-right: 0px; margin-bottom: 15px; margin-left: 0px; padding: 0px; text-align: justify; font-family: &quot;Open Sans&quot;, Arial, sans-serif;\">Praesent ornare sem sed fringilla cursus. Cras eget egestas tellus, eget rutrum augue. Pellentesque laoreet ultrices libero, a condimentum dolor consectetur sit amet. Nulla imperdiet nisl enim, ut mattis libero condimentum sed. Donec ac leo fermentum, rutrum neque ac, sodales lacus. Curabitur porttitor justo et tristique imperdiet. Proin venenatis urna quis purus ullamcorper, vel accumsan quam commodo. Ut sed egestas magna, non pulvinar enim. Phasellus ac augue ultrices, cursus ligula pretium, dignissim sapien. Maecenas sagittis arcu quis eros posuere, eu suscipit elit rhoncus. Suspendisse eleifend quam a metus maximus, in ultricies eros faucibus. Mauris dapibus nisl dui, vel tristique turpis tempus id. Mauris consectetur nibh id tortor elementum, et feugiat ante interdum. Integer tristique odio sed purus malesuada sodales et et nisl.</p>','27',1,'2025-03-05',NULL,NULL,NULL,NULL,NULL,NULL,NULL,'2025-03-19 04:05:40','2025-03-19 04:05:40'),(7,'blog-5','Blog 5','<p style=\"margin-right: 0px; margin-bottom: 15px; margin-left: 0px; padding: 0px; text-align: justify; font-family: &quot;Open Sans&quot;, Arial, sans-serif;\">Fusce nec urna nibh. Duis vulputate aliquam fermentum. In in accumsan tortor. Phasellus rutrum fermentum lorem ut luctus. Sed feugiat nulla non nisi tincidunt, ut commodo est bibendum. Nullam vestibulum ut sem sit amet hendrerit. Cras imperdiet pharetra nisl sed tincidunt. Cras sed condimentum dolor. Aliquam erat volutpat. Donec eget cursus eros. Maecenas non quam ac dui lacinia sodales ut ut nisl. Nulla vitae sagittis orci. Mauris erat nisl, vulputate vel tellus a, feugiat euismod erat.</p><p style=\"margin-right: 0px; margin-bottom: 15px; margin-left: 0px; padding: 0px; text-align: justify; font-family: &quot;Open Sans&quot;, Arial, sans-serif;\">Donec nec tincidunt ligula. Proin id elit id lorem fermentum dapibus eget nec justo. Nulla eu purus nunc. Nulla mauris orci, fringilla vel viverra quis, tincidunt vel sem. Nam finibus tortor massa, in vehicula urna euismod quis. Praesent eleifend interdum quam, porta maximus orci aliquet nec. Donec ipsum purus, porttitor et magna in, porta suscipit nibh. Integer cursus mi justo, eu aliquet nisl finibus non. In luctus massa a mi faucibus malesuada. Suspendisse potenti. Vivamus viverra sit amet quam eget sollicitudin. Fusce vulputate tellus maximus lacus lobortis, id dapibus orci aliquam. Duis enim mi, rhoncus ac dapibus ullamcorper, ultricies congue risus.</p><p style=\"margin-right: 0px; margin-bottom: 15px; margin-left: 0px; padding: 0px; text-align: justify; font-family: &quot;Open Sans&quot;, Arial, sans-serif;\">Praesent id scelerisque augue. Vestibulum non ipsum augue. Quisque ipsum ipsum, condimentum non lacus lobortis, ultrices viverra odio. Fusce auctor dui lorem, sit amet bibendum diam ornare a. Pellentesque quis nunc tempor, interdum erat vulputate, efficitur mauris. Aenean suscipit turpis in tristique viverra. Ut sed scelerisque augue. Maecenas consectetur arcu non urna pretium auctor. Etiam congue posuere congue. Aliquam in facilisis dolor, in pellentesque lacus. In hac habitasse platea dictumst. Quisque aliquet et est a dapibus. Donec ornare ex velit, nec ullamcorper dolor ultrices nec. In semper turpis eget sagittis convallis. In dapibus pellentesque mi, ut vulputate enim.</p><p style=\"margin-right: 0px; margin-bottom: 15px; margin-left: 0px; padding: 0px; text-align: justify; font-family: &quot;Open Sans&quot;, Arial, sans-serif;\">Praesent ornare sem sed fringilla cursus. Cras eget egestas tellus, eget rutrum augue. Pellentesque laoreet ultrices libero, a condimentum dolor consectetur sit amet. Nulla imperdiet nisl enim, ut mattis libero condimentum sed. Donec ac leo fermentum, rutrum neque ac, sodales lacus. Curabitur porttitor justo et tristique imperdiet. Proin venenatis urna quis purus ullamcorper, vel accumsan quam commodo. Ut sed egestas magna, non pulvinar enim. Phasellus ac augue ultrices, cursus ligula pretium, dignissim sapien. Maecenas sagittis arcu quis eros posuere, eu suscipit elit rhoncus. Suspendisse eleifend quam a metus maximus, in ultricies eros faucibus. Mauris dapibus nisl dui, vel tristique turpis tempus id. Mauris consectetur nibh id tortor elementum, et feugiat ante interdum. Integer tristique odio sed purus malesuada sodales et et nisl.</p>','26',1,'2025-03-06',NULL,NULL,NULL,NULL,NULL,NULL,NULL,'2025-03-19 04:06:38','2025-03-19 04:06:38'),(8,'blog-6','Blog 6','<p style=\"margin-right: 0px; margin-bottom: 15px; margin-left: 0px; padding: 0px; text-align: justify; font-family: &quot;Open Sans&quot;, Arial, sans-serif;\">Fusce nec urna nibh. Duis vulputate aliquam fermentum. In in accumsan tortor. Phasellus rutrum fermentum lorem ut luctus. Sed feugiat nulla non nisi tincidunt, ut commodo est bibendum. Nullam vestibulum ut sem sit amet hendrerit. Cras imperdiet pharetra nisl sed tincidunt. Cras sed condimentum dolor. Aliquam erat volutpat. Donec eget cursus eros. Maecenas non quam ac dui lacinia sodales ut ut nisl. Nulla vitae sagittis orci. Mauris erat nisl, vulputate vel tellus a, feugiat euismod erat.</p><p style=\"margin-right: 0px; margin-bottom: 15px; margin-left: 0px; padding: 0px; text-align: justify; font-family: &quot;Open Sans&quot;, Arial, sans-serif;\">Donec nec tincidunt ligula. Proin id elit id lorem fermentum dapibus eget nec justo. Nulla eu purus nunc. Nulla mauris orci, fringilla vel viverra quis, tincidunt vel sem. Nam finibus tortor massa, in vehicula urna euismod quis. Praesent eleifend interdum quam, porta maximus orci aliquet nec. Donec ipsum purus, porttitor et magna in, porta suscipit nibh. Integer cursus mi justo, eu aliquet nisl finibus non. In luctus massa a mi faucibus malesuada. Suspendisse potenti. Vivamus viverra sit amet quam eget sollicitudin. Fusce vulputate tellus maximus lacus lobortis, id dapibus orci aliquam. Duis enim mi, rhoncus ac dapibus ullamcorper, ultricies congue risus.</p><p style=\"margin-right: 0px; margin-bottom: 15px; margin-left: 0px; padding: 0px; text-align: justify; font-family: &quot;Open Sans&quot;, Arial, sans-serif;\">Praesent id scelerisque augue. Vestibulum non ipsum augue. Quisque ipsum ipsum, condimentum non lacus lobortis, ultrices viverra odio. Fusce auctor dui lorem, sit amet bibendum diam ornare a. Pellentesque quis nunc tempor, interdum erat vulputate, efficitur mauris. Aenean suscipit turpis in tristique viverra. Ut sed scelerisque augue. Maecenas consectetur arcu non urna pretium auctor. Etiam congue posuere congue. Aliquam in facilisis dolor, in pellentesque lacus. In hac habitasse platea dictumst. Quisque aliquet et est a dapibus. Donec ornare ex velit, nec ullamcorper dolor ultrices nec. In semper turpis eget sagittis convallis. In dapibus pellentesque mi, ut vulputate enim.</p><p style=\"margin-right: 0px; margin-bottom: 15px; margin-left: 0px; padding: 0px; text-align: justify; font-family: &quot;Open Sans&quot;, Arial, sans-serif;\">Praesent ornare sem sed fringilla cursus. Cras eget egestas tellus, eget rutrum augue. Pellentesque laoreet ultrices libero, a condimentum dolor consectetur sit amet. Nulla imperdiet nisl enim, ut mattis libero condimentum sed. Donec ac leo fermentum, rutrum neque ac, sodales lacus. Curabitur porttitor justo et tristique imperdiet. Proin venenatis urna quis purus ullamcorper, vel accumsan quam commodo. Ut sed egestas magna, non pulvinar enim. Phasellus ac augue ultrices, cursus ligula pretium, dignissim sapien. Maecenas sagittis arcu quis eros posuere, eu suscipit elit rhoncus. Suspendisse eleifend quam a metus maximus, in ultricies eros faucibus. Mauris dapibus nisl dui, vel tristique turpis tempus id. Mauris consectetur nibh id tortor elementum, et feugiat ante interdum. Integer tristique odio sed purus malesuada sodales et et nisl.</p>','20',1,'2025-03-07',NULL,NULL,NULL,NULL,NULL,NULL,NULL,'2025-03-19 04:07:02','2025-03-19 04:07:37'),(9,'blog-7','Blog 7','<p style=\"margin-right: 0px; margin-bottom: 15px; margin-left: 0px; padding: 0px; text-align: justify; font-family: &quot;Open Sans&quot;, Arial, sans-serif;\">Fusce nec urna nibh. Duis vulputate aliquam fermentum. In in accumsan tortor. Phasellus rutrum fermentum lorem ut luctus. Sed feugiat nulla non nisi tincidunt, ut commodo est bibendum. Nullam vestibulum ut sem sit amet hendrerit. Cras imperdiet pharetra nisl sed tincidunt. Cras sed condimentum dolor. Aliquam erat volutpat. Donec eget cursus eros. Maecenas non quam ac dui lacinia sodales ut ut nisl. Nulla vitae sagittis orci. Mauris erat nisl, vulputate vel tellus a, feugiat euismod erat.</p><p style=\"margin-right: 0px; margin-bottom: 15px; margin-left: 0px; padding: 0px; text-align: justify; font-family: &quot;Open Sans&quot;, Arial, sans-serif;\">Donec nec tincidunt ligula. Proin id elit id lorem fermentum dapibus eget nec justo. Nulla eu purus nunc. Nulla mauris orci, fringilla vel viverra quis, tincidunt vel sem. Nam finibus tortor massa, in vehicula urna euismod quis. Praesent eleifend interdum quam, porta maximus orci aliquet nec. Donec ipsum purus, porttitor et magna in, porta suscipit nibh. Integer cursus mi justo, eu aliquet nisl finibus non. In luctus massa a mi faucibus malesuada. Suspendisse potenti. Vivamus viverra sit amet quam eget sollicitudin. Fusce vulputate tellus maximus lacus lobortis, id dapibus orci aliquam. Duis enim mi, rhoncus ac dapibus ullamcorper, ultricies congue risus.</p><p style=\"margin-right: 0px; margin-bottom: 15px; margin-left: 0px; padding: 0px; text-align: justify; font-family: &quot;Open Sans&quot;, Arial, sans-serif;\">Praesent id scelerisque augue. Vestibulum non ipsum augue. Quisque ipsum ipsum, condimentum non lacus lobortis, ultrices viverra odio. Fusce auctor dui lorem, sit amet bibendum diam ornare a. Pellentesque quis nunc tempor, interdum erat vulputate, efficitur mauris. Aenean suscipit turpis in tristique viverra. Ut sed scelerisque augue. Maecenas consectetur arcu non urna pretium auctor. Etiam congue posuere congue. Aliquam in facilisis dolor, in pellentesque lacus. In hac habitasse platea dictumst. Quisque aliquet et est a dapibus. Donec ornare ex velit, nec ullamcorper dolor ultrices nec. In semper turpis eget sagittis convallis. In dapibus pellentesque mi, ut vulputate enim.</p><p style=\"margin-right: 0px; margin-bottom: 15px; margin-left: 0px; padding: 0px; text-align: justify; font-family: &quot;Open Sans&quot;, Arial, sans-serif;\">Praesent ornare sem sed fringilla cursus. Cras eget egestas tellus, eget rutrum augue. Pellentesque laoreet ultrices libero, a condimentum dolor consectetur sit amet. Nulla imperdiet nisl enim, ut mattis libero condimentum sed. Donec ac leo fermentum, rutrum neque ac, sodales lacus. Curabitur porttitor justo et tristique imperdiet. Proin venenatis urna quis purus ullamcorper, vel accumsan quam commodo. Ut sed egestas magna, non pulvinar enim. Phasellus ac augue ultrices, cursus ligula pretium, dignissim sapien. Maecenas sagittis arcu quis eros posuere, eu suscipit elit rhoncus. Suspendisse eleifend quam a metus maximus, in ultricies eros faucibus. Mauris dapibus nisl dui, vel tristique turpis tempus id. Mauris consectetur nibh id tortor elementum, et feugiat ante interdum. Integer tristique odio sed purus malesuada sodales et et nisl.</p>','15',1,'2025-03-08',NULL,NULL,NULL,NULL,NULL,NULL,NULL,'2025-03-19 04:07:32','2025-03-19 04:07:36'),(10,'blog-8','Proin venenatis urna quis purus ullamcorper, vel accumsan quam commodo.','<p style=\"margin-right: 0px; margin-bottom: 15px; margin-left: 0px; padding: 0px; text-align: justify; font-family: &quot;Open Sans&quot;, Arial, sans-serif;\">Fusce nec urna nibh. Duis vulputate aliquam fermentum. In in accumsan tortor. Phasellus rutrum fermentum lorem ut luctus. Sed feugiat nulla non nisi tincidunt, ut commodo est bibendum. Nullam vestibulum ut sem sit amet hendrerit. Cras imperdiet pharetra nisl sed tincidunt. Cras sed condimentum dolor. Aliquam erat volutpat. Donec eget cursus eros. Maecenas non quam ac dui lacinia sodales ut ut nisl. Nulla vitae sagittis orci. Mauris erat nisl, vulputate vel tellus a, feugiat euismod erat.</p><p style=\"margin-right: 0px; margin-bottom: 15px; margin-left: 0px; padding: 0px; text-align: justify; font-family: &quot;Open Sans&quot;, Arial, sans-serif;\">Donec nec tincidunt ligula. Proin id elit id lorem fermentum dapibus eget nec justo. Nulla eu purus nunc. Nulla mauris orci, fringilla vel viverra quis, tincidunt vel sem. Nam finibus tortor massa, in vehicula urna euismod quis. Praesent eleifend interdum quam, porta maximus orci aliquet nec. Donec ipsum purus, porttitor et magna in, porta suscipit nibh. Integer cursus mi justo, eu aliquet nisl finibus non. In luctus massa a mi faucibus malesuada. Suspendisse potenti. Vivamus viverra sit amet quam eget sollicitudin. Fusce vulputate tellus maximus lacus lobortis, id dapibus orci aliquam. Duis enim mi, rhoncus ac dapibus ullamcorper, ultricies congue risus.</p><p style=\"margin-right: 0px; margin-bottom: 15px; margin-left: 0px; padding: 0px; text-align: justify; font-family: &quot;Open Sans&quot;, Arial, sans-serif;\">Praesent id scelerisque augue. Vestibulum non ipsum augue. Quisque ipsum ipsum, condimentum non lacus lobortis, ultrices viverra odio. Fusce auctor dui lorem, sit amet bibendum diam ornare a. Pellentesque quis nunc tempor, interdum erat vulputate, efficitur mauris. Aenean suscipit turpis in tristique viverra. Ut sed scelerisque augue. Maecenas consectetur arcu non urna pretium auctor. Etiam congue posuere congue. Aliquam in facilisis dolor, in pellentesque lacus. In hac habitasse platea dictumst. Quisque aliquet et est a dapibus. Donec ornare ex velit, nec ullamcorper dolor ultrices nec. In semper turpis eget sagittis convallis. In dapibus pellentesque mi, ut vulputate enim.</p><p style=\"margin-right: 0px; margin-bottom: 15px; margin-left: 0px; padding: 0px; text-align: justify; font-family: &quot;Open Sans&quot;, Arial, sans-serif;\">Praesent ornare sem sed fringilla cursus. Cras eget egestas tellus, eget rutrum augue. Pellentesque laoreet ultrices libero, a condimentum dolor consectetur sit amet. Nulla imperdiet nisl enim, ut mattis libero condimentum sed. Donec ac leo fermentum, rutrum neque ac, sodales lacus. Curabitur porttitor justo et tristique imperdiet. Proin venenatis urna quis purus ullamcorper, vel accumsan quam commodo. Ut sed egestas magna, non pulvinar enim. Phasellus ac augue ultrices, cursus ligula pretium, dignissim sapien. Maecenas sagittis arcu quis eros posuere, eu suscipit elit rhoncus. Suspendisse eleifend quam a metus maximus, in ultricies eros faucibus. Mauris dapibus nisl dui, vel tristique turpis tempus id. Mauris consectetur nibh id tortor elementum, et feugiat ante interdum. Integer tristique odio sed purus malesuada sodales et et nisl.</p>','19',1,'2025-03-10',NULL,NULL,NULL,NULL,NULL,NULL,NULL,'2025-03-19 04:07:54','2025-03-19 10:38:20'),(11,'blog-9','Blog 9','<p style=\"margin-right: 0px; margin-bottom: 15px; margin-left: 0px; padding: 0px; text-align: justify; font-family: &quot;Open Sans&quot;, Arial, sans-serif;\">Praesent id scelerisque augue. Vestibulum non ipsum augue. Quisque ipsum ipsum, condimentum non lacus lobortis, ultrices viverra odio. Fusce auctor dui lorem, sit amet bibendum diam ornare a. Pellentesque quis nunc tempor, interdum erat vulputate, efficitur mauris. Aenean suscipit turpis in tristique viverra. Ut sed scelerisque augue. Maecenas consectetur arcu non urna pretium auctor. Etiam congue posuere congue. Aliquam in facilisis dolor, in pellentesque lacus. In hac habitasse platea dictumst. Quisque aliquet et est a dapibus. Donec ornare ex velit, nec ullamcorper dolor ultrices nec. In semper turpis eget sagittis convallis. In dapibus pellentesque mi, ut vulputate enim.</p><p style=\"margin-right: 0px; margin-bottom: 15px; margin-left: 0px; padding: 0px; text-align: justify; font-family: &quot;Open Sans&quot;, Arial, sans-serif;\">Praesent ornare sem sed fringilla cursus. Cras eget egestas tellus, eget rutrum augue. Pellentesque laoreet ultrices libero, a condimentum dolor consectetur sit amet. Nulla imperdiet nisl enim, ut mattis libero condimentum sed. Donec ac leo fermentum, rutrum neque ac, sodales lacus. Curabitur porttitor justo et tristique imperdiet. Proin venenatis urna quis purus ullamcorper, vel accumsan quam commodo. Ut sed egestas magna, non pulvinar enim. Phasellus ac augue ultrices, cursus ligula pretium, dignissim sapien. Maecenas sagittis arcu quis eros posuere, eu suscipit elit rhoncus. Suspendisse eleifend quam a metus maximus, in ultricies eros faucibus. Mauris dapibus nisl dui, vel tristique turpis tempus id. Mauris consectetur nibh id tortor elementum, et feugiat ante interdum. Integer tristique odio sed purus malesuada sodales et et nisl.</p>','7',1,'2025-03-12',NULL,NULL,NULL,NULL,NULL,NULL,NULL,'2025-03-19 04:09:53','2025-03-19 04:09:53'),(12,'blog-10','Praesent ornare sem sed fringilla cursus. Cras eget egestas tellus, eget rutrum augue.','<p style=\"margin-right: 0px; margin-bottom: 15px; margin-left: 0px; padding: 0px; text-align: justify; font-family: &quot;Open Sans&quot;, Arial, sans-serif;\">Praesent id scelerisque augue. Vestibulum non ipsum augue. Quisque ipsum ipsum, condimentum non lacus lobortis, ultrices viverra odio. Fusce auctor dui lorem, sit amet bibendum diam ornare a. Pellentesque quis nunc tempor, interdum erat vulputate, efficitur mauris. Aenean suscipit turpis in tristique viverra. Ut sed scelerisque augue. Maecenas consectetur arcu non urna pretium auctor. Etiam congue posuere congue. Aliquam in facilisis dolor, in pellentesque lacus. In hac habitasse platea dictumst. Quisque aliquet et est a dapibus. Donec ornare ex velit, nec ullamcorper dolor ultrices nec. In semper turpis eget sagittis convallis. In dapibus pellentesque mi, ut vulputate enim.</p><p style=\"margin-right: 0px; margin-bottom: 15px; margin-left: 0px; padding: 0px; text-align: justify; font-family: &quot;Open Sans&quot;, Arial, sans-serif;\">Praesent ornare sem sed fringilla cursus. Cras eget egestas tellus, eget rutrum augue. Pellentesque laoreet ultrices libero, a condimentum dolor consectetur sit amet. Nulla imperdiet nisl enim, ut mattis libero condimentum sed. Donec ac leo fermentum, rutrum neque ac, sodales lacus. Curabitur porttitor justo et tristique imperdiet. Proin venenatis urna quis purus ullamcorper, vel accumsan quam commodo. Ut sed egestas magna, non pulvinar enim. Phasellus ac augue ultrices, cursus ligula pretium, dignissim sapien. Maecenas sagittis arcu quis eros posuere, eu suscipit elit rhoncus. Suspendisse eleifend quam a metus maximus, in ultricies eros faucibus. Mauris dapibus nisl dui, vel tristique turpis tempus id. Mauris consectetur nibh id tortor elementum, et feugiat ante interdum. Integer tristique odio sed purus malesuada sodales et et nisl.</p>','35',1,'2025-03-15','Blog 10 Meta Title','Blog 10 Meta Description','Blog 10 OG Title','Blog 10 OG Description','Blog 10 Twitter Title','Blog 10 Twitter Description','Blog 10 Meta Keywords','2025-03-19 04:13:39','2025-07-14 13:24:28');
/*!40000 ALTER TABLE `blogs` ENABLE KEYS */;
UNLOCK TABLES;

--
-- Table structure for table `brand_translations`
--

DROP TABLE IF EXISTS `brand_translations`;
/*!40101 SET @saved_cs_client     = @@character_set_client */;
/*!50503 SET character_set_client = utf8mb4 */;
CREATE TABLE `brand_translations` (
  `id` bigint NOT NULL AUTO_INCREMENT,
  `brand_id` int NOT NULL,
  `lang` varchar(100) CHARACTER SET utf8mb3 COLLATE utf8mb3_unicode_ci NOT NULL,
  `name` varchar(50) CHARACTER SET utf8mb3 COLLATE utf8mb3_unicode_ci NOT NULL,
  `slug` varchar(255) CHARACTER SET utf8mb3 COLLATE utf8mb3_unicode_ci DEFAULT NULL,
  `logo` int DEFAULT NULL,
  `meta_title` varchar(191) CHARACTER SET utf8mb3 COLLATE utf8mb3_unicode_ci DEFAULT NULL,
  `meta_description` text CHARACTER SET utf8mb3 COLLATE utf8mb3_unicode_ci,
  `og_title` varchar(191) CHARACTER SET utf8mb3 COLLATE utf8mb3_unicode_ci DEFAULT NULL,
  `og_description` text CHARACTER SET utf8mb3 COLLATE utf8mb3_unicode_ci,
  `twitter_title` varchar(191) CHARACTER SET utf8mb3 COLLATE utf8mb3_unicode_ci DEFAULT NULL,
  `twitter_description` text CHARACTER SET utf8mb3 COLLATE utf8mb3_unicode_ci,
  `meta_keywords` text CHARACTER SET utf8mb3 COLLATE utf8mb3_unicode_ci,
  `created_at` timestamp NOT NULL DEFAULT CURRENT_TIMESTAMP,
  `updated_at` timestamp NOT NULL DEFAULT CURRENT_TIMESTAMP,
  PRIMARY KEY (`id`),
  KEY `brand_id` (`brand_id`),
  CONSTRAINT `brand_translations_ibfk_1` FOREIGN KEY (`brand_id`) REFERENCES `brands` (`id`) ON DELETE CASCADE
) ENGINE=InnoDB AUTO_INCREMENT=6 DEFAULT CHARSET=utf8mb3 COLLATE=utf8mb3_unicode_ci;
/*!40101 SET character_set_client = @saved_cs_client */;

--
-- Dumping data for table `brand_translations`
--

LOCK TABLES `brand_translations` WRITE;
/*!40000 ALTER TABLE `brand_translations` DISABLE KEYS */;
INSERT INTO `brand_translations` VALUES (1,1,'en','Google Nest','google-nest',12,NULL,NULL,NULL,NULL,NULL,NULL,NULL,'2025-02-14 07:42:12','2025-02-14 07:56:17'),(2,2,'en','Ecobee','ecobee',8,NULL,NULL,NULL,NULL,NULL,NULL,NULL,'2025-02-14 07:45:00','2025-02-14 07:45:00'),(3,3,'en','Honeywell','honeywell',11,NULL,NULL,NULL,NULL,NULL,NULL,NULL,'2025-02-14 07:46:02','2025-02-14 07:47:51'),(4,4,'en','Ring','ring',13,NULL,NULL,NULL,NULL,NULL,NULL,NULL,'2025-02-14 07:52:37','2025-02-14 07:52:37'),(5,6,'en','Test Brand','test-brand',NULL,NULL,NULL,NULL,NULL,NULL,NULL,NULL,'2025-03-20 04:08:28','2025-03-20 04:08:28');
/*!40000 ALTER TABLE `brand_translations` ENABLE KEYS */;
UNLOCK TABLES;

--
-- Table structure for table `brands`
--

DROP TABLE IF EXISTS `brands`;
/*!40101 SET @saved_cs_client     = @@character_set_client */;
/*!50503 SET character_set_client = utf8mb4 */;
CREATE TABLE `brands` (
  `id` int NOT NULL AUTO_INCREMENT,
  `name` varchar(50) CHARACTER SET utf8mb3 COLLATE utf8mb3_unicode_ci NOT NULL,
  `is_active` tinyint(1) NOT NULL DEFAULT '1',
  `added_by` int DEFAULT NULL,
  `created_at` timestamp NOT NULL DEFAULT CURRENT_TIMESTAMP,
  `updated_at` timestamp NOT NULL DEFAULT CURRENT_TIMESTAMP,
  PRIMARY KEY (`id`)
) ENGINE=InnoDB AUTO_INCREMENT=7 DEFAULT CHARSET=utf8mb3 COLLATE=utf8mb3_unicode_ci;
/*!40101 SET character_set_client = @saved_cs_client */;

--
-- Dumping data for table `brands`
--

LOCK TABLES `brands` WRITE;
/*!40000 ALTER TABLE `brands` DISABLE KEYS */;
INSERT INTO `brands` VALUES (1,'Google Nest',1,NULL,'2025-02-14 07:42:12','2025-02-14 07:56:36'),(2,'Ecobee',1,NULL,'2025-02-14 07:45:00','2025-02-14 07:45:00'),(3,'Honeywell',1,NULL,'2025-02-14 07:46:02','2025-02-14 07:46:02'),(4,'Ring',1,NULL,'2025-02-14 07:52:37','2025-02-14 07:52:37'),(6,'Test Brand',1,NULL,'2025-03-20 04:08:28','2025-03-20 04:08:28');
/*!40000 ALTER TABLE `brands` ENABLE KEYS */;
UNLOCK TABLES;

--
-- Table structure for table `business_settings`
--

DROP TABLE IF EXISTS `business_settings`;
/*!40101 SET @saved_cs_client     = @@character_set_client */;
/*!50503 SET character_set_client = utf8mb4 */;
CREATE TABLE `business_settings` (
  `id` int NOT NULL AUTO_INCREMENT,
  `type` varchar(255) CHARACTER SET utf8mb3 COLLATE utf8mb3_unicode_ci NOT NULL,
  `value` longtext CHARACTER SET utf8mb3 COLLATE utf8mb3_unicode_ci,
  `lang` varchar(30) CHARACTER SET utf8mb3 COLLATE utf8mb3_unicode_ci DEFAULT NULL,
  `created_at` timestamp NOT NULL DEFAULT CURRENT_TIMESTAMP,
  `updated_at` timestamp NULL DEFAULT CURRENT_TIMESTAMP,
  `description1` text COLLATE utf8mb3_unicode_ci,
  PRIMARY KEY (`id`)
) ENGINE=InnoDB AUTO_INCREMENT=270 DEFAULT CHARSET=utf8mb3 COLLATE=utf8mb3_unicode_ci;
/*!40101 SET character_set_client = @saved_cs_client */;

--
-- Dumping data for table `business_settings`
--

LOCK TABLES `business_settings` WRITE;
/*!40000 ALTER TABLE `business_settings` DISABLE KEYS */;
INSERT INTO `business_settings` VALUES (2,'system_default_currency','29',NULL,'2018-10-16 08:36:58','2023-05-30 15:22:19',NULL),(3,'currency_format','1',NULL,'2018-10-17 10:01:59','2018-10-17 10:01:59',NULL),(4,'symbol_format','3',NULL,'2018-10-17 10:01:59','2023-06-14 17:48:44',NULL),(5,'no_of_decimals','2',NULL,'2018-10-17 10:01:59','2023-07-08 14:34:41',NULL),(76,'frontend_copyright_text','© 2023 ITS All Rights Reserved | WEBSITE BY TOMSHER',NULL,'2020-11-16 15:26:36','2020-11-16 15:26:36',NULL),(78,'facebook_link','https://www.facebook.com/',NULL,'2020-11-16 15:26:36','2024-02-09 17:51:44',NULL),(79,'twitter_link','https://twitter.com/?lang=en',NULL,'2020-11-16 15:26:36','2024-02-09 17:51:44',NULL),(80,'instagram_link','https://www.instagram.com/',NULL,'2020-11-16 15:26:36','2024-02-09 17:51:44',NULL),(81,'youtube_link','https://www.youtube.com/',NULL,'2020-11-16 15:26:36','2024-02-09 17:51:44',NULL),(82,'linkedin_link','https://www.linkedin.com/',NULL,'2020-11-16 15:26:36','2024-02-09 17:51:44',NULL),(132,'home_large_banner','[\"15\"]',NULL,'2023-05-29 17:10:44','2024-01-23 15:08:18',NULL),(134,'site_name',NULL,NULL,'2023-06-01 15:39:57','2023-06-01 15:39:57',NULL),(138,'flat_rate_shipping_cost','100',NULL,'2023-07-06 13:58:44','2023-07-07 13:10:34',NULL),(145,'free_shipping_status','1',NULL,'2023-07-07 13:31:51','2025-03-28 04:59:25',NULL),(146,'free_shipping_min_amount','1000',NULL,'2023-07-07 13:31:51','2025-03-28 04:59:25',NULL),(147,'free_shipping_max_amount','0',NULL,'2023-07-07 13:31:51','2024-02-03 14:32:30',NULL),(154,'helpline_number','+9718284153',NULL,'2023-07-08 10:52:39','2024-12-27 07:37:47',NULL),(180,'default_shipping_amount','20',NULL,'2024-02-03 14:15:15','2025-03-28 04:59:25',NULL),(181,'default_return_time','7',NULL,'2024-02-03 14:32:22','2025-03-28 05:00:11',NULL),(182,'social_title','Follow Us',NULL,'2024-02-09 17:51:44','2024-11-15 18:14:56',NULL),(183,'social_sub_title','Stay current with updates from our social channels.',NULL,'2024-02-09 17:51:44','2024-02-09 17:51:44',NULL),(184,'payment_method_images','79',NULL,'2024-02-09 17:51:44','2024-11-21 15:56:55',NULL),(185,'footer_address','Xilliams Corner Wine © 2017. 1112 A \r\nMarket St # Ste B22, Charlottesville, CA \r\n45565','en','2024-02-09 17:58:38','2025-07-16 14:00:59',NULL),(186,'footer_phone','+971 4 547 9552',NULL,'2024-02-09 17:58:38','2025-04-16 04:54:34',NULL),(187,'footer_email','info@homeiq.ae',NULL,'2024-02-09 17:58:38','2025-03-17 04:29:03',NULL),(188,'working_hours','Mon - Fri: 10:00 - 18:00','en','2024-02-09 17:58:38','2024-02-09 17:58:38',NULL),(189,'footer_working_hours','Mon - Fri: 10:00 - 18:00','en','2024-02-09 18:10:35','2024-02-09 18:10:35',NULL),(190,'helpline_title','mega sale discount all item up to 15% for christmas event',NULL,'2024-02-09 18:42:41','2024-11-30 17:12:10',NULL),(191,'vat_percentage','5',NULL,'2024-02-09 21:54:38','2024-02-09 21:59:23',NULL),(192,'discover_categories','[\"1\",\"4\",\"2\",\"5\"]','en','2024-11-19 14:27:32','2024-11-25 19:23:17',NULL),(193,'home_mid_banner','[\"1\",\"2\"]','en','2024-11-19 18:32:53','2024-11-19 14:35:52',NULL),(194,'new_arrival_products','[\"30\",\"32\",\"33\",\"34\"]','en','2024-11-19 15:13:05','2024-11-25 19:18:36',NULL),(195,'home_occasions','[\"2\",\"1\",\"3\",\"4\",\"5\",\"6\"]','en','2024-11-19 15:27:41','2024-11-25 19:26:14',NULL),(196,'home_center_banner','[\"4\"]','en','2024-11-19 19:59:12','2024-11-21 13:50:17',NULL),(197,'special_products','[\"32\",\"34\",\"35\",\"36\"]','en','2024-11-19 16:03:30','2024-11-25 21:08:16',NULL),(198,'home_mid_section_banner','[\"5\",\"6\",\"7\"]',NULL,'2024-11-19 20:05:19','2024-11-21 14:09:56',NULL),(199,'header_category_logo','87',NULL,'2024-11-28 23:21:50','2024-11-28 23:23:18',NULL),(200,'header_category_title_1','SHOP BY CATEGORY',NULL,'2024-11-28 23:21:50','2024-11-28 23:23:19',NULL),(201,'header_categories','[\"1\",\"4\",\"2\"]',NULL,'2024-11-28 23:21:50','2024-11-28 23:23:19',NULL),(202,'header_category_title_2','SHOP BY BRANDS',NULL,'2024-11-28 23:21:51','2024-11-28 23:23:19',NULL),(203,'header_brands','[\"3\",\"2\",\"1\",\"4\"]',NULL,'2024-11-28 23:21:51','2024-11-28 23:23:19',NULL),(204,'header_category_title_3','SHOP BY OCCASSION',NULL,'2024-11-28 23:21:51','2024-11-28 23:23:19',NULL),(218,'footer_contact_title','Head Office',NULL,'2025-03-17 04:29:03','2025-07-16 14:00:59',NULL),(219,'footer_address_title','Address','en','2025-03-17 04:29:03','2025-03-17 04:29:03',NULL),(220,'footer_logo','40',NULL,'2025-03-17 04:33:12','2025-07-16 14:01:11',NULL),(221,'about_us_description','Smart Living, Simplified.','en','2025-03-17 04:33:12','2025-03-17 04:33:12',NULL),(222,'footer_moving_text','Smart Living, Simplified.',NULL,'2025-03-17 04:41:13','2025-03-17 04:41:13',NULL),(223,'footer_newsletter_title','News letter',NULL,'2025-03-17 04:41:13','2025-07-16 13:59:32',NULL),(224,'footer_newsletter_subtitle','Enter your email address',NULL,'2025-03-17 04:41:13','2025-07-16 13:59:32',NULL),(225,'footer_newsletter_button','Subscribe Now','en','2025-03-17 04:41:13','2025-03-17 04:41:13',NULL),(226,'frontend_copyright_text','©{year} - All rights reserved to HomeIQ','en','2025-03-17 04:41:34','2025-04-16 05:32:02',NULL),(227,'whatsapp_link',NULL,NULL,'2025-03-17 04:41:34','2025-03-17 04:41:34',NULL),(228,'home_categories',NULL,'en','2025-03-17 08:13:08','2025-07-16 08:38:53',NULL),(229,'home_products','[\"1\",\"2\",\"6\",\"7\",\"8\",\"9\",\"18\",\"19\",\"20\",\"21\"]','en','2025-03-18 02:18:10','2025-04-16 07:02:32',NULL),(230,'home_services','[\"20\",\"16\",\"17\",\"18\",\"19\"]','en','2025-03-18 02:33:16','2025-05-03 12:27:40',NULL),(231,'decimal_separator','1',NULL,'2020-12-31 00:45:56','2020-12-31 00:45:56',NULL),(232,'default_service_whatsapp','971504062668',NULL,'2025-04-02 01:57:54','2025-04-02 02:00:28',NULL),(233,'footer_category_title_1','Shop',NULL,'2025-04-02 02:22:27','2025-04-02 02:22:27',NULL),(234,'footer_categories','[\"1\",\"2\",\"3\",\"4\",\"6\"]',NULL,'2025-04-02 02:22:27','2025-04-02 02:22:27',NULL),(235,'footer_category_title_2','Services',NULL,'2025-04-02 02:22:27','2025-04-02 02:22:27',NULL),(236,'footer_services','[\"12\",\"13\",\"14\",\"15\",\"16\",\"17\"]',NULL,'2025-04-02 02:22:27','2025-04-02 02:22:27',NULL),(237,'footer_category_title_3','Resources',NULL,'2025-04-02 02:22:27','2025-04-02 02:22:27',NULL),(238,'footer_category_title_4','Company',NULL,'2025-04-02 02:22:27','2025-04-02 02:22:27',NULL),(239,'website_name','It & Tech',NULL,'2025-07-16 14:18:26','2025-07-16 14:18:26',NULL),(240,'site_logo','41',NULL,'2025-07-16 14:18:26','2025-07-16 14:20:06',NULL),(241,'site_icon',NULL,NULL,'2025-07-16 14:18:26','2025-07-16 14:18:26',NULL),(242,'base_color',NULL,NULL,'2025-07-16 14:18:26','2025-07-16 14:18:26',NULL),(243,'base_hov_color',NULL,NULL,'2025-07-16 14:18:26','2025-07-16 14:18:26',NULL),(246,'why_choose_us',NULL,NULL,'2025-07-17 14:26:23','2025-07-21 13:20:21',NULL),(247,'why_choose_us_title',NULL,NULL,'2025-07-17 14:58:49','2025-07-22 05:26:57',NULL),(248,'why_choose_us_subtitle',NULL,NULL,'2025-07-17 14:58:49','2025-07-22 05:26:57',NULL),(249,'site_logo_white','41',NULL,'2025-07-18 06:39:57','2025-07-18 06:39:57',NULL),(250,'site_logo_colored','40',NULL,'2025-07-18 06:39:57','2025-07-18 06:39:57',NULL),(251,'why_choose_us_title1','Test',NULL,'2025-07-22 05:26:57','2025-07-22 05:26:57',NULL),(252,'why_choose_us_subtitle1','Test sub',NULL,'2025-07-22 05:26:57','2025-07-22 05:26:57',NULL),(253,'why_choose_us_image1','39',NULL,'2025-07-22 05:26:57','2025-07-22 05:28:48',NULL),(254,'why_choose_us_title2','title 2',NULL,'2025-07-22 05:30:28','2025-07-22 05:30:28',NULL),(255,'why_choose_us_subtitle2','title 22',NULL,'2025-07-22 05:30:28','2025-07-22 05:30:28',NULL),(256,'why_choose_us_image2','37',NULL,'2025-07-22 05:30:28','2025-07-22 05:30:28',NULL),(257,'why_choose_us_title3',NULL,NULL,'2025-07-22 05:30:28','2025-07-22 05:30:28',NULL),(258,'why_choose_us_subtitle3',NULL,NULL,'2025-07-22 05:30:28','2025-07-22 05:30:28',NULL),(259,'why_choose_us_image3',NULL,NULL,'2025-07-22 05:30:28','2025-07-22 05:30:28',NULL),(260,'why_choose_us_title4',NULL,NULL,'2025-07-22 05:30:28','2025-07-22 05:30:28',NULL),(261,'why_choose_us_subtitle4',NULL,NULL,'2025-07-22 05:30:28','2025-07-22 05:30:28',NULL),(262,'why_choose_us_image4',NULL,NULL,'2025-07-22 05:30:28','2025-07-22 05:30:28',NULL),(263,'why_choose_us_title5',NULL,NULL,'2025-07-22 05:30:28','2025-07-22 05:30:28',NULL),(264,'why_choose_us_subtitle5',NULL,NULL,'2025-07-22 05:30:28','2025-07-22 05:30:28',NULL),(265,'why_choose_us_image5',NULL,NULL,'2025-07-22 05:30:28','2025-07-22 05:30:28',NULL),(266,'why_choose_us_title6',NULL,NULL,'2025-07-22 05:30:28','2025-07-22 05:30:28',NULL),(267,'why_choose_us_subtitle6',NULL,NULL,'2025-07-22 05:30:28','2025-07-22 05:30:28',NULL),(268,'why_choose_us_image6',NULL,NULL,'2025-07-22 05:30:28','2025-07-22 05:30:28',NULL),(269,'home_projects','[\"1\"]','en','2025-07-22 16:10:31','2025-07-22 16:10:31',NULL);
/*!40000 ALTER TABLE `business_settings` ENABLE KEYS */;
UNLOCK TABLES;

--
-- Table structure for table `carts`
--

DROP TABLE IF EXISTS `carts`;
/*!40101 SET @saved_cs_client     = @@character_set_client */;
/*!50503 SET character_set_client = utf8mb4 */;
CREATE TABLE `carts` (
  `id` int unsigned NOT NULL AUTO_INCREMENT,
  `user_id` int DEFAULT NULL,
  `temp_user_id` varchar(255) CHARACTER SET utf8mb3 COLLATE utf8mb3_unicode_ci DEFAULT NULL,
  `product_id` int DEFAULT NULL,
  `product_stock_id` int DEFAULT NULL,
  `variation` text CHARACTER SET utf8mb3 COLLATE utf8mb3_unicode_ci,
  `quantity` int NOT NULL DEFAULT '0',
  `price` double(20,2) DEFAULT '0.00',
  `offer_price` double(20,2) DEFAULT NULL,
  `offer_id` int DEFAULT NULL,
  `offer_tag` varchar(255) CHARACTER SET utf8mb3 COLLATE utf8mb3_unicode_ci DEFAULT NULL,
  `tax` double(20,2) DEFAULT '0.00',
  `shipping_cost` double(20,2) DEFAULT '0.00',
  `shipping_type` varchar(30) CHARACTER SET utf8mb3 COLLATE utf8mb3_unicode_ci NOT NULL DEFAULT '',
  `discount` double(10,2) NOT NULL DEFAULT '0.00',
  `offer_discount` double(10,2) NOT NULL DEFAULT '0.00',
  `coupon_code` varchar(255) CHARACTER SET utf8mb3 COLLATE utf8mb3_unicode_ci DEFAULT NULL,
  `coupon_applied` tinyint NOT NULL DEFAULT '0',
  `status` tinyint(1) NOT NULL DEFAULT '0',
  `created_at` timestamp NULL DEFAULT CURRENT_TIMESTAMP,
  `updated_at` timestamp NULL DEFAULT CURRENT_TIMESTAMP,
  PRIMARY KEY (`id`),
  KEY `product_id` (`product_id`),
  KEY `product_stock_id` (`product_stock_id`),
  CONSTRAINT `carts_ibfk_1` FOREIGN KEY (`product_id`) REFERENCES `products` (`id`) ON DELETE CASCADE,
  CONSTRAINT `carts_ibfk_2` FOREIGN KEY (`product_stock_id`) REFERENCES `product_stocks` (`id`) ON DELETE CASCADE
) ENGINE=InnoDB AUTO_INCREMENT=55 DEFAULT CHARSET=utf8mb3 COLLATE=utf8mb3_unicode_ci;
/*!40101 SET character_set_client = @saved_cs_client */;

--
-- Dumping data for table `carts`
--

LOCK TABLES `carts` WRITE;
/*!40000 ALTER TABLE `carts` DISABLE KEYS */;
INSERT INTO `carts` VALUES (5,65,NULL,1,1,NULL,2,999.00,999.00,NULL,'',39.96,0.00,'free',0.00,0.00,NULL,0,0,'2025-04-24 13:40:10','2025-04-24 14:20:27'),(7,65,NULL,9,7,NULL,1,1119.00,1007.10,NULL,'10% OFF',0.00,0.00,'free',0.00,0.00,NULL,0,0,'2025-04-24 13:41:43','2025-04-24 14:20:27'),(8,65,NULL,18,44,NULL,2,180.00,180.00,NULL,'',18.00,0.00,'free',0.00,0.00,NULL,0,0,'2025-04-24 13:42:25','2025-04-24 14:20:27'),(10,NULL,'31d61103-9642-41d4-9be3-2d7a4135d6e6',1,1,NULL,1,999.00,999.00,NULL,'',19.98,0.00,'free',0.00,0.00,NULL,0,0,'2025-05-16 13:26:29','2025-05-16 13:47:02'),(11,1,NULL,19,45,NULL,1,1900.00,1900.00,NULL,'',95.00,0.00,'free',0.00,0.00,NULL,0,0,'2025-07-14 11:55:58','2025-07-14 11:59:43'),(12,NULL,'eyJpdiI6IkFnZFp6WERJdzNCVThTaFlpQ1Z5dWc9PSIsInZhbHVlIjoiNTFaTDJmR0laU2ltY1podkwwRXRFbVh1OERHeHNOUzlCVmtYSCswVjVCeW51S08rSWxGYXZ4c2VwR3I4ZFQ1Z1NCS2VqRTZneDFMUy9KLytSd0dnQ2VwUVVLNkRBTVlTZ1pvb2ZWS28yZHM9IiwibWFjIjoiMGFlYTU1NTY4YmFmN2FhZTgyZTU4YWZkMjY2YmI1MGU',24,50,NULL,1,250.00,250.00,NULL,'',12.50,0.00,'',0.00,0.00,NULL,0,0,'2025-07-14 14:19:26','2025-07-14 14:19:26'),(13,NULL,'eyJpdiI6IkFnZFp6WERJdzNCVThTaFlpQ1Z5dWc9PSIsInZhbHVlIjoiNTFaTDJmR0laU2ltY1podkwwRXRFbVh1OERHeHNOUzlCVmtYSCswVjVCeW51S08rSWxGYXZ4c2VwR3I4ZFQ1Z1NCS2VqRTZneDFMUy9KLytSd0dnQ2VwUVVLNkRBTVlTZ1pvb2ZWS28yZHM9IiwibWFjIjoiMGFlYTU1NTY4YmFmN2FhZTgyZTU4YWZkMjY2YmI1MGU',24,50,NULL,1,250.00,250.00,NULL,'',12.50,0.00,'',0.00,0.00,NULL,0,0,'2025-07-14 14:20:16','2025-07-14 14:20:16'),(14,NULL,'eyJpdiI6IkFnZFp6WERJdzNCVThTaFlpQ1Z5dWc9PSIsInZhbHVlIjoiNTFaTDJmR0laU2ltY1podkwwRXRFbVh1OERHeHNOUzlCVmtYSCswVjVCeW51S08rSWxGYXZ4c2VwR3I4ZFQ1Z1NCS2VqRTZneDFMUy9KLytSd0dnQ2VwUVVLNkRBTVlTZ1pvb2ZWS28yZHM9IiwibWFjIjoiMGFlYTU1NTY4YmFmN2FhZTgyZTU4YWZkMjY2YmI1MGU',24,50,NULL,1,250.00,250.00,NULL,'',12.50,0.00,'',0.00,0.00,NULL,0,0,'2025-07-14 14:20:40','2025-07-14 14:20:40'),(15,NULL,'eyJpdiI6IkFnZFp6WERJdzNCVThTaFlpQ1Z5dWc9PSIsInZhbHVlIjoiNTFaTDJmR0laU2ltY1podkwwRXRFbVh1OERHeHNOUzlCVmtYSCswVjVCeW51S08rSWxGYXZ4c2VwR3I4ZFQ1Z1NCS2VqRTZneDFMUy9KLytSd0dnQ2VwUVVLNkRBTVlTZ1pvb2ZWS28yZHM9IiwibWFjIjoiMGFlYTU1NTY4YmFmN2FhZTgyZTU4YWZkMjY2YmI1MGU',24,50,NULL,1,250.00,250.00,NULL,'',12.50,0.00,'',0.00,0.00,NULL,0,0,'2025-07-14 14:20:44','2025-07-14 14:20:44'),(16,NULL,'eyJpdiI6IkFnZFp6WERJdzNCVThTaFlpQ1Z5dWc9PSIsInZhbHVlIjoiNTFaTDJmR0laU2ltY1podkwwRXRFbVh1OERHeHNOUzlCVmtYSCswVjVCeW51S08rSWxGYXZ4c2VwR3I4ZFQ1Z1NCS2VqRTZneDFMUy9KLytSd0dnQ2VwUVVLNkRBTVlTZ1pvb2ZWS28yZHM9IiwibWFjIjoiMGFlYTU1NTY4YmFmN2FhZTgyZTU4YWZkMjY2YmI1MGU',24,50,NULL,1,250.00,250.00,NULL,'',12.50,0.00,'',0.00,0.00,NULL,0,0,'2025-07-14 14:21:21','2025-07-14 14:21:21'),(17,NULL,'eyJpdiI6IkFnZFp6WERJdzNCVThTaFlpQ1Z5dWc9PSIsInZhbHVlIjoiNTFaTDJmR0laU2ltY1podkwwRXRFbVh1OERHeHNOUzlCVmtYSCswVjVCeW51S08rSWxGYXZ4c2VwR3I4ZFQ1Z1NCS2VqRTZneDFMUy9KLytSd0dnQ2VwUVVLNkRBTVlTZ1pvb2ZWS28yZHM9IiwibWFjIjoiMGFlYTU1NTY4YmFmN2FhZTgyZTU4YWZkMjY2YmI1MGU',24,50,NULL,1,250.00,250.00,NULL,'',12.50,0.00,'',0.00,0.00,NULL,0,0,'2025-07-14 14:21:22','2025-07-14 14:21:22'),(18,NULL,'eyJpdiI6IkFnZFp6WERJdzNCVThTaFlpQ1Z5dWc9PSIsInZhbHVlIjoiNTFaTDJmR0laU2ltY1podkwwRXRFbVh1OERHeHNOUzlCVmtYSCswVjVCeW51S08rSWxGYXZ4c2VwR3I4ZFQ1Z1NCS2VqRTZneDFMUy9KLytSd0dnQ2VwUVVLNkRBTVlTZ1pvb2ZWS28yZHM9IiwibWFjIjoiMGFlYTU1NTY4YmFmN2FhZTgyZTU4YWZkMjY2YmI1MGU',24,50,NULL,1,250.00,250.00,NULL,'',12.50,0.00,'',0.00,0.00,NULL,0,0,'2025-07-14 14:24:01','2025-07-14 14:24:01'),(19,NULL,'eyJpdiI6IkFnZFp6WERJdzNCVThTaFlpQ1Z5dWc9PSIsInZhbHVlIjoiNTFaTDJmR0laU2ltY1podkwwRXRFbVh1OERHeHNOUzlCVmtYSCswVjVCeW51S08rSWxGYXZ4c2VwR3I4ZFQ1Z1NCS2VqRTZneDFMUy9KLytSd0dnQ2VwUVVLNkRBTVlTZ1pvb2ZWS28yZHM9IiwibWFjIjoiMGFlYTU1NTY4YmFmN2FhZTgyZTU4YWZkMjY2YmI1MGU',24,50,NULL,1,250.00,250.00,NULL,'',12.50,0.00,'',0.00,0.00,NULL,0,0,'2025-07-14 14:24:05','2025-07-14 14:24:05'),(20,NULL,'eyJpdiI6IkFnZFp6WERJdzNCVThTaFlpQ1Z5dWc9PSIsInZhbHVlIjoiNTFaTDJmR0laU2ltY1podkwwRXRFbVh1OERHeHNOUzlCVmtYSCswVjVCeW51S08rSWxGYXZ4c2VwR3I4ZFQ1Z1NCS2VqRTZneDFMUy9KLytSd0dnQ2VwUVVLNkRBTVlTZ1pvb2ZWS28yZHM9IiwibWFjIjoiMGFlYTU1NTY4YmFmN2FhZTgyZTU4YWZkMjY2YmI1MGU',24,50,NULL,1,250.00,250.00,NULL,'',12.50,0.00,'',0.00,0.00,NULL,0,0,'2025-07-14 14:24:34','2025-07-14 14:24:34'),(21,NULL,'eyJpdiI6IkFnZFp6WERJdzNCVThTaFlpQ1Z5dWc9PSIsInZhbHVlIjoiNTFaTDJmR0laU2ltY1podkwwRXRFbVh1OERHeHNOUzlCVmtYSCswVjVCeW51S08rSWxGYXZ4c2VwR3I4ZFQ1Z1NCS2VqRTZneDFMUy9KLytSd0dnQ2VwUVVLNkRBTVlTZ1pvb2ZWS28yZHM9IiwibWFjIjoiMGFlYTU1NTY4YmFmN2FhZTgyZTU4YWZkMjY2YmI1MGU',24,50,NULL,1,250.00,250.00,NULL,'',12.50,0.00,'',0.00,0.00,NULL,0,0,'2025-07-14 14:24:37','2025-07-14 14:24:37'),(22,NULL,'eyJpdiI6IkFnZFp6WERJdzNCVThTaFlpQ1Z5dWc9PSIsInZhbHVlIjoiNTFaTDJmR0laU2ltY1podkwwRXRFbVh1OERHeHNOUzlCVmtYSCswVjVCeW51S08rSWxGYXZ4c2VwR3I4ZFQ1Z1NCS2VqRTZneDFMUy9KLytSd0dnQ2VwUVVLNkRBTVlTZ1pvb2ZWS28yZHM9IiwibWFjIjoiMGFlYTU1NTY4YmFmN2FhZTgyZTU4YWZkMjY2YmI1MGU',24,50,NULL,1,250.00,250.00,NULL,'',12.50,0.00,'',0.00,0.00,NULL,0,0,'2025-07-14 14:24:56','2025-07-14 14:24:56'),(23,NULL,'eyJpdiI6IkFnZFp6WERJdzNCVThTaFlpQ1Z5dWc9PSIsInZhbHVlIjoiNTFaTDJmR0laU2ltY1podkwwRXRFbVh1OERHeHNOUzlCVmtYSCswVjVCeW51S08rSWxGYXZ4c2VwR3I4ZFQ1Z1NCS2VqRTZneDFMUy9KLytSd0dnQ2VwUVVLNkRBTVlTZ1pvb2ZWS28yZHM9IiwibWFjIjoiMGFlYTU1NTY4YmFmN2FhZTgyZTU4YWZkMjY2YmI1MGU',24,50,NULL,1,250.00,250.00,NULL,'',12.50,0.00,'',0.00,0.00,NULL,0,0,'2025-07-14 14:26:07','2025-07-14 14:26:07'),(24,NULL,'eyJpdiI6IkFnZFp6WERJdzNCVThTaFlpQ1Z5dWc9PSIsInZhbHVlIjoiNTFaTDJmR0laU2ltY1podkwwRXRFbVh1OERHeHNOUzlCVmtYSCswVjVCeW51S08rSWxGYXZ4c2VwR3I4ZFQ1Z1NCS2VqRTZneDFMUy9KLytSd0dnQ2VwUVVLNkRBTVlTZ1pvb2ZWS28yZHM9IiwibWFjIjoiMGFlYTU1NTY4YmFmN2FhZTgyZTU4YWZkMjY2YmI1MGU',24,50,NULL,1,250.00,250.00,NULL,'',12.50,0.00,'',0.00,0.00,NULL,0,0,'2025-07-14 14:26:08','2025-07-14 14:26:08'),(26,NULL,'eyJpdiI6IkFnZFp6WERJdzNCVThTaFlpQ1Z5dWc9PSIsInZhbHVlIjoiNTFaTDJmR0laU2ltY1podkwwRXRFbVh1OERHeHNOUzlCVmtYSCswVjVCeW51S08rSWxGYXZ4c2VwR3I4ZFQ1Z1NCS2VqRTZneDFMUy9KLytSd0dnQ2VwUVVLNkRBTVlTZ1pvb2ZWS28yZHM9IiwibWFjIjoiMGFlYTU1NTY4YmFmN2FhZTgyZTU4YWZkMjY2YmI1MGU',24,50,NULL,1,250.00,250.00,NULL,'',12.50,0.00,'',0.00,0.00,NULL,0,0,'2025-07-14 14:34:59','2025-07-14 14:34:59'),(27,NULL,'eyJpdiI6IkFnZFp6WERJdzNCVThTaFlpQ1Z5dWc9PSIsInZhbHVlIjoiNTFaTDJmR0laU2ltY1podkwwRXRFbVh1OERHeHNOUzlCVmtYSCswVjVCeW51S08rSWxGYXZ4c2VwR3I4ZFQ1Z1NCS2VqRTZneDFMUy9KLytSd0dnQ2VwUVVLNkRBTVlTZ1pvb2ZWS28yZHM9IiwibWFjIjoiMGFlYTU1NTY4YmFmN2FhZTgyZTU4YWZkMjY2YmI1MGU',24,50,NULL,1,250.00,250.00,NULL,'',12.50,0.00,'',0.00,0.00,NULL,0,0,'2025-07-14 14:35:00','2025-07-14 14:35:00'),(28,NULL,'eyJpdiI6IkFnZFp6WERJdzNCVThTaFlpQ1Z5dWc9PSIsInZhbHVlIjoiNTFaTDJmR0laU2ltY1podkwwRXRFbVh1OERHeHNOUzlCVmtYSCswVjVCeW51S08rSWxGYXZ4c2VwR3I4ZFQ1Z1NCS2VqRTZneDFMUy9KLytSd0dnQ2VwUVVLNkRBTVlTZ1pvb2ZWS28yZHM9IiwibWFjIjoiMGFlYTU1NTY4YmFmN2FhZTgyZTU4YWZkMjY2YmI1MGU',24,50,NULL,1,250.00,250.00,NULL,'',12.50,0.00,'',0.00,0.00,NULL,0,0,'2025-07-14 14:35:23','2025-07-14 14:35:23'),(29,NULL,'eyJpdiI6IkFnZFp6WERJdzNCVThTaFlpQ1Z5dWc9PSIsInZhbHVlIjoiNTFaTDJmR0laU2ltY1podkwwRXRFbVh1OERHeHNOUzlCVmtYSCswVjVCeW51S08rSWxGYXZ4c2VwR3I4ZFQ1Z1NCS2VqRTZneDFMUy9KLytSd0dnQ2VwUVVLNkRBTVlTZ1pvb2ZWS28yZHM9IiwibWFjIjoiMGFlYTU1NTY4YmFmN2FhZTgyZTU4YWZkMjY2YmI1MGU',24,50,NULL,1,250.00,250.00,NULL,'',12.50,0.00,'',0.00,0.00,NULL,0,0,'2025-07-14 14:35:25','2025-07-14 14:35:25'),(30,NULL,'eyJpdiI6IkFnZFp6WERJdzNCVThTaFlpQ1Z5dWc9PSIsInZhbHVlIjoiNTFaTDJmR0laU2ltY1podkwwRXRFbVh1OERHeHNOUzlCVmtYSCswVjVCeW51S08rSWxGYXZ4c2VwR3I4ZFQ1Z1NCS2VqRTZneDFMUy9KLytSd0dnQ2VwUVVLNkRBTVlTZ1pvb2ZWS28yZHM9IiwibWFjIjoiMGFlYTU1NTY4YmFmN2FhZTgyZTU4YWZkMjY2YmI1MGU',24,50,NULL,1,250.00,250.00,NULL,'',12.50,0.00,'',0.00,0.00,NULL,0,0,'2025-07-14 14:36:12','2025-07-14 14:36:12'),(31,NULL,'eyJpdiI6IkFnZFp6WERJdzNCVThTaFlpQ1Z5dWc9PSIsInZhbHVlIjoiNTFaTDJmR0laU2ltY1podkwwRXRFbVh1OERHeHNOUzlCVmtYSCswVjVCeW51S08rSWxGYXZ4c2VwR3I4ZFQ1Z1NCS2VqRTZneDFMUy9KLytSd0dnQ2VwUVVLNkRBTVlTZ1pvb2ZWS28yZHM9IiwibWFjIjoiMGFlYTU1NTY4YmFmN2FhZTgyZTU4YWZkMjY2YmI1MGU',24,50,NULL,1,250.00,250.00,NULL,'',12.50,0.00,'',0.00,0.00,NULL,0,0,'2025-07-14 14:36:14','2025-07-14 14:36:14'),(32,NULL,'eyJpdiI6IkFnZFp6WERJdzNCVThTaFlpQ1Z5dWc9PSIsInZhbHVlIjoiNTFaTDJmR0laU2ltY1podkwwRXRFbVh1OERHeHNOUzlCVmtYSCswVjVCeW51S08rSWxGYXZ4c2VwR3I4ZFQ1Z1NCS2VqRTZneDFMUy9KLytSd0dnQ2VwUVVLNkRBTVlTZ1pvb2ZWS28yZHM9IiwibWFjIjoiMGFlYTU1NTY4YmFmN2FhZTgyZTU4YWZkMjY2YmI1MGU',24,50,NULL,1,250.00,250.00,NULL,'',12.50,0.00,'',0.00,0.00,NULL,0,0,'2025-07-14 14:36:28','2025-07-14 14:36:28'),(33,NULL,'eyJpdiI6IkFnZFp6WERJdzNCVThTaFlpQ1Z5dWc9PSIsInZhbHVlIjoiNTFaTDJmR0laU2ltY1podkwwRXRFbVh1OERHeHNOUzlCVmtYSCswVjVCeW51S08rSWxGYXZ4c2VwR3I4ZFQ1Z1NCS2VqRTZneDFMUy9KLytSd0dnQ2VwUVVLNkRBTVlTZ1pvb2ZWS28yZHM9IiwibWFjIjoiMGFlYTU1NTY4YmFmN2FhZTgyZTU4YWZkMjY2YmI1MGU',24,50,NULL,1,250.00,250.00,NULL,'',12.50,0.00,'',0.00,0.00,NULL,0,0,'2025-07-14 14:36:29','2025-07-14 14:36:29'),(34,NULL,'eyJpdiI6IkFnZFp6WERJdzNCVThTaFlpQ1Z5dWc9PSIsInZhbHVlIjoiNTFaTDJmR0laU2ltY1podkwwRXRFbVh1OERHeHNOUzlCVmtYSCswVjVCeW51S08rSWxGYXZ4c2VwR3I4ZFQ1Z1NCS2VqRTZneDFMUy9KLytSd0dnQ2VwUVVLNkRBTVlTZ1pvb2ZWS28yZHM9IiwibWFjIjoiMGFlYTU1NTY4YmFmN2FhZTgyZTU4YWZkMjY2YmI1MGU',24,50,NULL,1,250.00,250.00,NULL,'',12.50,0.00,'',0.00,0.00,NULL,0,0,'2025-07-14 14:37:33','2025-07-14 14:37:33'),(35,NULL,'eyJpdiI6IkFnZFp6WERJdzNCVThTaFlpQ1Z5dWc9PSIsInZhbHVlIjoiNTFaTDJmR0laU2ltY1podkwwRXRFbVh1OERHeHNOUzlCVmtYSCswVjVCeW51S08rSWxGYXZ4c2VwR3I4ZFQ1Z1NCS2VqRTZneDFMUy9KLytSd0dnQ2VwUVVLNkRBTVlTZ1pvb2ZWS28yZHM9IiwibWFjIjoiMGFlYTU1NTY4YmFmN2FhZTgyZTU4YWZkMjY2YmI1MGU',24,50,NULL,1,250.00,250.00,NULL,'',12.50,0.00,'',0.00,0.00,NULL,0,0,'2025-07-14 14:37:34','2025-07-14 14:37:34'),(36,NULL,'eyJpdiI6IkFnZFp6WERJdzNCVThTaFlpQ1Z5dWc9PSIsInZhbHVlIjoiNTFaTDJmR0laU2ltY1podkwwRXRFbVh1OERHeHNOUzlCVmtYSCswVjVCeW51S08rSWxGYXZ4c2VwR3I4ZFQ1Z1NCS2VqRTZneDFMUy9KLytSd0dnQ2VwUVVLNkRBTVlTZ1pvb2ZWS28yZHM9IiwibWFjIjoiMGFlYTU1NTY4YmFmN2FhZTgyZTU4YWZkMjY2YmI1MGU',24,50,NULL,1,250.00,250.00,NULL,'',12.50,0.00,'',0.00,0.00,NULL,0,0,'2025-07-14 14:38:15','2025-07-14 14:38:15'),(37,NULL,'eyJpdiI6IkFnZFp6WERJdzNCVThTaFlpQ1Z5dWc9PSIsInZhbHVlIjoiNTFaTDJmR0laU2ltY1podkwwRXRFbVh1OERHeHNOUzlCVmtYSCswVjVCeW51S08rSWxGYXZ4c2VwR3I4ZFQ1Z1NCS2VqRTZneDFMUy9KLytSd0dnQ2VwUVVLNkRBTVlTZ1pvb2ZWS28yZHM9IiwibWFjIjoiMGFlYTU1NTY4YmFmN2FhZTgyZTU4YWZkMjY2YmI1MGU',24,50,NULL,1,250.00,250.00,NULL,'',12.50,0.00,'',0.00,0.00,NULL,0,0,'2025-07-14 14:38:42','2025-07-14 14:38:42'),(38,NULL,'eyJpdiI6IkFnZFp6WERJdzNCVThTaFlpQ1Z5dWc9PSIsInZhbHVlIjoiNTFaTDJmR0laU2ltY1podkwwRXRFbVh1OERHeHNOUzlCVmtYSCswVjVCeW51S08rSWxGYXZ4c2VwR3I4ZFQ1Z1NCS2VqRTZneDFMUy9KLytSd0dnQ2VwUVVLNkRBTVlTZ1pvb2ZWS28yZHM9IiwibWFjIjoiMGFlYTU1NTY4YmFmN2FhZTgyZTU4YWZkMjY2YmI1MGU',24,50,NULL,1,250.00,250.00,NULL,'',12.50,0.00,'',0.00,0.00,NULL,0,0,'2025-07-14 14:40:30','2025-07-14 14:40:30'),(39,NULL,'eyJpdiI6IkFnZFp6WERJdzNCVThTaFlpQ1Z5dWc9PSIsInZhbHVlIjoiNTFaTDJmR0laU2ltY1podkwwRXRFbVh1OERHeHNOUzlCVmtYSCswVjVCeW51S08rSWxGYXZ4c2VwR3I4ZFQ1Z1NCS2VqRTZneDFMUy9KLytSd0dnQ2VwUVVLNkRBTVlTZ1pvb2ZWS28yZHM9IiwibWFjIjoiMGFlYTU1NTY4YmFmN2FhZTgyZTU4YWZkMjY2YmI1MGU',24,50,NULL,1,250.00,250.00,NULL,'',12.50,0.00,'',0.00,0.00,NULL,0,0,'2025-07-14 14:42:39','2025-07-14 14:42:39'),(40,NULL,'eyJpdiI6IkFnZFp6WERJdzNCVThTaFlpQ1Z5dWc9PSIsInZhbHVlIjoiNTFaTDJmR0laU2ltY1podkwwRXRFbVh1OERHeHNOUzlCVmtYSCswVjVCeW51S08rSWxGYXZ4c2VwR3I4ZFQ1Z1NCS2VqRTZneDFMUy9KLytSd0dnQ2VwUVVLNkRBTVlTZ1pvb2ZWS28yZHM9IiwibWFjIjoiMGFlYTU1NTY4YmFmN2FhZTgyZTU4YWZkMjY2YmI1MGU',24,50,NULL,1,250.00,250.00,NULL,'',12.50,0.00,'',0.00,0.00,NULL,0,0,'2025-07-14 14:43:13','2025-07-14 14:43:13'),(41,NULL,'eyJpdiI6IkFnZFp6WERJdzNCVThTaFlpQ1Z5dWc9PSIsInZhbHVlIjoiNTFaTDJmR0laU2ltY1podkwwRXRFbVh1OERHeHNOUzlCVmtYSCswVjVCeW51S08rSWxGYXZ4c2VwR3I4ZFQ1Z1NCS2VqRTZneDFMUy9KLytSd0dnQ2VwUVVLNkRBTVlTZ1pvb2ZWS28yZHM9IiwibWFjIjoiMGFlYTU1NTY4YmFmN2FhZTgyZTU4YWZkMjY2YmI1MGU',24,50,NULL,1,250.00,250.00,NULL,'',12.50,0.00,'',0.00,0.00,NULL,0,0,'2025-07-14 14:43:22','2025-07-14 14:43:22'),(42,NULL,'eyJpdiI6IkFnZFp6WERJdzNCVThTaFlpQ1Z5dWc9PSIsInZhbHVlIjoiNTFaTDJmR0laU2ltY1podkwwRXRFbVh1OERHeHNOUzlCVmtYSCswVjVCeW51S08rSWxGYXZ4c2VwR3I4ZFQ1Z1NCS2VqRTZneDFMUy9KLytSd0dnQ2VwUVVLNkRBTVlTZ1pvb2ZWS28yZHM9IiwibWFjIjoiMGFlYTU1NTY4YmFmN2FhZTgyZTU4YWZkMjY2YmI1MGU',24,50,NULL,1,250.00,250.00,NULL,'',12.50,0.00,'',0.00,0.00,NULL,0,0,'2025-07-14 14:43:23','2025-07-14 14:43:23'),(43,NULL,'eyJpdiI6IkFnZFp6WERJdzNCVThTaFlpQ1Z5dWc9PSIsInZhbHVlIjoiNTFaTDJmR0laU2ltY1podkwwRXRFbVh1OERHeHNOUzlCVmtYSCswVjVCeW51S08rSWxGYXZ4c2VwR3I4ZFQ1Z1NCS2VqRTZneDFMUy9KLytSd0dnQ2VwUVVLNkRBTVlTZ1pvb2ZWS28yZHM9IiwibWFjIjoiMGFlYTU1NTY4YmFmN2FhZTgyZTU4YWZkMjY2YmI1MGU',24,50,NULL,1,250.00,250.00,NULL,'',12.50,0.00,'',0.00,0.00,NULL,0,0,'2025-07-14 14:46:56','2025-07-14 14:46:56'),(44,NULL,'eyJpdiI6IkFnZFp6WERJdzNCVThTaFlpQ1Z5dWc9PSIsInZhbHVlIjoiNTFaTDJmR0laU2ltY1podkwwRXRFbVh1OERHeHNOUzlCVmtYSCswVjVCeW51S08rSWxGYXZ4c2VwR3I4ZFQ1Z1NCS2VqRTZneDFMUy9KLytSd0dnQ2VwUVVLNkRBTVlTZ1pvb2ZWS28yZHM9IiwibWFjIjoiMGFlYTU1NTY4YmFmN2FhZTgyZTU4YWZkMjY2YmI1MGU',24,50,NULL,1,250.00,250.00,NULL,'',12.50,0.00,'',0.00,0.00,NULL,0,0,'2025-07-14 14:46:59','2025-07-14 14:46:59'),(47,NULL,'guest_6875e9c24d85e0.09039629',24,50,NULL,1,250.00,250.00,NULL,'',12.50,0.00,'',0.00,0.00,NULL,0,0,'2025-07-15 05:40:18','2025-07-15 05:40:18');
/*!40000 ALTER TABLE `carts` ENABLE KEYS */;
UNLOCK TABLES;

--
-- Table structure for table `categories`
--

DROP TABLE IF EXISTS `categories`;
/*!40101 SET @saved_cs_client     = @@character_set_client */;
/*!50503 SET character_set_client = utf8mb4 */;
CREATE TABLE `categories` (
  `id` int NOT NULL AUTO_INCREMENT,
  `parent_id` int DEFAULT '0',
  `name` varchar(255) CHARACTER SET utf8mb3 COLLATE utf8mb3_unicode_ci DEFAULT NULL,
  `level` int NOT NULL DEFAULT '0',
  `is_active` tinyint(1) NOT NULL DEFAULT '1',
  `created_at` timestamp NULL DEFAULT NULL,
  `updated_at` timestamp NULL DEFAULT CURRENT_TIMESTAMP,
  PRIMARY KEY (`id`)
) ENGINE=InnoDB AUTO_INCREMENT=7 DEFAULT CHARSET=utf8mb3 COLLATE=utf8mb3_unicode_ci;
/*!40101 SET character_set_client = @saved_cs_client */;

--
-- Dumping data for table `categories`
--

LOCK TABLES `categories` WRITE;
/*!40000 ALTER TABLE `categories` DISABLE KEYS */;
INSERT INTO `categories` VALUES (1,0,'Smart Thermostats',0,1,'2025-02-14 07:36:00','2025-02-14 07:36:00'),(2,0,'Security Cameras',0,1,'2025-02-14 07:36:37','2025-02-14 07:36:37'),(3,0,'Smart Smoke Detectors',0,1,'2025-02-14 07:37:39','2025-02-14 07:37:39'),(4,0,'Smart Locks & Doorbells',0,1,'2025-02-14 07:38:06','2025-02-14 07:38:06'),(6,0,'Test Category',0,1,'2025-03-20 04:08:28','2025-03-20 04:08:28');
/*!40000 ALTER TABLE `categories` ENABLE KEYS */;
UNLOCK TABLES;

--
-- Table structure for table `category_translations`
--

DROP TABLE IF EXISTS `category_translations`;
/*!40101 SET @saved_cs_client     = @@character_set_client */;
/*!50503 SET character_set_client = utf8mb4 */;
CREATE TABLE `category_translations` (
  `id` bigint NOT NULL AUTO_INCREMENT,
  `category_id` int NOT NULL,
  `lang` varchar(100) CHARACTER SET utf8mb3 COLLATE utf8mb3_unicode_ci NOT NULL,
  `name` varchar(50) CHARACTER SET utf8mb3 COLLATE utf8mb3_unicode_ci NOT NULL,
  `slug` varchar(255) CHARACTER SET utf8mb3 COLLATE utf8mb3_unicode_ci DEFAULT NULL,
  `icon` int DEFAULT NULL,
  `meta_title` mediumtext CHARACTER SET utf8mb3 COLLATE utf8mb3_unicode_ci,
  `meta_description` longtext CHARACTER SET utf8mb3 COLLATE utf8mb3_unicode_ci,
  `og_title` varchar(191) CHARACTER SET utf8mb3 COLLATE utf8mb3_unicode_ci DEFAULT NULL,
  `og_description` text CHARACTER SET utf8mb3 COLLATE utf8mb3_unicode_ci,
  `twitter_title` varchar(191) CHARACTER SET utf8mb3 COLLATE utf8mb3_unicode_ci DEFAULT NULL,
  `twitter_description` text CHARACTER SET utf8mb3 COLLATE utf8mb3_unicode_ci,
  `meta_keyword` mediumtext CHARACTER SET utf8mb3 COLLATE utf8mb3_unicode_ci,
  `created_at` timestamp NOT NULL DEFAULT CURRENT_TIMESTAMP,
  `updated_at` timestamp NOT NULL DEFAULT CURRENT_TIMESTAMP,
  PRIMARY KEY (`id`),
  KEY `category_id` (`category_id`),
  CONSTRAINT `category_translations_ibfk_1` FOREIGN KEY (`category_id`) REFERENCES `categories` (`id`) ON DELETE CASCADE
) ENGINE=InnoDB AUTO_INCREMENT=6 DEFAULT CHARSET=utf8mb3 COLLATE=utf8mb3_unicode_ci;
/*!40101 SET character_set_client = @saved_cs_client */;

--
-- Dumping data for table `category_translations`
--

LOCK TABLES `category_translations` WRITE;
/*!40000 ALTER TABLE `category_translations` DISABLE KEYS */;
INSERT INTO `category_translations` VALUES (1,1,'en','Smart Thermostats','smart-thermostats',23,NULL,NULL,NULL,NULL,NULL,NULL,NULL,'2025-02-14 07:36:00','2025-03-17 07:31:07'),(2,2,'en','Security Cameras','security-cameras',24,NULL,NULL,NULL,NULL,NULL,NULL,NULL,'2025-02-14 07:36:37','2025-03-17 07:30:54'),(3,3,'en','Smart Smoke Detectors','smart-smoke-detectors',21,NULL,NULL,NULL,NULL,NULL,NULL,NULL,'2025-02-14 07:37:39','2025-03-17 07:30:37'),(4,4,'en','Smart Locks & Doorbells','smart-locks-doorbells',22,NULL,NULL,NULL,NULL,NULL,NULL,NULL,'2025-02-14 07:38:06','2025-03-17 07:30:05'),(5,6,'en','Test Category','test-category',NULL,NULL,NULL,NULL,NULL,NULL,NULL,NULL,'2025-03-20 04:08:28','2025-03-20 04:08:28');
/*!40000 ALTER TABLE `category_translations` ENABLE KEYS */;
UNLOCK TABLES;

--
-- Table structure for table `collection_product_product`
--

DROP TABLE IF EXISTS `collection_product_product`;
/*!40101 SET @saved_cs_client     = @@character_set_client */;
/*!50503 SET character_set_client = utf8mb4 */;
CREATE TABLE `collection_product_product` (
  `id` bigint unsigned NOT NULL AUTO_INCREMENT,
  `collection_product_id` bigint unsigned NOT NULL,
  `product_id` bigint unsigned NOT NULL,
  PRIMARY KEY (`id`),
  KEY `collection_product_product_collection_product_id_foreign` (`collection_product_id`),
  CONSTRAINT `collection_product_product_collection_product_id_foreign` FOREIGN KEY (`collection_product_id`) REFERENCES `collection_products` (`id`) ON DELETE CASCADE
) ENGINE=InnoDB AUTO_INCREMENT=4 DEFAULT CHARSET=utf8mb4 COLLATE=utf8mb4_unicode_ci;
/*!40101 SET character_set_client = @saved_cs_client */;

--
-- Dumping data for table `collection_product_product`
--

LOCK TABLES `collection_product_product` WRITE;
/*!40000 ALTER TABLE `collection_product_product` DISABLE KEYS */;
INSERT INTO `collection_product_product` VALUES (1,1,1),(2,1,2),(3,1,7);
/*!40000 ALTER TABLE `collection_product_product` ENABLE KEYS */;
UNLOCK TABLES;

--
-- Table structure for table `collection_products`
--

DROP TABLE IF EXISTS `collection_products`;
/*!40101 SET @saved_cs_client     = @@character_set_client */;
/*!50503 SET character_set_client = utf8mb4 */;
CREATE TABLE `collection_products` (
  `id` bigint unsigned NOT NULL AUTO_INCREMENT,
  `collectiontitle` varchar(191) COLLATE utf8mb4_unicode_ci NOT NULL,
  `collectiondescription` text COLLATE utf8mb4_unicode_ci,
  `collectionimage1` varchar(191) COLLATE utf8mb4_unicode_ci DEFAULT NULL,
  `collectionimage2` varchar(191) COLLATE utf8mb4_unicode_ci DEFAULT NULL,
  `created_at` timestamp NULL DEFAULT NULL,
  `updated_at` timestamp NULL DEFAULT NULL,
  `page` varchar(191) COLLATE utf8mb4_unicode_ci DEFAULT NULL,
  `page_reference` varchar(191) COLLATE utf8mb4_unicode_ci DEFAULT NULL,
  PRIMARY KEY (`id`)
) ENGINE=InnoDB AUTO_INCREMENT=2 DEFAULT CHARSET=utf8mb4 COLLATE=utf8mb4_unicode_ci;
/*!40101 SET character_set_client = @saved_cs_client */;

--
-- Dumping data for table `collection_products`
--

LOCK TABLES `collection_products` WRITE;
/*!40000 ALTER TABLE `collection_products` DISABLE KEYS */;
INSERT INTO `collection_products` VALUES (1,'Test collection 1','Test collection 1','36','34','2025-07-14 13:21:43','2025-07-14 13:43:41','chairs','top');
/*!40000 ALTER TABLE `collection_products` ENABLE KEYS */;
UNLOCK TABLES;

--
-- Table structure for table `contacts`
--

DROP TABLE IF EXISTS `contacts`;
/*!40101 SET @saved_cs_client     = @@character_set_client */;
/*!50503 SET character_set_client = utf8mb4 */;
CREATE TABLE `contacts` (
  `id` int NOT NULL AUTO_INCREMENT,
  `name` varchar(255) DEFAULT NULL,
  `email` varchar(191) DEFAULT NULL,
  `phone` varchar(191) DEFAULT NULL,
  `subject` text,
  `message` longtext,
  `access_key` text,
  `user_created` tinyint(1) DEFAULT '0',
  `created_at` timestamp NOT NULL DEFAULT CURRENT_TIMESTAMP,
  `updated_at` timestamp NOT NULL DEFAULT CURRENT_TIMESTAMP ON UPDATE CURRENT_TIMESTAMP,
  PRIMARY KEY (`id`)
) ENGINE=InnoDB AUTO_INCREMENT=4 DEFAULT CHARSET=utf8mb4 COLLATE=utf8mb4_0900_ai_ci;
/*!40101 SET character_set_client = @saved_cs_client */;

--
-- Dumping data for table `contacts`
--

LOCK TABLES `contacts` WRITE;
/*!40000 ALTER TABLE `contacts` DISABLE KEYS */;
INSERT INTO `contacts` VALUES (1,'Jisha P','jisha@yopmail.com','+971568650838','test subject','qqqqqqqqqqqqqq wwwwwwwwwwwwwwwwww eeeeeeeeeeeeeeeeeeeee rrrrrrrrrrrrrrrrrrrrrrrrrrrr ttttttttttttttttttttttttttt yyyyyyyyyyyyyyyyyyyyyyyyyyy uuuuuuuuuuuuuuuuuuuuuuuu iiiiiiiiiiiiiiiiiiiiiiiiiiiiiiiiiiiiiiiiiiiiiiiiiiiiiiiiiiiiiiiii ooooooooooooooooooooooooooooooooooooo ppppppppppppppppppppppppppppppp aaaaaaaaaaaaaaaaaaaaaaaaaaa sssssssssssssssssssssssss dddddddddddddddddddddddd fffffffffffffffffffffffffffffffff ggggggggggggggg',NULL,0,'2025-03-19 07:08:16','2025-03-19 07:08:16'),(3,'mohammed','test@gmail.com',NULL,NULL,'mohammedmohammedmohammedmohammed','3QAYJW7g',1,'2025-07-17 10:29:01','2025-07-22 14:47:32');
/*!40000 ALTER TABLE `contacts` ENABLE KEYS */;
UNLOCK TABLES;

--
-- Table structure for table `coupon_usages`
--

DROP TABLE IF EXISTS `coupon_usages`;
/*!40101 SET @saved_cs_client     = @@character_set_client */;
/*!50503 SET character_set_client = utf8mb4 */;
CREATE TABLE `coupon_usages` (
  `id` int NOT NULL AUTO_INCREMENT,
  `user_id` int unsigned DEFAULT NULL,
  `guest_token` varchar(255) CHARACTER SET utf8mb3 COLLATE utf8mb3_unicode_ci DEFAULT NULL,
  `coupon_id` int NOT NULL,
  `created_at` timestamp NOT NULL DEFAULT CURRENT_TIMESTAMP,
  `updated_at` timestamp NOT NULL DEFAULT CURRENT_TIMESTAMP,
  PRIMARY KEY (`id`),
  KEY `coupon_id` (`coupon_id`),
  KEY `user_id` (`user_id`),
  CONSTRAINT `coupon_usages_ibfk_1` FOREIGN KEY (`coupon_id`) REFERENCES `coupons` (`id`) ON DELETE CASCADE,
  CONSTRAINT `coupon_usages_ibfk_2` FOREIGN KEY (`user_id`) REFERENCES `users` (`id`) ON DELETE CASCADE
) ENGINE=InnoDB AUTO_INCREMENT=4 DEFAULT CHARSET=utf8mb3 COLLATE=utf8mb3_unicode_ci;
/*!40101 SET character_set_client = @saved_cs_client */;

--
-- Dumping data for table `coupon_usages`
--

LOCK TABLES `coupon_usages` WRITE;
/*!40000 ALTER TABLE `coupon_usages` DISABLE KEYS */;
INSERT INTO `coupon_usages` VALUES (1,68,NULL,1,'2025-03-26 03:24:22','2025-03-26 03:24:22'),(2,NULL,'80627c63-9adf-49cb-9988-cb55ab5289f1',1,'2025-03-26 04:43:54','2025-03-26 04:43:54'),(3,68,NULL,2,'2025-04-17 12:36:04','2025-04-17 12:36:04');
/*!40000 ALTER TABLE `coupon_usages` ENABLE KEYS */;
UNLOCK TABLES;

--
-- Table structure for table `coupons`
--

DROP TABLE IF EXISTS `coupons`;
/*!40101 SET @saved_cs_client     = @@character_set_client */;
/*!50503 SET character_set_client = utf8mb4 */;
CREATE TABLE `coupons` (
  `id` int NOT NULL AUTO_INCREMENT,
  `user_id` int DEFAULT NULL,
  `type` varchar(255) CHARACTER SET utf8mb3 COLLATE utf8mb3_unicode_ci NOT NULL,
  `code` varchar(255) CHARACTER SET utf8mb3 COLLATE utf8mb3_unicode_ci NOT NULL,
  `details` longtext CHARACTER SET utf8mb3 COLLATE utf8mb3_unicode_ci NOT NULL,
  `discount` double(20,2) NOT NULL,
  `discount_type` varchar(100) CHARACTER SET utf8mb3 COLLATE utf8mb3_unicode_ci NOT NULL,
  `start_date` int NOT NULL,
  `end_date` int NOT NULL,
  `one_time_use` tinyint(1) NOT NULL DEFAULT '0',
  `is_used` tinyint(1) NOT NULL DEFAULT '0',
  `created_at` timestamp NOT NULL DEFAULT CURRENT_TIMESTAMP,
  `updated_at` timestamp NOT NULL DEFAULT CURRENT_TIMESTAMP,
  PRIMARY KEY (`id`)
) ENGINE=InnoDB AUTO_INCREMENT=3 DEFAULT CHARSET=utf8mb3 COLLATE=utf8mb3_unicode_ci;
/*!40101 SET character_set_client = @saved_cs_client */;

--
-- Dumping data for table `coupons`
--

LOCK TABLES `coupons` WRITE;
/*!40000 ALTER TABLE `coupons` DISABLE KEYS */;
INSERT INTO `coupons` VALUES (1,NULL,'cart_base','NEWUSER','{\"min_buy\":\"200\",\"max_discount\":\"1000\"}',50.00,'percent',1743451200,1753387200,0,0,'2025-03-24 07:17:38','2025-07-15 14:09:56'),(2,NULL,'product_base','PRODUCT','[{\"product_id\":\"2\"}]',50.00,'amount',1744833600,1745956800,0,0,'2025-04-17 05:28:58','2025-04-17 12:35:43');
/*!40000 ALTER TABLE `coupons` ENABLE KEYS */;
UNLOCK TABLES;

--
-- Table structure for table `customers`
--

DROP TABLE IF EXISTS `customers`;
/*!40101 SET @saved_cs_client     = @@character_set_client */;
/*!50503 SET character_set_client = utf8mb4 */;
CREATE TABLE `customers` (
  `id` int NOT NULL AUTO_INCREMENT,
  `user_id` int NOT NULL,
  `created_at` timestamp NOT NULL DEFAULT CURRENT_TIMESTAMP,
  `updated_at` timestamp NOT NULL DEFAULT CURRENT_TIMESTAMP,
  PRIMARY KEY (`id`)
) ENGINE=InnoDB DEFAULT CHARSET=utf8mb3 COLLATE=utf8mb3_unicode_ci;
/*!40101 SET character_set_client = @saved_cs_client */;

--
-- Dumping data for table `customers`
--

LOCK TABLES `customers` WRITE;
/*!40000 ALTER TABLE `customers` DISABLE KEYS */;
/*!40000 ALTER TABLE `customers` ENABLE KEYS */;
UNLOCK TABLES;

--
-- Table structure for table `failed_jobs`
--

DROP TABLE IF EXISTS `failed_jobs`;
/*!40101 SET @saved_cs_client     = @@character_set_client */;
/*!50503 SET character_set_client = utf8mb4 */;
CREATE TABLE `failed_jobs` (
  `id` bigint unsigned NOT NULL AUTO_INCREMENT,
  `uuid` varchar(191) CHARACTER SET utf8mb4 COLLATE utf8mb4_unicode_ci NOT NULL,
  `connection` text CHARACTER SET utf8mb4 COLLATE utf8mb4_unicode_ci NOT NULL,
  `queue` text CHARACTER SET utf8mb4 COLLATE utf8mb4_unicode_ci NOT NULL,
  `payload` longtext CHARACTER SET utf8mb4 COLLATE utf8mb4_unicode_ci NOT NULL,
  `exception` longtext CHARACTER SET utf8mb4 COLLATE utf8mb4_unicode_ci NOT NULL,
  `failed_at` timestamp NOT NULL DEFAULT CURRENT_TIMESTAMP,
  PRIMARY KEY (`id`),
  UNIQUE KEY `failed_jobs_uuid_unique` (`uuid`)
) ENGINE=MyISAM DEFAULT CHARSET=utf8mb4 COLLATE=utf8mb4_unicode_ci;
/*!40101 SET character_set_client = @saved_cs_client */;

--
-- Dumping data for table `failed_jobs`
--

LOCK TABLES `failed_jobs` WRITE;
/*!40000 ALTER TABLE `failed_jobs` DISABLE KEYS */;
/*!40000 ALTER TABLE `failed_jobs` ENABLE KEYS */;
UNLOCK TABLES;

--
-- Table structure for table `faq_categories`
--

DROP TABLE IF EXISTS `faq_categories`;
/*!40101 SET @saved_cs_client     = @@character_set_client */;
/*!50503 SET character_set_client = utf8mb4 */;
CREATE TABLE `faq_categories` (
  `id` bigint unsigned NOT NULL AUTO_INCREMENT,
  `name` varchar(191) CHARACTER SET utf8mb4 COLLATE utf8mb4_unicode_ci NOT NULL,
  `slug` varchar(100) CHARACTER SET utf8mb4 COLLATE utf8mb4_unicode_ci DEFAULT NULL,
  `is_active` tinyint(1) NOT NULL DEFAULT '1',
  `sort_order` int NOT NULL DEFAULT '0',
  `created_at` timestamp NULL DEFAULT CURRENT_TIMESTAMP,
  `updated_at` timestamp NULL DEFAULT CURRENT_TIMESTAMP ON UPDATE CURRENT_TIMESTAMP,
  PRIMARY KEY (`id`),
  UNIQUE KEY `faq_categories_name_unique` (`name`)
) ENGINE=InnoDB AUTO_INCREMENT=6 DEFAULT CHARSET=utf8mb4 COLLATE=utf8mb4_unicode_ci;
/*!40101 SET character_set_client = @saved_cs_client */;

--
-- Dumping data for table `faq_categories`
--

LOCK TABLES `faq_categories` WRITE;
/*!40000 ALTER TABLE `faq_categories` DISABLE KEYS */;
INSERT INTO `faq_categories` VALUES (2,'Services','services',1,1,'2025-02-17 04:37:08','2025-07-17 10:33:36');
/*!40000 ALTER TABLE `faq_categories` ENABLE KEYS */;
UNLOCK TABLES;

--
-- Table structure for table `faqs`
--

DROP TABLE IF EXISTS `faqs`;
/*!40101 SET @saved_cs_client     = @@character_set_client */;
/*!50503 SET character_set_client = utf8mb4 */;
CREATE TABLE `faqs` (
  `id` bigint unsigned NOT NULL AUTO_INCREMENT,
  `faq_category_id` bigint unsigned NOT NULL,
  `question` varchar(191) CHARACTER SET utf8mb4 COLLATE utf8mb4_unicode_ci NOT NULL,
  `answer` text CHARACTER SET utf8mb4 COLLATE utf8mb4_unicode_ci NOT NULL,
  `is_active` tinyint(1) NOT NULL DEFAULT '1',
  `sort_order` int NOT NULL DEFAULT '0',
  `created_at` timestamp NULL DEFAULT CURRENT_TIMESTAMP,
  `updated_at` timestamp NULL DEFAULT CURRENT_TIMESTAMP ON UPDATE CURRENT_TIMESTAMP,
  PRIMARY KEY (`id`),
  KEY `category_id` (`faq_category_id`),
  CONSTRAINT `faqs_ibfk_1` FOREIGN KEY (`faq_category_id`) REFERENCES `faq_categories` (`id`) ON DELETE CASCADE
) ENGINE=InnoDB AUTO_INCREMENT=14 DEFAULT CHARSET=utf8mb4 COLLATE=utf8mb4_unicode_ci;
/*!40101 SET character_set_client = @saved_cs_client */;

--
-- Dumping data for table `faqs`
--

LOCK TABLES `faqs` WRITE;
/*!40000 ALTER TABLE `faqs` DISABLE KEYS */;
INSERT INTO `faqs` VALUES (12,2,'What are the main stages of business plan consulting?','Lorem ipsum dolor sit amet, consectetur adipiscing elit, sed do eiusmod tempor incididunt ut labore et dolore magna aliqua. Ut enim ad minim veniam, quis nostrud exercitation ullamco laboris nisi ut aliquip ex ea commodo consequat.',1,1,'2025-07-17 10:34:00','2025-07-17 10:34:00'),(13,2,'What are the advantages of using business plan consulting services?','Lorem ipsum dolor sit amet, consectetur adipiscing elit, sed do eiusmod tempor incididunt ut labore et dolore magna aliqua. Duis aute irure dolor in reprehenderit in voluptate velit esse cillum dolore eu fugiat nulla pariatur. Excepteur sint occaecat cupidatat non proident, sunt in culpa qui officia deserunt mollit anim id est laborum.',1,2,'2025-07-17 10:34:00','2025-07-17 10:34:00');
/*!40000 ALTER TABLE `faqs` ENABLE KEYS */;
UNLOCK TABLES;

--
-- Table structure for table `firebase_notifications`
--

DROP TABLE IF EXISTS `firebase_notifications`;
/*!40101 SET @saved_cs_client     = @@character_set_client */;
/*!50503 SET character_set_client = utf8mb4 */;
CREATE TABLE `firebase_notifications` (
  `id` int NOT NULL AUTO_INCREMENT,
  `title` varchar(255) DEFAULT NULL,
  `text` text,
  `item_type` varchar(255) NOT NULL,
  `item_type_id` int NOT NULL,
  `receiver_id` int NOT NULL,
  `is_read` tinyint(1) NOT NULL DEFAULT '0',
  `created_at` timestamp NOT NULL DEFAULT CURRENT_TIMESTAMP,
  `updated_at` timestamp NOT NULL DEFAULT CURRENT_TIMESTAMP,
  PRIMARY KEY (`id`)
) ENGINE=InnoDB DEFAULT CHARSET=utf8mb3;
/*!40101 SET character_set_client = @saved_cs_client */;

--
-- Dumping data for table `firebase_notifications`
--

LOCK TABLES `firebase_notifications` WRITE;
/*!40000 ALTER TABLE `firebase_notifications` DISABLE KEYS */;
/*!40000 ALTER TABLE `firebase_notifications` ENABLE KEYS */;
UNLOCK TABLES;

--
-- Table structure for table `home_sliders`
--

DROP TABLE IF EXISTS `home_sliders`;
/*!40101 SET @saved_cs_client     = @@character_set_client */;
/*!50503 SET character_set_client = utf8mb4 */;
CREATE TABLE `home_sliders` (
  `id` bigint unsigned NOT NULL AUTO_INCREMENT,
  `name` varchar(191) CHARACTER SET utf8mb4 COLLATE utf8mb4_unicode_ci DEFAULT NULL,
  `image` int DEFAULT NULL,
  `mobile_image` int DEFAULT NULL,
  `video_file` varchar(191) COLLATE utf8mb4_unicode_ci DEFAULT NULL,
  `video_url` varchar(191) COLLATE utf8mb4_unicode_ci DEFAULT NULL,
  `title` varchar(191) CHARACTER SET utf8mb4 COLLATE utf8mb4_unicode_ci DEFAULT NULL,
  `sub_title` varchar(191) CHARACTER SET utf8mb4 COLLATE utf8mb4_unicode_ci DEFAULT NULL,
  `btn_text` varchar(191) CHARACTER SET utf8mb4 COLLATE utf8mb4_unicode_ci DEFAULT NULL,
  `link_type` varchar(191) CHARACTER SET utf8mb4 COLLATE utf8mb4_unicode_ci DEFAULT NULL,
  `link_ref` varchar(191) CHARACTER SET utf8mb4 COLLATE utf8mb4_unicode_ci DEFAULT NULL,
  `link_ref_id` int DEFAULT NULL,
  `link` varchar(191) CHARACTER SET utf8mb4 COLLATE utf8mb4_unicode_ci DEFAULT NULL,
  `sort_order` int DEFAULT '1',
  `status` tinyint(1) NOT NULL DEFAULT '1',
  `created_at` timestamp NULL DEFAULT NULL,
  `updated_at` timestamp NULL DEFAULT NULL,
  PRIMARY KEY (`id`)
) ENGINE=InnoDB AUTO_INCREMENT=8 DEFAULT CHARSET=utf8mb4 COLLATE=utf8mb4_unicode_ci;
/*!40101 SET character_set_client = @saved_cs_client */;

--
-- Dumping data for table `home_sliders`
--

LOCK TABLES `home_sliders` WRITE;
/*!40000 ALTER TABLE `home_sliders` DISABLE KEYS */;
INSERT INTO `home_sliders` VALUES (1,'Test Title',36,17,'0','https://www.youtube.com/watch?v=PAoUgUHpt30&list=RDPAoUgUHpt30&start_radio=1',NULL,'Test Title',NULL,'external','external',NULL,'https://www.google.com',1,1,'2025-03-17 02:38:23','2025-07-21 10:47:01'),(7,'Test Video',36,36,'sliders/videos/vtkUOaz3M3SPNLKJvNd8zySKoM7sHVkdLQwJr1GA.mp4',NULL,NULL,'Test subtitle',NULL,'external','external',NULL,'https://github.com/efectn/laravel-menu-builder',1,1,'2025-07-16 06:30:06','2025-07-21 10:43:01');
/*!40000 ALTER TABLE `home_sliders` ENABLE KEYS */;
UNLOCK TABLES;

--
-- Table structure for table `jobs`
--

DROP TABLE IF EXISTS `jobs`;
/*!40101 SET @saved_cs_client     = @@character_set_client */;
/*!50503 SET character_set_client = utf8mb4 */;
CREATE TABLE `jobs` (
  `id` bigint unsigned NOT NULL AUTO_INCREMENT,
  `queue` varchar(191) CHARACTER SET utf8mb4 COLLATE utf8mb4_unicode_ci NOT NULL,
  `payload` longtext CHARACTER SET utf8mb4 COLLATE utf8mb4_unicode_ci NOT NULL,
  `attempts` tinyint unsigned NOT NULL,
  `reserved_at` int unsigned DEFAULT NULL,
  `available_at` int unsigned NOT NULL,
  `created_at` int unsigned NOT NULL,
  PRIMARY KEY (`id`),
  KEY `jobs_queue_index` (`queue`)
) ENGINE=MyISAM AUTO_INCREMENT=61 DEFAULT CHARSET=utf8mb4 COLLATE=utf8mb4_unicode_ci;
/*!40101 SET character_set_client = @saved_cs_client */;

--
-- Dumping data for table `jobs`
--

LOCK TABLES `jobs` WRITE;
/*!40000 ALTER TABLE `jobs` DISABLE KEYS */;
INSERT INTO `jobs` VALUES (37,'default','{\"uuid\":\"ba8bc5f4-3a9d-423a-a7f0-339cd057ede9\",\"displayName\":\"App\\\\Mail\\\\InvoiceEmailManager\",\"job\":\"Illuminate\\\\Queue\\\\CallQueuedHandler@call\",\"maxTries\":null,\"maxExceptions\":null,\"failOnTimeout\":false,\"backoff\":null,\"timeout\":null,\"retryUntil\":null,\"data\":{\"commandName\":\"Illuminate\\\\Mail\\\\SendQueuedMailable\",\"command\":\"O:34:\\\"Illuminate\\\\Mail\\\\SendQueuedMailable\\\":15:{s:8:\\\"mailable\\\";O:28:\\\"App\\\\Mail\\\\InvoiceEmailManager\\\":3:{s:5:\\\"array\\\";a:4:{s:4:\\\"view\\\";s:14:\\\"emails.invoice\\\";s:7:\\\"subject\\\";s:47:\\\"A new order has been placed - 20250417-17592528\\\";s:4:\\\"from\\\";s:23:\\\"jisha.tomsher@gmail.com\\\";s:5:\\\"order\\\";O:16:\\\"App\\\\Models\\\\Order\\\":30:{s:13:\\\"\\u0000*\\u0000connection\\\";s:5:\\\"mysql\\\";s:8:\\\"\\u0000*\\u0000table\\\";s:6:\\\"orders\\\";s:13:\\\"\\u0000*\\u0000primaryKey\\\";s:2:\\\"id\\\";s:10:\\\"\\u0000*\\u0000keyType\\\";s:3:\\\"int\\\";s:12:\\\"incrementing\\\";b:1;s:7:\\\"\\u0000*\\u0000with\\\";a:0:{}s:12:\\\"\\u0000*\\u0000withCount\\\";a:0:{}s:19:\\\"preventsLazyLoading\\\";b:0;s:10:\\\"\\u0000*\\u0000perPage\\\";i:15;s:6:\\\"exists\\\";b:1;s:18:\\\"wasRecentlyCreated\\\";b:1;s:28:\\\"\\u0000*\\u0000escapeWhenCastingToString\\\";b:0;s:13:\\\"\\u0000*\\u0000attributes\\\";a:20:{s:7:\\\"user_id\\\";N;s:16:\\\"shipping_address\\\";s:127:\\\"{\\\"name\\\":null,\\\"email\\\":null,\\\"address\\\":null,\\\"zipcode\\\":null,\\\"city\\\":null,\\\"state\\\":null,\\\"country\\\":\\\"United Arab Emirates\\\",\\\"phone\\\":null}\\\";s:15:\\\"billing_address\\\";s:127:\\\"{\\\"name\\\":null,\\\"email\\\":null,\\\"address\\\":null,\\\"zipcode\\\":null,\\\"city\\\":null,\\\"state\\\":null,\\\"country\\\":\\\"United Arab Emirates\\\",\\\"phone\\\":null}\\\";s:11:\\\"order_notes\\\";s:0:\\\"\\\";s:13:\\\"shipping_type\\\";s:13:\\\"free_shipping\\\";s:13:\\\"shipping_cost\\\";d:0;s:15:\\\"delivery_status\\\";s:7:\\\"pending\\\";s:12:\\\"payment_type\\\";s:3:\\\"cod\\\";s:14:\\\"payment_status\\\";s:7:\\\"un_paid\\\";s:11:\\\"grand_total\\\";d:1219;s:3:\\\"tax\\\";d:0;s:9:\\\"sub_total\\\";d:1319;s:14:\\\"offer_discount\\\";d:100;s:15:\\\"coupon_discount\\\";d:0;s:4:\\\"code\\\";s:17:\\\"20250417-17592528\\\";s:4:\\\"date\\\";i:1744898365;s:10:\\\"updated_at\\\";s:19:\\\"2025-04-17 17:59:25\\\";s:10:\\\"created_at\\\";s:19:\\\"2025-04-17 17:59:25\\\";s:2:\\\"id\\\";i:19;s:11:\\\"coupon_code\\\";N;}s:11:\\\"\\u0000*\\u0000original\\\";a:20:{s:7:\\\"user_id\\\";N;s:16:\\\"shipping_address\\\";s:127:\\\"{\\\"name\\\":null,\\\"email\\\":null,\\\"address\\\":null,\\\"zipcode\\\":null,\\\"city\\\":null,\\\"state\\\":null,\\\"country\\\":\\\"United Arab Emirates\\\",\\\"phone\\\":null}\\\";s:15:\\\"billing_address\\\";s:127:\\\"{\\\"name\\\":null,\\\"email\\\":null,\\\"address\\\":null,\\\"zipcode\\\":null,\\\"city\\\":null,\\\"state\\\":null,\\\"country\\\":\\\"United Arab Emirates\\\",\\\"phone\\\":null}\\\";s:11:\\\"order_notes\\\";s:0:\\\"\\\";s:13:\\\"shipping_type\\\";s:13:\\\"free_shipping\\\";s:13:\\\"shipping_cost\\\";d:0;s:15:\\\"delivery_status\\\";s:7:\\\"pending\\\";s:12:\\\"payment_type\\\";s:3:\\\"cod\\\";s:14:\\\"payment_status\\\";s:7:\\\"un_paid\\\";s:11:\\\"grand_total\\\";d:1219;s:3:\\\"tax\\\";d:0;s:9:\\\"sub_total\\\";d:1319;s:14:\\\"offer_discount\\\";d:100;s:15:\\\"coupon_discount\\\";d:0;s:4:\\\"code\\\";s:17:\\\"20250417-17592528\\\";s:4:\\\"date\\\";i:1744898365;s:10:\\\"updated_at\\\";s:19:\\\"2025-04-17 17:59:25\\\";s:10:\\\"created_at\\\";s:19:\\\"2025-04-17 17:59:25\\\";s:2:\\\"id\\\";i:19;s:11:\\\"coupon_code\\\";N;}s:10:\\\"\\u0000*\\u0000changes\\\";a:4:{s:11:\\\"grand_total\\\";d:1219;s:9:\\\"sub_total\\\";d:1319;s:14:\\\"offer_discount\\\";d:100;s:11:\\\"coupon_code\\\";N;}s:8:\\\"\\u0000*\\u0000casts\\\";a:0:{}s:17:\\\"\\u0000*\\u0000classCastCache\\\";a:0:{}s:21:\\\"\\u0000*\\u0000attributeCastCache\\\";a:0:{}s:13:\\\"\\u0000*\\u0000dateFormat\\\";N;s:10:\\\"\\u0000*\\u0000appends\\\";a:0:{}s:19:\\\"\\u0000*\\u0000dispatchesEvents\\\";a:0:{}s:14:\\\"\\u0000*\\u0000observables\\\";a:0:{}s:12:\\\"\\u0000*\\u0000relations\\\";a:0:{}s:10:\\\"\\u0000*\\u0000touches\\\";a:0:{}s:10:\\\"timestamps\\\";b:1;s:13:\\\"usesUniqueIds\\\";b:0;s:9:\\\"\\u0000*\\u0000hidden\\\";a:0:{}s:10:\\\"\\u0000*\\u0000visible\\\";a:0:{}s:11:\\\"\\u0000*\\u0000fillable\\\";a:27:{i:0;s:4:\\\"code\\\";i:1;s:7:\\\"user_id\\\";i:2;s:18:\\\"estimated_delivery\\\";i:3;s:16:\\\"shipping_address\\\";i:4;s:15:\\\"billing_address\\\";i:5;s:11:\\\"order_notes\\\";i:6;s:15:\\\"delivery_status\\\";i:7;s:12:\\\"payment_type\\\";i:8;s:14:\\\"payment_status\\\";i:9;s:15:\\\"payment_details\\\";i:10;s:19:\\\"payment_tracking_id\\\";i:11;s:13:\\\"shipping_type\\\";i:12;s:13:\\\"shipping_cost\\\";i:13;s:3:\\\"tax\\\";i:14;s:11:\\\"grand_total\\\";i:15;s:9:\\\"sub_total\\\";i:16;s:15:\\\"coupon_discount\\\";i:17;s:11:\\\"coupon_code\\\";i:18;s:14:\\\"offer_discount\\\";i:19;s:13:\\\"tracking_code\\\";i:20;s:23:\\\"delivery_completed_date\\\";i:21;s:4:\\\"date\\\";i:22;s:14:\\\"cancel_request\\\";i:23;s:19:\\\"cancel_request_date\\\";i:24;s:15:\\\"cancel_approval\\\";i:25;s:20:\\\"cancel_approval_date\\\";i:26;s:13:\\\"cancel_reason\\\";}s:10:\\\"\\u0000*\\u0000guarded\\\";a:1:{i:0;s:1:\\\"*\\\";}}}s:2:\\\"to\\\";a:1:{i:0;a:2:{s:4:\\\"name\\\";N;s:7:\\\"address\\\";s:23:\\\"jisha.tomsher@gmail.com\\\";}}s:6:\\\"mailer\\\";s:4:\\\"smtp\\\";}s:5:\\\"tries\\\";N;s:7:\\\"timeout\\\";N;s:13:\\\"maxExceptions\\\";N;s:17:\\\"shouldBeEncrypted\\\";b:0;s:10:\\\"connection\\\";N;s:5:\\\"queue\\\";N;s:15:\\\"chainConnection\\\";N;s:10:\\\"chainQueue\\\";N;s:19:\\\"chainCatchCallbacks\\\";N;s:5:\\\"delay\\\";N;s:11:\\\"afterCommit\\\";N;s:10:\\\"middleware\\\";a:0:{}s:7:\\\"chained\\\";a:0:{}s:3:\\\"job\\\";N;}\"}}',0,NULL,1744898365,1744898365),(36,'default','{\"uuid\":\"9d277382-be06-4cb8-bde9-cfb7605abacb\",\"displayName\":\"App\\\\Mail\\\\InvoiceEmailManager\",\"job\":\"Illuminate\\\\Queue\\\\CallQueuedHandler@call\",\"maxTries\":null,\"maxExceptions\":null,\"failOnTimeout\":false,\"backoff\":null,\"timeout\":null,\"retryUntil\":null,\"data\":{\"commandName\":\"Illuminate\\\\Mail\\\\SendQueuedMailable\",\"command\":\"O:34:\\\"Illuminate\\\\Mail\\\\SendQueuedMailable\\\":15:{s:8:\\\"mailable\\\";O:28:\\\"App\\\\Mail\\\\InvoiceEmailManager\\\":3:{s:5:\\\"array\\\";a:4:{s:4:\\\"view\\\";s:14:\\\"emails.invoice\\\";s:7:\\\"subject\\\";s:47:\\\"A new order has been placed - 20250417-17581794\\\";s:4:\\\"from\\\";s:23:\\\"jisha.tomsher@gmail.com\\\";s:5:\\\"order\\\";O:16:\\\"App\\\\Models\\\\Order\\\":30:{s:13:\\\"\\u0000*\\u0000connection\\\";s:5:\\\"mysql\\\";s:8:\\\"\\u0000*\\u0000table\\\";s:6:\\\"orders\\\";s:13:\\\"\\u0000*\\u0000primaryKey\\\";s:2:\\\"id\\\";s:10:\\\"\\u0000*\\u0000keyType\\\";s:3:\\\"int\\\";s:12:\\\"incrementing\\\";b:1;s:7:\\\"\\u0000*\\u0000with\\\";a:0:{}s:12:\\\"\\u0000*\\u0000withCount\\\";a:0:{}s:19:\\\"preventsLazyLoading\\\";b:0;s:10:\\\"\\u0000*\\u0000perPage\\\";i:15;s:6:\\\"exists\\\";b:1;s:18:\\\"wasRecentlyCreated\\\";b:1;s:28:\\\"\\u0000*\\u0000escapeWhenCastingToString\\\";b:0;s:13:\\\"\\u0000*\\u0000attributes\\\";a:20:{s:7:\\\"user_id\\\";i:68;s:16:\\\"shipping_address\\\";s:227:\\\"{\\\"name\\\":\\\"Shipping name\\\",\\\"email\\\":\\\"jisha.tomsher@gmail.com\\\",\\\"address\\\":\\\"Shipping address\\\",\\\"zipcode\\\":\\\"Shipping zip\\\",\\\"city\\\":\\\"Shipping city\\\",\\\"state\\\":\\\"Shipping state\\\",\\\"country\\\":\\\"Shipping  United Arab Emirates\\\",\\\"phone\\\":\\\"1111111111111\\\"}\\\";s:15:\\\"billing_address\\\";s:218:\\\"{\\\"name\\\":\\\"Billing name\\\",\\\"email\\\":\\\"jisha.tomsher@gmail.com\\\",\\\"address\\\":\\\"Billing address\\\",\\\"zipcode\\\":\\\"Billing zip\\\",\\\"city\\\":\\\"Billing city\\\",\\\"state\\\":\\\"Billing state\\\",\\\"country\\\":\\\"Billing United Arab Emirates\\\",\\\"phone\\\":\\\"22222222222\\\"}\\\";s:11:\\\"order_notes\\\";s:0:\\\"\\\";s:13:\\\"shipping_type\\\";s:9:\\\"flat_rate\\\";s:13:\\\"shipping_cost\\\";d:20;s:15:\\\"delivery_status\\\";s:7:\\\"pending\\\";s:12:\\\"payment_type\\\";s:3:\\\"cod\\\";s:14:\\\"payment_status\\\";s:7:\\\"un_paid\\\";s:11:\\\"grand_total\\\";d:840;s:3:\\\"tax\\\";d:0;s:9:\\\"sub_total\\\";d:820;s:14:\\\"offer_discount\\\";d:0;s:15:\\\"coupon_discount\\\";d:0;s:4:\\\"code\\\";s:17:\\\"20250417-17581794\\\";s:4:\\\"date\\\";i:1744898297;s:10:\\\"updated_at\\\";s:19:\\\"2025-04-17 17:58:17\\\";s:10:\\\"created_at\\\";s:19:\\\"2025-04-17 17:58:17\\\";s:2:\\\"id\\\";i:18;s:11:\\\"coupon_code\\\";N;}s:11:\\\"\\u0000*\\u0000original\\\";a:20:{s:7:\\\"user_id\\\";i:68;s:16:\\\"shipping_address\\\";s:227:\\\"{\\\"name\\\":\\\"Shipping name\\\",\\\"email\\\":\\\"jisha.tomsher@gmail.com\\\",\\\"address\\\":\\\"Shipping address\\\",\\\"zipcode\\\":\\\"Shipping zip\\\",\\\"city\\\":\\\"Shipping city\\\",\\\"state\\\":\\\"Shipping state\\\",\\\"country\\\":\\\"Shipping  United Arab Emirates\\\",\\\"phone\\\":\\\"1111111111111\\\"}\\\";s:15:\\\"billing_address\\\";s:218:\\\"{\\\"name\\\":\\\"Billing name\\\",\\\"email\\\":\\\"jisha.tomsher@gmail.com\\\",\\\"address\\\":\\\"Billing address\\\",\\\"zipcode\\\":\\\"Billing zip\\\",\\\"city\\\":\\\"Billing city\\\",\\\"state\\\":\\\"Billing state\\\",\\\"country\\\":\\\"Billing United Arab Emirates\\\",\\\"phone\\\":\\\"22222222222\\\"}\\\";s:11:\\\"order_notes\\\";s:0:\\\"\\\";s:13:\\\"shipping_type\\\";s:9:\\\"flat_rate\\\";s:13:\\\"shipping_cost\\\";d:20;s:15:\\\"delivery_status\\\";s:7:\\\"pending\\\";s:12:\\\"payment_type\\\";s:3:\\\"cod\\\";s:14:\\\"payment_status\\\";s:7:\\\"un_paid\\\";s:11:\\\"grand_total\\\";d:840;s:3:\\\"tax\\\";d:0;s:9:\\\"sub_total\\\";d:820;s:14:\\\"offer_discount\\\";d:0;s:15:\\\"coupon_discount\\\";d:0;s:4:\\\"code\\\";s:17:\\\"20250417-17581794\\\";s:4:\\\"date\\\";i:1744898297;s:10:\\\"updated_at\\\";s:19:\\\"2025-04-17 17:58:17\\\";s:10:\\\"created_at\\\";s:19:\\\"2025-04-17 17:58:17\\\";s:2:\\\"id\\\";i:18;s:11:\\\"coupon_code\\\";N;}s:10:\\\"\\u0000*\\u0000changes\\\";a:5:{s:13:\\\"shipping_type\\\";s:9:\\\"flat_rate\\\";s:13:\\\"shipping_cost\\\";d:20;s:11:\\\"grand_total\\\";d:840;s:9:\\\"sub_total\\\";d:820;s:11:\\\"coupon_code\\\";N;}s:8:\\\"\\u0000*\\u0000casts\\\";a:0:{}s:17:\\\"\\u0000*\\u0000classCastCache\\\";a:0:{}s:21:\\\"\\u0000*\\u0000attributeCastCache\\\";a:0:{}s:13:\\\"\\u0000*\\u0000dateFormat\\\";N;s:10:\\\"\\u0000*\\u0000appends\\\";a:0:{}s:19:\\\"\\u0000*\\u0000dispatchesEvents\\\";a:0:{}s:14:\\\"\\u0000*\\u0000observables\\\";a:0:{}s:12:\\\"\\u0000*\\u0000relations\\\";a:1:{s:4:\\\"user\\\";O:15:\\\"App\\\\Models\\\\User\\\":32:{s:13:\\\"\\u0000*\\u0000connection\\\";s:5:\\\"mysql\\\";s:8:\\\"\\u0000*\\u0000table\\\";s:5:\\\"users\\\";s:13:\\\"\\u0000*\\u0000primaryKey\\\";s:2:\\\"id\\\";s:10:\\\"\\u0000*\\u0000keyType\\\";s:3:\\\"int\\\";s:12:\\\"incrementing\\\";b:1;s:7:\\\"\\u0000*\\u0000with\\\";a:0:{}s:12:\\\"\\u0000*\\u0000withCount\\\";a:0:{}s:19:\\\"preventsLazyLoading\\\";b:0;s:10:\\\"\\u0000*\\u0000perPage\\\";i:15;s:6:\\\"exists\\\";b:1;s:18:\\\"wasRecentlyCreated\\\";b:0;s:28:\\\"\\u0000*\\u0000escapeWhenCastingToString\\\";b:0;s:13:\\\"\\u0000*\\u0000attributes\\\";a:20:{s:2:\\\"id\\\";i:68;s:9:\\\"user_type\\\";s:8:\\\"customer\\\";s:4:\\\"name\\\";s:15:\\\"Nythika Renjith\\\";s:5:\\\"email\\\";s:23:\\\"jisha.tomsher@gmail.com\\\";s:5:\\\"phone\\\";s:12:\\\"971568650838\\\";s:6:\\\"banned\\\";i:0;s:8:\\\"password\\\";s:60:\\\"$2y$12$TJLFV0ymMSd4PLNrKM1WHe1UtBcCYbj9KVARdiuas2KlwgsPv6GIy\\\";s:14:\\\"remember_token\\\";s:60:\\\"NDCGvEimz6Qm42Xbo0f7RxtBgpdzbGTXHSijuAYkcQnkK4m6KkYPwcKpeTqK\\\";s:3:\\\"otp\\\";N;s:10:\\\"otp_expiry\\\";N;s:17:\\\"is_phone_verified\\\";i:0;s:17:\\\"email_verified_at\\\";N;s:17:\\\"verification_code\\\";N;s:6:\\\"status\\\";i:0;s:12:\\\"device_token\\\";N;s:6:\\\"avatar\\\";N;s:10:\\\"created_by\\\";N;s:10:\\\"updated_by\\\";N;s:10:\\\"created_at\\\";s:19:\\\"2025-03-22 05:36:38\\\";s:10:\\\"updated_at\\\";s:19:\\\"2025-04-17 16:59:32\\\";}s:11:\\\"\\u0000*\\u0000original\\\";a:20:{s:2:\\\"id\\\";i:68;s:9:\\\"user_type\\\";s:8:\\\"customer\\\";s:4:\\\"name\\\";s:15:\\\"Nythika Renjith\\\";s:5:\\\"email\\\";s:23:\\\"jisha.tomsher@gmail.com\\\";s:5:\\\"phone\\\";s:12:\\\"971568650838\\\";s:6:\\\"banned\\\";i:0;s:8:\\\"password\\\";s:60:\\\"$2y$12$TJLFV0ymMSd4PLNrKM1WHe1UtBcCYbj9KVARdiuas2KlwgsPv6GIy\\\";s:14:\\\"remember_token\\\";s:60:\\\"NDCGvEimz6Qm42Xbo0f7RxtBgpdzbGTXHSijuAYkcQnkK4m6KkYPwcKpeTqK\\\";s:3:\\\"otp\\\";N;s:10:\\\"otp_expiry\\\";N;s:17:\\\"is_phone_verified\\\";i:0;s:17:\\\"email_verified_at\\\";N;s:17:\\\"verification_code\\\";N;s:6:\\\"status\\\";i:0;s:12:\\\"device_token\\\";N;s:6:\\\"avatar\\\";N;s:10:\\\"created_by\\\";N;s:10:\\\"updated_by\\\";N;s:10:\\\"created_at\\\";s:19:\\\"2025-03-22 05:36:38\\\";s:10:\\\"updated_at\\\";s:19:\\\"2025-04-17 16:59:32\\\";}s:10:\\\"\\u0000*\\u0000changes\\\";a:0:{}s:8:\\\"\\u0000*\\u0000casts\\\";a:2:{s:17:\\\"email_verified_at\\\";s:8:\\\"datetime\\\";s:8:\\\"password\\\";s:6:\\\"hashed\\\";}s:17:\\\"\\u0000*\\u0000classCastCache\\\";a:0:{}s:21:\\\"\\u0000*\\u0000attributeCastCache\\\";a:0:{}s:13:\\\"\\u0000*\\u0000dateFormat\\\";N;s:10:\\\"\\u0000*\\u0000appends\\\";a:0:{}s:19:\\\"\\u0000*\\u0000dispatchesEvents\\\";a:0:{}s:14:\\\"\\u0000*\\u0000observables\\\";a:0:{}s:12:\\\"\\u0000*\\u0000relations\\\";a:0:{}s:10:\\\"\\u0000*\\u0000touches\\\";a:0:{}s:10:\\\"timestamps\\\";b:1;s:13:\\\"usesUniqueIds\\\";b:0;s:9:\\\"\\u0000*\\u0000hidden\\\";a:2:{i:0;s:8:\\\"password\\\";i:1;s:14:\\\"remember_token\\\";}s:10:\\\"\\u0000*\\u0000visible\\\";a:0:{}s:11:\\\"\\u0000*\\u0000fillable\\\";a:4:{i:0;s:4:\\\"name\\\";i:1;s:5:\\\"email\\\";i:2;s:5:\\\"phone\\\";i:3;s:8:\\\"password\\\";}s:10:\\\"\\u0000*\\u0000guarded\\\";a:1:{i:0;s:1:\\\"*\\\";}s:20:\\\"\\u0000*\\u0000rememberTokenName\\\";s:14:\\\"remember_token\\\";s:14:\\\"\\u0000*\\u0000accessToken\\\";N;}}s:10:\\\"\\u0000*\\u0000touches\\\";a:0:{}s:10:\\\"timestamps\\\";b:1;s:13:\\\"usesUniqueIds\\\";b:0;s:9:\\\"\\u0000*\\u0000hidden\\\";a:0:{}s:10:\\\"\\u0000*\\u0000visible\\\";a:0:{}s:11:\\\"\\u0000*\\u0000fillable\\\";a:27:{i:0;s:4:\\\"code\\\";i:1;s:7:\\\"user_id\\\";i:2;s:18:\\\"estimated_delivery\\\";i:3;s:16:\\\"shipping_address\\\";i:4;s:15:\\\"billing_address\\\";i:5;s:11:\\\"order_notes\\\";i:6;s:15:\\\"delivery_status\\\";i:7;s:12:\\\"payment_type\\\";i:8;s:14:\\\"payment_status\\\";i:9;s:15:\\\"payment_details\\\";i:10;s:19:\\\"payment_tracking_id\\\";i:11;s:13:\\\"shipping_type\\\";i:12;s:13:\\\"shipping_cost\\\";i:13;s:3:\\\"tax\\\";i:14;s:11:\\\"grand_total\\\";i:15;s:9:\\\"sub_total\\\";i:16;s:15:\\\"coupon_discount\\\";i:17;s:11:\\\"coupon_code\\\";i:18;s:14:\\\"offer_discount\\\";i:19;s:13:\\\"tracking_code\\\";i:20;s:23:\\\"delivery_completed_date\\\";i:21;s:4:\\\"date\\\";i:22;s:14:\\\"cancel_request\\\";i:23;s:19:\\\"cancel_request_date\\\";i:24;s:15:\\\"cancel_approval\\\";i:25;s:20:\\\"cancel_approval_date\\\";i:26;s:13:\\\"cancel_reason\\\";}s:10:\\\"\\u0000*\\u0000guarded\\\";a:1:{i:0;s:1:\\\"*\\\";}}}s:2:\\\"to\\\";a:1:{i:0;a:2:{s:4:\\\"name\\\";N;s:7:\\\"address\\\";s:23:\\\"jisha.tomsher@gmail.com\\\";}}s:6:\\\"mailer\\\";s:4:\\\"smtp\\\";}s:5:\\\"tries\\\";N;s:7:\\\"timeout\\\";N;s:13:\\\"maxExceptions\\\";N;s:17:\\\"shouldBeEncrypted\\\";b:0;s:10:\\\"connection\\\";N;s:5:\\\"queue\\\";N;s:15:\\\"chainConnection\\\";N;s:10:\\\"chainQueue\\\";N;s:19:\\\"chainCatchCallbacks\\\";N;s:5:\\\"delay\\\";N;s:11:\\\"afterCommit\\\";N;s:10:\\\"middleware\\\";a:0:{}s:7:\\\"chained\\\";a:0:{}s:3:\\\"job\\\";N;}\"}}',0,NULL,1744898297,1744898297),(33,'default','{\"uuid\":\"c5f1d40e-5e6a-4ec3-ad48-ca795bb1a848\",\"displayName\":\"App\\\\Mail\\\\InvoiceEmailManager\",\"job\":\"Illuminate\\\\Queue\\\\CallQueuedHandler@call\",\"maxTries\":null,\"maxExceptions\":null,\"failOnTimeout\":false,\"backoff\":null,\"timeout\":null,\"retryUntil\":null,\"data\":{\"commandName\":\"Illuminate\\\\Mail\\\\SendQueuedMailable\",\"command\":\"O:34:\\\"Illuminate\\\\Mail\\\\SendQueuedMailable\\\":15:{s:8:\\\"mailable\\\";O:28:\\\"App\\\\Mail\\\\InvoiceEmailManager\\\":3:{s:5:\\\"array\\\";a:4:{s:4:\\\"view\\\";s:14:\\\"emails.invoice\\\";s:7:\\\"subject\\\";s:44:\\\"Thank you for your order - 20250417-17322822\\\";s:4:\\\"from\\\";s:23:\\\"jisha.tomsher@gmail.com\\\";s:5:\\\"order\\\";O:16:\\\"App\\\\Models\\\\Order\\\":30:{s:13:\\\"\\u0000*\\u0000connection\\\";s:5:\\\"mysql\\\";s:8:\\\"\\u0000*\\u0000table\\\";s:6:\\\"orders\\\";s:13:\\\"\\u0000*\\u0000primaryKey\\\";s:2:\\\"id\\\";s:10:\\\"\\u0000*\\u0000keyType\\\";s:3:\\\"int\\\";s:12:\\\"incrementing\\\";b:1;s:7:\\\"\\u0000*\\u0000with\\\";a:0:{}s:12:\\\"\\u0000*\\u0000withCount\\\";a:0:{}s:19:\\\"preventsLazyLoading\\\";b:0;s:10:\\\"\\u0000*\\u0000perPage\\\";i:15;s:6:\\\"exists\\\";b:1;s:18:\\\"wasRecentlyCreated\\\";b:1;s:28:\\\"\\u0000*\\u0000escapeWhenCastingToString\\\";b:0;s:13:\\\"\\u0000*\\u0000attributes\\\";a:20:{s:7:\\\"user_id\\\";i:68;s:16:\\\"shipping_address\\\";s:179:\\\"{\\\"name\\\":\\\"Jisha P\\\",\\\"email\\\":\\\"jisha.tomsher@gmail.com\\\",\\\"address\\\":\\\"Flat No 303, Building name\\\",\\\"zipcode\\\":\\\"0000\\\",\\\"city\\\":\\\"Dubai\\\",\\\"state\\\":\\\"Dubai\\\",\\\"country\\\":\\\"UAE\\\",\\\"phone\\\":\\\"+971568650838\\\"}\\\";s:15:\\\"billing_address\\\";s:179:\\\"{\\\"name\\\":\\\"Jisha P\\\",\\\"email\\\":\\\"jisha.tomsher@gmail.com\\\",\\\"address\\\":\\\"Flat No 303, Building name\\\",\\\"zipcode\\\":\\\"0000\\\",\\\"city\\\":\\\"Dubai\\\",\\\"state\\\":\\\"Dubai\\\",\\\"country\\\":\\\"UAE\\\",\\\"phone\\\":\\\"+971568650838\\\"}\\\";s:11:\\\"order_notes\\\";s:0:\\\"\\\";s:13:\\\"shipping_type\\\";s:13:\\\"free_shipping\\\";s:13:\\\"shipping_cost\\\";d:0;s:15:\\\"delivery_status\\\";s:7:\\\"pending\\\";s:12:\\\"payment_type\\\";s:3:\\\"cod\\\";s:14:\\\"payment_status\\\";s:7:\\\"un_paid\\\";s:11:\\\"grand_total\\\";d:3789.57;s:3:\\\"tax\\\";d:33.57;s:9:\\\"sub_total\\\";d:3856;s:14:\\\"offer_discount\\\";d:100;s:15:\\\"coupon_discount\\\";d:0;s:4:\\\"code\\\";s:17:\\\"20250417-17322822\\\";s:4:\\\"date\\\";i:1744896748;s:10:\\\"updated_at\\\";s:19:\\\"2025-04-17 17:32:28\\\";s:10:\\\"created_at\\\";s:19:\\\"2025-04-17 17:32:28\\\";s:2:\\\"id\\\";i:17;s:11:\\\"coupon_code\\\";N;}s:11:\\\"\\u0000*\\u0000original\\\";a:20:{s:7:\\\"user_id\\\";i:68;s:16:\\\"shipping_address\\\";s:179:\\\"{\\\"name\\\":\\\"Jisha P\\\",\\\"email\\\":\\\"jisha.tomsher@gmail.com\\\",\\\"address\\\":\\\"Flat No 303, Building name\\\",\\\"zipcode\\\":\\\"0000\\\",\\\"city\\\":\\\"Dubai\\\",\\\"state\\\":\\\"Dubai\\\",\\\"country\\\":\\\"UAE\\\",\\\"phone\\\":\\\"+971568650838\\\"}\\\";s:15:\\\"billing_address\\\";s:179:\\\"{\\\"name\\\":\\\"Jisha P\\\",\\\"email\\\":\\\"jisha.tomsher@gmail.com\\\",\\\"address\\\":\\\"Flat No 303, Building name\\\",\\\"zipcode\\\":\\\"0000\\\",\\\"city\\\":\\\"Dubai\\\",\\\"state\\\":\\\"Dubai\\\",\\\"country\\\":\\\"UAE\\\",\\\"phone\\\":\\\"+971568650838\\\"}\\\";s:11:\\\"order_notes\\\";s:0:\\\"\\\";s:13:\\\"shipping_type\\\";s:13:\\\"free_shipping\\\";s:13:\\\"shipping_cost\\\";d:0;s:15:\\\"delivery_status\\\";s:7:\\\"pending\\\";s:12:\\\"payment_type\\\";s:3:\\\"cod\\\";s:14:\\\"payment_status\\\";s:7:\\\"un_paid\\\";s:11:\\\"grand_total\\\";d:3789.57;s:3:\\\"tax\\\";d:33.57;s:9:\\\"sub_total\\\";d:3856;s:14:\\\"offer_discount\\\";d:100;s:15:\\\"coupon_discount\\\";d:0;s:4:\\\"code\\\";s:17:\\\"20250417-17322822\\\";s:4:\\\"date\\\";i:1744896748;s:10:\\\"updated_at\\\";s:19:\\\"2025-04-17 17:32:28\\\";s:10:\\\"created_at\\\";s:19:\\\"2025-04-17 17:32:28\\\";s:2:\\\"id\\\";i:17;s:11:\\\"coupon_code\\\";N;}s:10:\\\"\\u0000*\\u0000changes\\\";a:5:{s:11:\\\"grand_total\\\";d:3789.57;s:3:\\\"tax\\\";d:33.57;s:9:\\\"sub_total\\\";d:3856;s:14:\\\"offer_discount\\\";d:100;s:11:\\\"coupon_code\\\";N;}s:8:\\\"\\u0000*\\u0000casts\\\";a:0:{}s:17:\\\"\\u0000*\\u0000classCastCache\\\";a:0:{}s:21:\\\"\\u0000*\\u0000attributeCastCache\\\";a:0:{}s:13:\\\"\\u0000*\\u0000dateFormat\\\";N;s:10:\\\"\\u0000*\\u0000appends\\\";a:0:{}s:19:\\\"\\u0000*\\u0000dispatchesEvents\\\";a:0:{}s:14:\\\"\\u0000*\\u0000observables\\\";a:0:{}s:12:\\\"\\u0000*\\u0000relations\\\";a:1:{s:4:\\\"user\\\";O:15:\\\"App\\\\Models\\\\User\\\":32:{s:13:\\\"\\u0000*\\u0000connection\\\";s:5:\\\"mysql\\\";s:8:\\\"\\u0000*\\u0000table\\\";s:5:\\\"users\\\";s:13:\\\"\\u0000*\\u0000primaryKey\\\";s:2:\\\"id\\\";s:10:\\\"\\u0000*\\u0000keyType\\\";s:3:\\\"int\\\";s:12:\\\"incrementing\\\";b:1;s:7:\\\"\\u0000*\\u0000with\\\";a:0:{}s:12:\\\"\\u0000*\\u0000withCount\\\";a:0:{}s:19:\\\"preventsLazyLoading\\\";b:0;s:10:\\\"\\u0000*\\u0000perPage\\\";i:15;s:6:\\\"exists\\\";b:1;s:18:\\\"wasRecentlyCreated\\\";b:0;s:28:\\\"\\u0000*\\u0000escapeWhenCastingToString\\\";b:0;s:13:\\\"\\u0000*\\u0000attributes\\\";a:20:{s:2:\\\"id\\\";i:68;s:9:\\\"user_type\\\";s:8:\\\"customer\\\";s:4:\\\"name\\\";s:15:\\\"Nythika Renjith\\\";s:5:\\\"email\\\";s:23:\\\"jisha.tomsher@gmail.com\\\";s:5:\\\"phone\\\";s:12:\\\"971568650838\\\";s:6:\\\"banned\\\";i:0;s:8:\\\"password\\\";s:60:\\\"$2y$12$TJLFV0ymMSd4PLNrKM1WHe1UtBcCYbj9KVARdiuas2KlwgsPv6GIy\\\";s:14:\\\"remember_token\\\";s:60:\\\"NDCGvEimz6Qm42Xbo0f7RxtBgpdzbGTXHSijuAYkcQnkK4m6KkYPwcKpeTqK\\\";s:3:\\\"otp\\\";N;s:10:\\\"otp_expiry\\\";N;s:17:\\\"is_phone_verified\\\";i:0;s:17:\\\"email_verified_at\\\";N;s:17:\\\"verification_code\\\";N;s:6:\\\"status\\\";i:0;s:12:\\\"device_token\\\";N;s:6:\\\"avatar\\\";N;s:10:\\\"created_by\\\";N;s:10:\\\"updated_by\\\";N;s:10:\\\"created_at\\\";s:19:\\\"2025-03-22 05:36:38\\\";s:10:\\\"updated_at\\\";s:19:\\\"2025-04-17 16:59:32\\\";}s:11:\\\"\\u0000*\\u0000original\\\";a:20:{s:2:\\\"id\\\";i:68;s:9:\\\"user_type\\\";s:8:\\\"customer\\\";s:4:\\\"name\\\";s:15:\\\"Nythika Renjith\\\";s:5:\\\"email\\\";s:23:\\\"jisha.tomsher@gmail.com\\\";s:5:\\\"phone\\\";s:12:\\\"971568650838\\\";s:6:\\\"banned\\\";i:0;s:8:\\\"password\\\";s:60:\\\"$2y$12$TJLFV0ymMSd4PLNrKM1WHe1UtBcCYbj9KVARdiuas2KlwgsPv6GIy\\\";s:14:\\\"remember_token\\\";s:60:\\\"NDCGvEimz6Qm42Xbo0f7RxtBgpdzbGTXHSijuAYkcQnkK4m6KkYPwcKpeTqK\\\";s:3:\\\"otp\\\";N;s:10:\\\"otp_expiry\\\";N;s:17:\\\"is_phone_verified\\\";i:0;s:17:\\\"email_verified_at\\\";N;s:17:\\\"verification_code\\\";N;s:6:\\\"status\\\";i:0;s:12:\\\"device_token\\\";N;s:6:\\\"avatar\\\";N;s:10:\\\"created_by\\\";N;s:10:\\\"updated_by\\\";N;s:10:\\\"created_at\\\";s:19:\\\"2025-03-22 05:36:38\\\";s:10:\\\"updated_at\\\";s:19:\\\"2025-04-17 16:59:32\\\";}s:10:\\\"\\u0000*\\u0000changes\\\";a:0:{}s:8:\\\"\\u0000*\\u0000casts\\\";a:2:{s:17:\\\"email_verified_at\\\";s:8:\\\"datetime\\\";s:8:\\\"password\\\";s:6:\\\"hashed\\\";}s:17:\\\"\\u0000*\\u0000classCastCache\\\";a:0:{}s:21:\\\"\\u0000*\\u0000attributeCastCache\\\";a:0:{}s:13:\\\"\\u0000*\\u0000dateFormat\\\";N;s:10:\\\"\\u0000*\\u0000appends\\\";a:0:{}s:19:\\\"\\u0000*\\u0000dispatchesEvents\\\";a:0:{}s:14:\\\"\\u0000*\\u0000observables\\\";a:0:{}s:12:\\\"\\u0000*\\u0000relations\\\";a:0:{}s:10:\\\"\\u0000*\\u0000touches\\\";a:0:{}s:10:\\\"timestamps\\\";b:1;s:13:\\\"usesUniqueIds\\\";b:0;s:9:\\\"\\u0000*\\u0000hidden\\\";a:2:{i:0;s:8:\\\"password\\\";i:1;s:14:\\\"remember_token\\\";}s:10:\\\"\\u0000*\\u0000visible\\\";a:0:{}s:11:\\\"\\u0000*\\u0000fillable\\\";a:4:{i:0;s:4:\\\"name\\\";i:1;s:5:\\\"email\\\";i:2;s:5:\\\"phone\\\";i:3;s:8:\\\"password\\\";}s:10:\\\"\\u0000*\\u0000guarded\\\";a:1:{i:0;s:1:\\\"*\\\";}s:20:\\\"\\u0000*\\u0000rememberTokenName\\\";s:14:\\\"remember_token\\\";s:14:\\\"\\u0000*\\u0000accessToken\\\";N;}}s:10:\\\"\\u0000*\\u0000touches\\\";a:0:{}s:10:\\\"timestamps\\\";b:1;s:13:\\\"usesUniqueIds\\\";b:0;s:9:\\\"\\u0000*\\u0000hidden\\\";a:0:{}s:10:\\\"\\u0000*\\u0000visible\\\";a:0:{}s:11:\\\"\\u0000*\\u0000fillable\\\";a:27:{i:0;s:4:\\\"code\\\";i:1;s:7:\\\"user_id\\\";i:2;s:18:\\\"estimated_delivery\\\";i:3;s:16:\\\"shipping_address\\\";i:4;s:15:\\\"billing_address\\\";i:5;s:11:\\\"order_notes\\\";i:6;s:15:\\\"delivery_status\\\";i:7;s:12:\\\"payment_type\\\";i:8;s:14:\\\"payment_status\\\";i:9;s:15:\\\"payment_details\\\";i:10;s:19:\\\"payment_tracking_id\\\";i:11;s:13:\\\"shipping_type\\\";i:12;s:13:\\\"shipping_cost\\\";i:13;s:3:\\\"tax\\\";i:14;s:11:\\\"grand_total\\\";i:15;s:9:\\\"sub_total\\\";i:16;s:15:\\\"coupon_discount\\\";i:17;s:11:\\\"coupon_code\\\";i:18;s:14:\\\"offer_discount\\\";i:19;s:13:\\\"tracking_code\\\";i:20;s:23:\\\"delivery_completed_date\\\";i:21;s:4:\\\"date\\\";i:22;s:14:\\\"cancel_request\\\";i:23;s:19:\\\"cancel_request_date\\\";i:24;s:15:\\\"cancel_approval\\\";i:25;s:20:\\\"cancel_approval_date\\\";i:26;s:13:\\\"cancel_reason\\\";}s:10:\\\"\\u0000*\\u0000guarded\\\";a:1:{i:0;s:1:\\\"*\\\";}}}s:2:\\\"to\\\";a:1:{i:0;a:2:{s:4:\\\"name\\\";N;s:7:\\\"address\\\";s:23:\\\"jisha.tomsher@gmail.com\\\";}}s:6:\\\"mailer\\\";s:4:\\\"smtp\\\";}s:5:\\\"tries\\\";N;s:7:\\\"timeout\\\";N;s:13:\\\"maxExceptions\\\";N;s:17:\\\"shouldBeEncrypted\\\";b:0;s:10:\\\"connection\\\";N;s:5:\\\"queue\\\";N;s:15:\\\"chainConnection\\\";N;s:10:\\\"chainQueue\\\";N;s:19:\\\"chainCatchCallbacks\\\";N;s:5:\\\"delay\\\";N;s:11:\\\"afterCommit\\\";N;s:10:\\\"middleware\\\";a:0:{}s:7:\\\"chained\\\";a:0:{}s:3:\\\"job\\\";N;}\"}}',0,NULL,1744896748,1744896748),(34,'default','{\"uuid\":\"d1ba1506-f555-4190-a40a-3a6ebc7aee4f\",\"displayName\":\"App\\\\Mail\\\\InvoiceEmailManager\",\"job\":\"Illuminate\\\\Queue\\\\CallQueuedHandler@call\",\"maxTries\":null,\"maxExceptions\":null,\"failOnTimeout\":false,\"backoff\":null,\"timeout\":null,\"retryUntil\":null,\"data\":{\"commandName\":\"Illuminate\\\\Mail\\\\SendQueuedMailable\",\"command\":\"O:34:\\\"Illuminate\\\\Mail\\\\SendQueuedMailable\\\":15:{s:8:\\\"mailable\\\";O:28:\\\"App\\\\Mail\\\\InvoiceEmailManager\\\":3:{s:5:\\\"array\\\";a:4:{s:4:\\\"view\\\";s:14:\\\"emails.invoice\\\";s:7:\\\"subject\\\";s:47:\\\"A new order has been placed - 20250417-17322822\\\";s:4:\\\"from\\\";s:23:\\\"jisha.tomsher@gmail.com\\\";s:5:\\\"order\\\";O:16:\\\"App\\\\Models\\\\Order\\\":30:{s:13:\\\"\\u0000*\\u0000connection\\\";s:5:\\\"mysql\\\";s:8:\\\"\\u0000*\\u0000table\\\";s:6:\\\"orders\\\";s:13:\\\"\\u0000*\\u0000primaryKey\\\";s:2:\\\"id\\\";s:10:\\\"\\u0000*\\u0000keyType\\\";s:3:\\\"int\\\";s:12:\\\"incrementing\\\";b:1;s:7:\\\"\\u0000*\\u0000with\\\";a:0:{}s:12:\\\"\\u0000*\\u0000withCount\\\";a:0:{}s:19:\\\"preventsLazyLoading\\\";b:0;s:10:\\\"\\u0000*\\u0000perPage\\\";i:15;s:6:\\\"exists\\\";b:1;s:18:\\\"wasRecentlyCreated\\\";b:1;s:28:\\\"\\u0000*\\u0000escapeWhenCastingToString\\\";b:0;s:13:\\\"\\u0000*\\u0000attributes\\\";a:20:{s:7:\\\"user_id\\\";i:68;s:16:\\\"shipping_address\\\";s:179:\\\"{\\\"name\\\":\\\"Jisha P\\\",\\\"email\\\":\\\"jisha.tomsher@gmail.com\\\",\\\"address\\\":\\\"Flat No 303, Building name\\\",\\\"zipcode\\\":\\\"0000\\\",\\\"city\\\":\\\"Dubai\\\",\\\"state\\\":\\\"Dubai\\\",\\\"country\\\":\\\"UAE\\\",\\\"phone\\\":\\\"+971568650838\\\"}\\\";s:15:\\\"billing_address\\\";s:179:\\\"{\\\"name\\\":\\\"Jisha P\\\",\\\"email\\\":\\\"jisha.tomsher@gmail.com\\\",\\\"address\\\":\\\"Flat No 303, Building name\\\",\\\"zipcode\\\":\\\"0000\\\",\\\"city\\\":\\\"Dubai\\\",\\\"state\\\":\\\"Dubai\\\",\\\"country\\\":\\\"UAE\\\",\\\"phone\\\":\\\"+971568650838\\\"}\\\";s:11:\\\"order_notes\\\";s:0:\\\"\\\";s:13:\\\"shipping_type\\\";s:13:\\\"free_shipping\\\";s:13:\\\"shipping_cost\\\";d:0;s:15:\\\"delivery_status\\\";s:7:\\\"pending\\\";s:12:\\\"payment_type\\\";s:3:\\\"cod\\\";s:14:\\\"payment_status\\\";s:7:\\\"un_paid\\\";s:11:\\\"grand_total\\\";d:3789.57;s:3:\\\"tax\\\";d:33.57;s:9:\\\"sub_total\\\";d:3856;s:14:\\\"offer_discount\\\";d:100;s:15:\\\"coupon_discount\\\";d:0;s:4:\\\"code\\\";s:17:\\\"20250417-17322822\\\";s:4:\\\"date\\\";i:1744896748;s:10:\\\"updated_at\\\";s:19:\\\"2025-04-17 17:32:28\\\";s:10:\\\"created_at\\\";s:19:\\\"2025-04-17 17:32:28\\\";s:2:\\\"id\\\";i:17;s:11:\\\"coupon_code\\\";N;}s:11:\\\"\\u0000*\\u0000original\\\";a:20:{s:7:\\\"user_id\\\";i:68;s:16:\\\"shipping_address\\\";s:179:\\\"{\\\"name\\\":\\\"Jisha P\\\",\\\"email\\\":\\\"jisha.tomsher@gmail.com\\\",\\\"address\\\":\\\"Flat No 303, Building name\\\",\\\"zipcode\\\":\\\"0000\\\",\\\"city\\\":\\\"Dubai\\\",\\\"state\\\":\\\"Dubai\\\",\\\"country\\\":\\\"UAE\\\",\\\"phone\\\":\\\"+971568650838\\\"}\\\";s:15:\\\"billing_address\\\";s:179:\\\"{\\\"name\\\":\\\"Jisha P\\\",\\\"email\\\":\\\"jisha.tomsher@gmail.com\\\",\\\"address\\\":\\\"Flat No 303, Building name\\\",\\\"zipcode\\\":\\\"0000\\\",\\\"city\\\":\\\"Dubai\\\",\\\"state\\\":\\\"Dubai\\\",\\\"country\\\":\\\"UAE\\\",\\\"phone\\\":\\\"+971568650838\\\"}\\\";s:11:\\\"order_notes\\\";s:0:\\\"\\\";s:13:\\\"shipping_type\\\";s:13:\\\"free_shipping\\\";s:13:\\\"shipping_cost\\\";d:0;s:15:\\\"delivery_status\\\";s:7:\\\"pending\\\";s:12:\\\"payment_type\\\";s:3:\\\"cod\\\";s:14:\\\"payment_status\\\";s:7:\\\"un_paid\\\";s:11:\\\"grand_total\\\";d:3789.57;s:3:\\\"tax\\\";d:33.57;s:9:\\\"sub_total\\\";d:3856;s:14:\\\"offer_discount\\\";d:100;s:15:\\\"coupon_discount\\\";d:0;s:4:\\\"code\\\";s:17:\\\"20250417-17322822\\\";s:4:\\\"date\\\";i:1744896748;s:10:\\\"updated_at\\\";s:19:\\\"2025-04-17 17:32:28\\\";s:10:\\\"created_at\\\";s:19:\\\"2025-04-17 17:32:28\\\";s:2:\\\"id\\\";i:17;s:11:\\\"coupon_code\\\";N;}s:10:\\\"\\u0000*\\u0000changes\\\";a:5:{s:11:\\\"grand_total\\\";d:3789.57;s:3:\\\"tax\\\";d:33.57;s:9:\\\"sub_total\\\";d:3856;s:14:\\\"offer_discount\\\";d:100;s:11:\\\"coupon_code\\\";N;}s:8:\\\"\\u0000*\\u0000casts\\\";a:0:{}s:17:\\\"\\u0000*\\u0000classCastCache\\\";a:0:{}s:21:\\\"\\u0000*\\u0000attributeCastCache\\\";a:0:{}s:13:\\\"\\u0000*\\u0000dateFormat\\\";N;s:10:\\\"\\u0000*\\u0000appends\\\";a:0:{}s:19:\\\"\\u0000*\\u0000dispatchesEvents\\\";a:0:{}s:14:\\\"\\u0000*\\u0000observables\\\";a:0:{}s:12:\\\"\\u0000*\\u0000relations\\\";a:1:{s:4:\\\"user\\\";O:15:\\\"App\\\\Models\\\\User\\\":32:{s:13:\\\"\\u0000*\\u0000connection\\\";s:5:\\\"mysql\\\";s:8:\\\"\\u0000*\\u0000table\\\";s:5:\\\"users\\\";s:13:\\\"\\u0000*\\u0000primaryKey\\\";s:2:\\\"id\\\";s:10:\\\"\\u0000*\\u0000keyType\\\";s:3:\\\"int\\\";s:12:\\\"incrementing\\\";b:1;s:7:\\\"\\u0000*\\u0000with\\\";a:0:{}s:12:\\\"\\u0000*\\u0000withCount\\\";a:0:{}s:19:\\\"preventsLazyLoading\\\";b:0;s:10:\\\"\\u0000*\\u0000perPage\\\";i:15;s:6:\\\"exists\\\";b:1;s:18:\\\"wasRecentlyCreated\\\";b:0;s:28:\\\"\\u0000*\\u0000escapeWhenCastingToString\\\";b:0;s:13:\\\"\\u0000*\\u0000attributes\\\";a:20:{s:2:\\\"id\\\";i:68;s:9:\\\"user_type\\\";s:8:\\\"customer\\\";s:4:\\\"name\\\";s:15:\\\"Nythika Renjith\\\";s:5:\\\"email\\\";s:23:\\\"jisha.tomsher@gmail.com\\\";s:5:\\\"phone\\\";s:12:\\\"971568650838\\\";s:6:\\\"banned\\\";i:0;s:8:\\\"password\\\";s:60:\\\"$2y$12$TJLFV0ymMSd4PLNrKM1WHe1UtBcCYbj9KVARdiuas2KlwgsPv6GIy\\\";s:14:\\\"remember_token\\\";s:60:\\\"NDCGvEimz6Qm42Xbo0f7RxtBgpdzbGTXHSijuAYkcQnkK4m6KkYPwcKpeTqK\\\";s:3:\\\"otp\\\";N;s:10:\\\"otp_expiry\\\";N;s:17:\\\"is_phone_verified\\\";i:0;s:17:\\\"email_verified_at\\\";N;s:17:\\\"verification_code\\\";N;s:6:\\\"status\\\";i:0;s:12:\\\"device_token\\\";N;s:6:\\\"avatar\\\";N;s:10:\\\"created_by\\\";N;s:10:\\\"updated_by\\\";N;s:10:\\\"created_at\\\";s:19:\\\"2025-03-22 05:36:38\\\";s:10:\\\"updated_at\\\";s:19:\\\"2025-04-17 16:59:32\\\";}s:11:\\\"\\u0000*\\u0000original\\\";a:20:{s:2:\\\"id\\\";i:68;s:9:\\\"user_type\\\";s:8:\\\"customer\\\";s:4:\\\"name\\\";s:15:\\\"Nythika Renjith\\\";s:5:\\\"email\\\";s:23:\\\"jisha.tomsher@gmail.com\\\";s:5:\\\"phone\\\";s:12:\\\"971568650838\\\";s:6:\\\"banned\\\";i:0;s:8:\\\"password\\\";s:60:\\\"$2y$12$TJLFV0ymMSd4PLNrKM1WHe1UtBcCYbj9KVARdiuas2KlwgsPv6GIy\\\";s:14:\\\"remember_token\\\";s:60:\\\"NDCGvEimz6Qm42Xbo0f7RxtBgpdzbGTXHSijuAYkcQnkK4m6KkYPwcKpeTqK\\\";s:3:\\\"otp\\\";N;s:10:\\\"otp_expiry\\\";N;s:17:\\\"is_phone_verified\\\";i:0;s:17:\\\"email_verified_at\\\";N;s:17:\\\"verification_code\\\";N;s:6:\\\"status\\\";i:0;s:12:\\\"device_token\\\";N;s:6:\\\"avatar\\\";N;s:10:\\\"created_by\\\";N;s:10:\\\"updated_by\\\";N;s:10:\\\"created_at\\\";s:19:\\\"2025-03-22 05:36:38\\\";s:10:\\\"updated_at\\\";s:19:\\\"2025-04-17 16:59:32\\\";}s:10:\\\"\\u0000*\\u0000changes\\\";a:0:{}s:8:\\\"\\u0000*\\u0000casts\\\";a:2:{s:17:\\\"email_verified_at\\\";s:8:\\\"datetime\\\";s:8:\\\"password\\\";s:6:\\\"hashed\\\";}s:17:\\\"\\u0000*\\u0000classCastCache\\\";a:0:{}s:21:\\\"\\u0000*\\u0000attributeCastCache\\\";a:0:{}s:13:\\\"\\u0000*\\u0000dateFormat\\\";N;s:10:\\\"\\u0000*\\u0000appends\\\";a:0:{}s:19:\\\"\\u0000*\\u0000dispatchesEvents\\\";a:0:{}s:14:\\\"\\u0000*\\u0000observables\\\";a:0:{}s:12:\\\"\\u0000*\\u0000relations\\\";a:0:{}s:10:\\\"\\u0000*\\u0000touches\\\";a:0:{}s:10:\\\"timestamps\\\";b:1;s:13:\\\"usesUniqueIds\\\";b:0;s:9:\\\"\\u0000*\\u0000hidden\\\";a:2:{i:0;s:8:\\\"password\\\";i:1;s:14:\\\"remember_token\\\";}s:10:\\\"\\u0000*\\u0000visible\\\";a:0:{}s:11:\\\"\\u0000*\\u0000fillable\\\";a:4:{i:0;s:4:\\\"name\\\";i:1;s:5:\\\"email\\\";i:2;s:5:\\\"phone\\\";i:3;s:8:\\\"password\\\";}s:10:\\\"\\u0000*\\u0000guarded\\\";a:1:{i:0;s:1:\\\"*\\\";}s:20:\\\"\\u0000*\\u0000rememberTokenName\\\";s:14:\\\"remember_token\\\";s:14:\\\"\\u0000*\\u0000accessToken\\\";N;}}s:10:\\\"\\u0000*\\u0000touches\\\";a:0:{}s:10:\\\"timestamps\\\";b:1;s:13:\\\"usesUniqueIds\\\";b:0;s:9:\\\"\\u0000*\\u0000hidden\\\";a:0:{}s:10:\\\"\\u0000*\\u0000visible\\\";a:0:{}s:11:\\\"\\u0000*\\u0000fillable\\\";a:27:{i:0;s:4:\\\"code\\\";i:1;s:7:\\\"user_id\\\";i:2;s:18:\\\"estimated_delivery\\\";i:3;s:16:\\\"shipping_address\\\";i:4;s:15:\\\"billing_address\\\";i:5;s:11:\\\"order_notes\\\";i:6;s:15:\\\"delivery_status\\\";i:7;s:12:\\\"payment_type\\\";i:8;s:14:\\\"payment_status\\\";i:9;s:15:\\\"payment_details\\\";i:10;s:19:\\\"payment_tracking_id\\\";i:11;s:13:\\\"shipping_type\\\";i:12;s:13:\\\"shipping_cost\\\";i:13;s:3:\\\"tax\\\";i:14;s:11:\\\"grand_total\\\";i:15;s:9:\\\"sub_total\\\";i:16;s:15:\\\"coupon_discount\\\";i:17;s:11:\\\"coupon_code\\\";i:18;s:14:\\\"offer_discount\\\";i:19;s:13:\\\"tracking_code\\\";i:20;s:23:\\\"delivery_completed_date\\\";i:21;s:4:\\\"date\\\";i:22;s:14:\\\"cancel_request\\\";i:23;s:19:\\\"cancel_request_date\\\";i:24;s:15:\\\"cancel_approval\\\";i:25;s:20:\\\"cancel_approval_date\\\";i:26;s:13:\\\"cancel_reason\\\";}s:10:\\\"\\u0000*\\u0000guarded\\\";a:1:{i:0;s:1:\\\"*\\\";}}}s:2:\\\"to\\\";a:1:{i:0;a:2:{s:4:\\\"name\\\";N;s:7:\\\"address\\\";s:23:\\\"jisha.tomsher@gmail.com\\\";}}s:6:\\\"mailer\\\";s:4:\\\"smtp\\\";}s:5:\\\"tries\\\";N;s:7:\\\"timeout\\\";N;s:13:\\\"maxExceptions\\\";N;s:17:\\\"shouldBeEncrypted\\\";b:0;s:10:\\\"connection\\\";N;s:5:\\\"queue\\\";N;s:15:\\\"chainConnection\\\";N;s:10:\\\"chainQueue\\\";N;s:19:\\\"chainCatchCallbacks\\\";N;s:5:\\\"delay\\\";N;s:11:\\\"afterCommit\\\";N;s:10:\\\"middleware\\\";a:0:{}s:7:\\\"chained\\\";a:0:{}s:3:\\\"job\\\";N;}\"}}',0,NULL,1744896748,1744896748),(35,'default','{\"uuid\":\"16904695-3275-48d7-bbdb-93d466fa1a28\",\"displayName\":\"App\\\\Mail\\\\InvoiceEmailManager\",\"job\":\"Illuminate\\\\Queue\\\\CallQueuedHandler@call\",\"maxTries\":null,\"maxExceptions\":null,\"failOnTimeout\":false,\"backoff\":null,\"timeout\":null,\"retryUntil\":null,\"data\":{\"commandName\":\"Illuminate\\\\Mail\\\\SendQueuedMailable\",\"command\":\"O:34:\\\"Illuminate\\\\Mail\\\\SendQueuedMailable\\\":15:{s:8:\\\"mailable\\\";O:28:\\\"App\\\\Mail\\\\InvoiceEmailManager\\\":3:{s:5:\\\"array\\\";a:4:{s:4:\\\"view\\\";s:14:\\\"emails.invoice\\\";s:7:\\\"subject\\\";s:44:\\\"Thank you for your order - 20250417-17581794\\\";s:4:\\\"from\\\";s:23:\\\"jisha.tomsher@gmail.com\\\";s:5:\\\"order\\\";O:16:\\\"App\\\\Models\\\\Order\\\":30:{s:13:\\\"\\u0000*\\u0000connection\\\";s:5:\\\"mysql\\\";s:8:\\\"\\u0000*\\u0000table\\\";s:6:\\\"orders\\\";s:13:\\\"\\u0000*\\u0000primaryKey\\\";s:2:\\\"id\\\";s:10:\\\"\\u0000*\\u0000keyType\\\";s:3:\\\"int\\\";s:12:\\\"incrementing\\\";b:1;s:7:\\\"\\u0000*\\u0000with\\\";a:0:{}s:12:\\\"\\u0000*\\u0000withCount\\\";a:0:{}s:19:\\\"preventsLazyLoading\\\";b:0;s:10:\\\"\\u0000*\\u0000perPage\\\";i:15;s:6:\\\"exists\\\";b:1;s:18:\\\"wasRecentlyCreated\\\";b:1;s:28:\\\"\\u0000*\\u0000escapeWhenCastingToString\\\";b:0;s:13:\\\"\\u0000*\\u0000attributes\\\";a:20:{s:7:\\\"user_id\\\";i:68;s:16:\\\"shipping_address\\\";s:227:\\\"{\\\"name\\\":\\\"Shipping name\\\",\\\"email\\\":\\\"jisha.tomsher@gmail.com\\\",\\\"address\\\":\\\"Shipping address\\\",\\\"zipcode\\\":\\\"Shipping zip\\\",\\\"city\\\":\\\"Shipping city\\\",\\\"state\\\":\\\"Shipping state\\\",\\\"country\\\":\\\"Shipping  United Arab Emirates\\\",\\\"phone\\\":\\\"1111111111111\\\"}\\\";s:15:\\\"billing_address\\\";s:218:\\\"{\\\"name\\\":\\\"Billing name\\\",\\\"email\\\":\\\"jisha.tomsher@gmail.com\\\",\\\"address\\\":\\\"Billing address\\\",\\\"zipcode\\\":\\\"Billing zip\\\",\\\"city\\\":\\\"Billing city\\\",\\\"state\\\":\\\"Billing state\\\",\\\"country\\\":\\\"Billing United Arab Emirates\\\",\\\"phone\\\":\\\"22222222222\\\"}\\\";s:11:\\\"order_notes\\\";s:0:\\\"\\\";s:13:\\\"shipping_type\\\";s:9:\\\"flat_rate\\\";s:13:\\\"shipping_cost\\\";d:20;s:15:\\\"delivery_status\\\";s:7:\\\"pending\\\";s:12:\\\"payment_type\\\";s:3:\\\"cod\\\";s:14:\\\"payment_status\\\";s:7:\\\"un_paid\\\";s:11:\\\"grand_total\\\";d:840;s:3:\\\"tax\\\";d:0;s:9:\\\"sub_total\\\";d:820;s:14:\\\"offer_discount\\\";d:0;s:15:\\\"coupon_discount\\\";d:0;s:4:\\\"code\\\";s:17:\\\"20250417-17581794\\\";s:4:\\\"date\\\";i:1744898297;s:10:\\\"updated_at\\\";s:19:\\\"2025-04-17 17:58:17\\\";s:10:\\\"created_at\\\";s:19:\\\"2025-04-17 17:58:17\\\";s:2:\\\"id\\\";i:18;s:11:\\\"coupon_code\\\";N;}s:11:\\\"\\u0000*\\u0000original\\\";a:20:{s:7:\\\"user_id\\\";i:68;s:16:\\\"shipping_address\\\";s:227:\\\"{\\\"name\\\":\\\"Shipping name\\\",\\\"email\\\":\\\"jisha.tomsher@gmail.com\\\",\\\"address\\\":\\\"Shipping address\\\",\\\"zipcode\\\":\\\"Shipping zip\\\",\\\"city\\\":\\\"Shipping city\\\",\\\"state\\\":\\\"Shipping state\\\",\\\"country\\\":\\\"Shipping  United Arab Emirates\\\",\\\"phone\\\":\\\"1111111111111\\\"}\\\";s:15:\\\"billing_address\\\";s:218:\\\"{\\\"name\\\":\\\"Billing name\\\",\\\"email\\\":\\\"jisha.tomsher@gmail.com\\\",\\\"address\\\":\\\"Billing address\\\",\\\"zipcode\\\":\\\"Billing zip\\\",\\\"city\\\":\\\"Billing city\\\",\\\"state\\\":\\\"Billing state\\\",\\\"country\\\":\\\"Billing United Arab Emirates\\\",\\\"phone\\\":\\\"22222222222\\\"}\\\";s:11:\\\"order_notes\\\";s:0:\\\"\\\";s:13:\\\"shipping_type\\\";s:9:\\\"flat_rate\\\";s:13:\\\"shipping_cost\\\";d:20;s:15:\\\"delivery_status\\\";s:7:\\\"pending\\\";s:12:\\\"payment_type\\\";s:3:\\\"cod\\\";s:14:\\\"payment_status\\\";s:7:\\\"un_paid\\\";s:11:\\\"grand_total\\\";d:840;s:3:\\\"tax\\\";d:0;s:9:\\\"sub_total\\\";d:820;s:14:\\\"offer_discount\\\";d:0;s:15:\\\"coupon_discount\\\";d:0;s:4:\\\"code\\\";s:17:\\\"20250417-17581794\\\";s:4:\\\"date\\\";i:1744898297;s:10:\\\"updated_at\\\";s:19:\\\"2025-04-17 17:58:17\\\";s:10:\\\"created_at\\\";s:19:\\\"2025-04-17 17:58:17\\\";s:2:\\\"id\\\";i:18;s:11:\\\"coupon_code\\\";N;}s:10:\\\"\\u0000*\\u0000changes\\\";a:5:{s:13:\\\"shipping_type\\\";s:9:\\\"flat_rate\\\";s:13:\\\"shipping_cost\\\";d:20;s:11:\\\"grand_total\\\";d:840;s:9:\\\"sub_total\\\";d:820;s:11:\\\"coupon_code\\\";N;}s:8:\\\"\\u0000*\\u0000casts\\\";a:0:{}s:17:\\\"\\u0000*\\u0000classCastCache\\\";a:0:{}s:21:\\\"\\u0000*\\u0000attributeCastCache\\\";a:0:{}s:13:\\\"\\u0000*\\u0000dateFormat\\\";N;s:10:\\\"\\u0000*\\u0000appends\\\";a:0:{}s:19:\\\"\\u0000*\\u0000dispatchesEvents\\\";a:0:{}s:14:\\\"\\u0000*\\u0000observables\\\";a:0:{}s:12:\\\"\\u0000*\\u0000relations\\\";a:1:{s:4:\\\"user\\\";O:15:\\\"App\\\\Models\\\\User\\\":32:{s:13:\\\"\\u0000*\\u0000connection\\\";s:5:\\\"mysql\\\";s:8:\\\"\\u0000*\\u0000table\\\";s:5:\\\"users\\\";s:13:\\\"\\u0000*\\u0000primaryKey\\\";s:2:\\\"id\\\";s:10:\\\"\\u0000*\\u0000keyType\\\";s:3:\\\"int\\\";s:12:\\\"incrementing\\\";b:1;s:7:\\\"\\u0000*\\u0000with\\\";a:0:{}s:12:\\\"\\u0000*\\u0000withCount\\\";a:0:{}s:19:\\\"preventsLazyLoading\\\";b:0;s:10:\\\"\\u0000*\\u0000perPage\\\";i:15;s:6:\\\"exists\\\";b:1;s:18:\\\"wasRecentlyCreated\\\";b:0;s:28:\\\"\\u0000*\\u0000escapeWhenCastingToString\\\";b:0;s:13:\\\"\\u0000*\\u0000attributes\\\";a:20:{s:2:\\\"id\\\";i:68;s:9:\\\"user_type\\\";s:8:\\\"customer\\\";s:4:\\\"name\\\";s:15:\\\"Nythika Renjith\\\";s:5:\\\"email\\\";s:23:\\\"jisha.tomsher@gmail.com\\\";s:5:\\\"phone\\\";s:12:\\\"971568650838\\\";s:6:\\\"banned\\\";i:0;s:8:\\\"password\\\";s:60:\\\"$2y$12$TJLFV0ymMSd4PLNrKM1WHe1UtBcCYbj9KVARdiuas2KlwgsPv6GIy\\\";s:14:\\\"remember_token\\\";s:60:\\\"NDCGvEimz6Qm42Xbo0f7RxtBgpdzbGTXHSijuAYkcQnkK4m6KkYPwcKpeTqK\\\";s:3:\\\"otp\\\";N;s:10:\\\"otp_expiry\\\";N;s:17:\\\"is_phone_verified\\\";i:0;s:17:\\\"email_verified_at\\\";N;s:17:\\\"verification_code\\\";N;s:6:\\\"status\\\";i:0;s:12:\\\"device_token\\\";N;s:6:\\\"avatar\\\";N;s:10:\\\"created_by\\\";N;s:10:\\\"updated_by\\\";N;s:10:\\\"created_at\\\";s:19:\\\"2025-03-22 05:36:38\\\";s:10:\\\"updated_at\\\";s:19:\\\"2025-04-17 16:59:32\\\";}s:11:\\\"\\u0000*\\u0000original\\\";a:20:{s:2:\\\"id\\\";i:68;s:9:\\\"user_type\\\";s:8:\\\"customer\\\";s:4:\\\"name\\\";s:15:\\\"Nythika Renjith\\\";s:5:\\\"email\\\";s:23:\\\"jisha.tomsher@gmail.com\\\";s:5:\\\"phone\\\";s:12:\\\"971568650838\\\";s:6:\\\"banned\\\";i:0;s:8:\\\"password\\\";s:60:\\\"$2y$12$TJLFV0ymMSd4PLNrKM1WHe1UtBcCYbj9KVARdiuas2KlwgsPv6GIy\\\";s:14:\\\"remember_token\\\";s:60:\\\"NDCGvEimz6Qm42Xbo0f7RxtBgpdzbGTXHSijuAYkcQnkK4m6KkYPwcKpeTqK\\\";s:3:\\\"otp\\\";N;s:10:\\\"otp_expiry\\\";N;s:17:\\\"is_phone_verified\\\";i:0;s:17:\\\"email_verified_at\\\";N;s:17:\\\"verification_code\\\";N;s:6:\\\"status\\\";i:0;s:12:\\\"device_token\\\";N;s:6:\\\"avatar\\\";N;s:10:\\\"created_by\\\";N;s:10:\\\"updated_by\\\";N;s:10:\\\"created_at\\\";s:19:\\\"2025-03-22 05:36:38\\\";s:10:\\\"updated_at\\\";s:19:\\\"2025-04-17 16:59:32\\\";}s:10:\\\"\\u0000*\\u0000changes\\\";a:0:{}s:8:\\\"\\u0000*\\u0000casts\\\";a:2:{s:17:\\\"email_verified_at\\\";s:8:\\\"datetime\\\";s:8:\\\"password\\\";s:6:\\\"hashed\\\";}s:17:\\\"\\u0000*\\u0000classCastCache\\\";a:0:{}s:21:\\\"\\u0000*\\u0000attributeCastCache\\\";a:0:{}s:13:\\\"\\u0000*\\u0000dateFormat\\\";N;s:10:\\\"\\u0000*\\u0000appends\\\";a:0:{}s:19:\\\"\\u0000*\\u0000dispatchesEvents\\\";a:0:{}s:14:\\\"\\u0000*\\u0000observables\\\";a:0:{}s:12:\\\"\\u0000*\\u0000relations\\\";a:0:{}s:10:\\\"\\u0000*\\u0000touches\\\";a:0:{}s:10:\\\"timestamps\\\";b:1;s:13:\\\"usesUniqueIds\\\";b:0;s:9:\\\"\\u0000*\\u0000hidden\\\";a:2:{i:0;s:8:\\\"password\\\";i:1;s:14:\\\"remember_token\\\";}s:10:\\\"\\u0000*\\u0000visible\\\";a:0:{}s:11:\\\"\\u0000*\\u0000fillable\\\";a:4:{i:0;s:4:\\\"name\\\";i:1;s:5:\\\"email\\\";i:2;s:5:\\\"phone\\\";i:3;s:8:\\\"password\\\";}s:10:\\\"\\u0000*\\u0000guarded\\\";a:1:{i:0;s:1:\\\"*\\\";}s:20:\\\"\\u0000*\\u0000rememberTokenName\\\";s:14:\\\"remember_token\\\";s:14:\\\"\\u0000*\\u0000accessToken\\\";N;}}s:10:\\\"\\u0000*\\u0000touches\\\";a:0:{}s:10:\\\"timestamps\\\";b:1;s:13:\\\"usesUniqueIds\\\";b:0;s:9:\\\"\\u0000*\\u0000hidden\\\";a:0:{}s:10:\\\"\\u0000*\\u0000visible\\\";a:0:{}s:11:\\\"\\u0000*\\u0000fillable\\\";a:27:{i:0;s:4:\\\"code\\\";i:1;s:7:\\\"user_id\\\";i:2;s:18:\\\"estimated_delivery\\\";i:3;s:16:\\\"shipping_address\\\";i:4;s:15:\\\"billing_address\\\";i:5;s:11:\\\"order_notes\\\";i:6;s:15:\\\"delivery_status\\\";i:7;s:12:\\\"payment_type\\\";i:8;s:14:\\\"payment_status\\\";i:9;s:15:\\\"payment_details\\\";i:10;s:19:\\\"payment_tracking_id\\\";i:11;s:13:\\\"shipping_type\\\";i:12;s:13:\\\"shipping_cost\\\";i:13;s:3:\\\"tax\\\";i:14;s:11:\\\"grand_total\\\";i:15;s:9:\\\"sub_total\\\";i:16;s:15:\\\"coupon_discount\\\";i:17;s:11:\\\"coupon_code\\\";i:18;s:14:\\\"offer_discount\\\";i:19;s:13:\\\"tracking_code\\\";i:20;s:23:\\\"delivery_completed_date\\\";i:21;s:4:\\\"date\\\";i:22;s:14:\\\"cancel_request\\\";i:23;s:19:\\\"cancel_request_date\\\";i:24;s:15:\\\"cancel_approval\\\";i:25;s:20:\\\"cancel_approval_date\\\";i:26;s:13:\\\"cancel_reason\\\";}s:10:\\\"\\u0000*\\u0000guarded\\\";a:1:{i:0;s:1:\\\"*\\\";}}}s:2:\\\"to\\\";a:1:{i:0;a:2:{s:4:\\\"name\\\";N;s:7:\\\"address\\\";s:23:\\\"jisha.tomsher@gmail.com\\\";}}s:6:\\\"mailer\\\";s:4:\\\"smtp\\\";}s:5:\\\"tries\\\";N;s:7:\\\"timeout\\\";N;s:13:\\\"maxExceptions\\\";N;s:17:\\\"shouldBeEncrypted\\\";b:0;s:10:\\\"connection\\\";N;s:5:\\\"queue\\\";N;s:15:\\\"chainConnection\\\";N;s:10:\\\"chainQueue\\\";N;s:19:\\\"chainCatchCallbacks\\\";N;s:5:\\\"delay\\\";N;s:11:\\\"afterCommit\\\";N;s:10:\\\"middleware\\\";a:0:{}s:7:\\\"chained\\\";a:0:{}s:3:\\\"job\\\";N;}\"}}',0,NULL,1744898297,1744898297),(38,'default','{\"uuid\":\"1e52f970-687b-4e60-853a-ecd325b113af\",\"displayName\":\"App\\\\Mail\\\\InvoiceEmailManager\",\"job\":\"Illuminate\\\\Queue\\\\CallQueuedHandler@call\",\"maxTries\":null,\"maxExceptions\":null,\"failOnTimeout\":false,\"backoff\":null,\"timeout\":null,\"retryUntil\":null,\"data\":{\"commandName\":\"Illuminate\\\\Mail\\\\SendQueuedMailable\",\"command\":\"O:34:\\\"Illuminate\\\\Mail\\\\SendQueuedMailable\\\":15:{s:8:\\\"mailable\\\";O:28:\\\"App\\\\Mail\\\\InvoiceEmailManager\\\":3:{s:5:\\\"array\\\";a:4:{s:4:\\\"view\\\";s:14:\\\"emails.invoice\\\";s:7:\\\"subject\\\";s:44:\\\"Thank you for your order - 20250417-18071882\\\";s:4:\\\"from\\\";s:23:\\\"jisha.tomsher@gmail.com\\\";s:5:\\\"order\\\";O:16:\\\"App\\\\Models\\\\Order\\\":30:{s:13:\\\"\\u0000*\\u0000connection\\\";s:5:\\\"mysql\\\";s:8:\\\"\\u0000*\\u0000table\\\";s:6:\\\"orders\\\";s:13:\\\"\\u0000*\\u0000primaryKey\\\";s:2:\\\"id\\\";s:10:\\\"\\u0000*\\u0000keyType\\\";s:3:\\\"int\\\";s:12:\\\"incrementing\\\";b:1;s:7:\\\"\\u0000*\\u0000with\\\";a:0:{}s:12:\\\"\\u0000*\\u0000withCount\\\";a:0:{}s:19:\\\"preventsLazyLoading\\\";b:0;s:10:\\\"\\u0000*\\u0000perPage\\\";i:15;s:6:\\\"exists\\\";b:1;s:18:\\\"wasRecentlyCreated\\\";b:1;s:28:\\\"\\u0000*\\u0000escapeWhenCastingToString\\\";b:0;s:13:\\\"\\u0000*\\u0000attributes\\\";a:20:{s:7:\\\"user_id\\\";i:68;s:16:\\\"shipping_address\\\";s:179:\\\"{\\\"name\\\":\\\"Jisha P\\\",\\\"email\\\":\\\"jisha.tomsher@gmail.com\\\",\\\"address\\\":\\\"Flat No 303, Building name\\\",\\\"zipcode\\\":\\\"0000\\\",\\\"city\\\":\\\"Dubai\\\",\\\"state\\\":\\\"Dubai\\\",\\\"country\\\":\\\"UAE\\\",\\\"phone\\\":\\\"+971568650838\\\"}\\\";s:15:\\\"billing_address\\\";s:179:\\\"{\\\"name\\\":\\\"Jisha P\\\",\\\"email\\\":\\\"jisha.tomsher@gmail.com\\\",\\\"address\\\":\\\"Flat No 303, Building name\\\",\\\"zipcode\\\":\\\"0000\\\",\\\"city\\\":\\\"Dubai\\\",\\\"state\\\":\\\"Dubai\\\",\\\"country\\\":\\\"UAE\\\",\\\"phone\\\":\\\"+971568650838\\\"}\\\";s:11:\\\"order_notes\\\";s:19:\\\"sfvsdgfdfgsdfghfhgf\\\";s:13:\\\"shipping_type\\\";s:13:\\\"free_shipping\\\";s:13:\\\"shipping_cost\\\";d:0;s:15:\\\"delivery_status\\\";s:7:\\\"pending\\\";s:12:\\\"payment_type\\\";s:3:\\\"cod\\\";s:14:\\\"payment_status\\\";s:7:\\\"un_paid\\\";s:11:\\\"grand_total\\\";d:1130.19;s:3:\\\"tax\\\";d:11.19;s:9:\\\"sub_total\\\";d:1119;s:14:\\\"offer_discount\\\";d:0;s:15:\\\"coupon_discount\\\";d:0;s:4:\\\"code\\\";s:17:\\\"20250417-18071882\\\";s:4:\\\"date\\\";i:1744898838;s:10:\\\"updated_at\\\";s:19:\\\"2025-04-17 18:07:18\\\";s:10:\\\"created_at\\\";s:19:\\\"2025-04-17 18:07:18\\\";s:2:\\\"id\\\";i:20;s:11:\\\"coupon_code\\\";N;}s:11:\\\"\\u0000*\\u0000original\\\";a:20:{s:7:\\\"user_id\\\";i:68;s:16:\\\"shipping_address\\\";s:179:\\\"{\\\"name\\\":\\\"Jisha P\\\",\\\"email\\\":\\\"jisha.tomsher@gmail.com\\\",\\\"address\\\":\\\"Flat No 303, Building name\\\",\\\"zipcode\\\":\\\"0000\\\",\\\"city\\\":\\\"Dubai\\\",\\\"state\\\":\\\"Dubai\\\",\\\"country\\\":\\\"UAE\\\",\\\"phone\\\":\\\"+971568650838\\\"}\\\";s:15:\\\"billing_address\\\";s:179:\\\"{\\\"name\\\":\\\"Jisha P\\\",\\\"email\\\":\\\"jisha.tomsher@gmail.com\\\",\\\"address\\\":\\\"Flat No 303, Building name\\\",\\\"zipcode\\\":\\\"0000\\\",\\\"city\\\":\\\"Dubai\\\",\\\"state\\\":\\\"Dubai\\\",\\\"country\\\":\\\"UAE\\\",\\\"phone\\\":\\\"+971568650838\\\"}\\\";s:11:\\\"order_notes\\\";s:19:\\\"sfvsdgfdfgsdfghfhgf\\\";s:13:\\\"shipping_type\\\";s:13:\\\"free_shipping\\\";s:13:\\\"shipping_cost\\\";d:0;s:15:\\\"delivery_status\\\";s:7:\\\"pending\\\";s:12:\\\"payment_type\\\";s:3:\\\"cod\\\";s:14:\\\"payment_status\\\";s:7:\\\"un_paid\\\";s:11:\\\"grand_total\\\";d:1130.19;s:3:\\\"tax\\\";d:11.19;s:9:\\\"sub_total\\\";d:1119;s:14:\\\"offer_discount\\\";d:0;s:15:\\\"coupon_discount\\\";d:0;s:4:\\\"code\\\";s:17:\\\"20250417-18071882\\\";s:4:\\\"date\\\";i:1744898838;s:10:\\\"updated_at\\\";s:19:\\\"2025-04-17 18:07:18\\\";s:10:\\\"created_at\\\";s:19:\\\"2025-04-17 18:07:18\\\";s:2:\\\"id\\\";i:20;s:11:\\\"coupon_code\\\";N;}s:10:\\\"\\u0000*\\u0000changes\\\";a:4:{s:11:\\\"grand_total\\\";d:1130.19;s:3:\\\"tax\\\";d:11.19;s:9:\\\"sub_total\\\";d:1119;s:11:\\\"coupon_code\\\";N;}s:8:\\\"\\u0000*\\u0000casts\\\";a:0:{}s:17:\\\"\\u0000*\\u0000classCastCache\\\";a:0:{}s:21:\\\"\\u0000*\\u0000attributeCastCache\\\";a:0:{}s:13:\\\"\\u0000*\\u0000dateFormat\\\";N;s:10:\\\"\\u0000*\\u0000appends\\\";a:0:{}s:19:\\\"\\u0000*\\u0000dispatchesEvents\\\";a:0:{}s:14:\\\"\\u0000*\\u0000observables\\\";a:0:{}s:12:\\\"\\u0000*\\u0000relations\\\";a:1:{s:4:\\\"user\\\";O:15:\\\"App\\\\Models\\\\User\\\":32:{s:13:\\\"\\u0000*\\u0000connection\\\";s:5:\\\"mysql\\\";s:8:\\\"\\u0000*\\u0000table\\\";s:5:\\\"users\\\";s:13:\\\"\\u0000*\\u0000primaryKey\\\";s:2:\\\"id\\\";s:10:\\\"\\u0000*\\u0000keyType\\\";s:3:\\\"int\\\";s:12:\\\"incrementing\\\";b:1;s:7:\\\"\\u0000*\\u0000with\\\";a:0:{}s:12:\\\"\\u0000*\\u0000withCount\\\";a:0:{}s:19:\\\"preventsLazyLoading\\\";b:0;s:10:\\\"\\u0000*\\u0000perPage\\\";i:15;s:6:\\\"exists\\\";b:1;s:18:\\\"wasRecentlyCreated\\\";b:0;s:28:\\\"\\u0000*\\u0000escapeWhenCastingToString\\\";b:0;s:13:\\\"\\u0000*\\u0000attributes\\\";a:20:{s:2:\\\"id\\\";i:68;s:9:\\\"user_type\\\";s:8:\\\"customer\\\";s:4:\\\"name\\\";s:15:\\\"Nythika Renjith\\\";s:5:\\\"email\\\";s:23:\\\"jisha.tomsher@gmail.com\\\";s:5:\\\"phone\\\";s:12:\\\"971568650838\\\";s:6:\\\"banned\\\";i:0;s:8:\\\"password\\\";s:60:\\\"$2y$12$TJLFV0ymMSd4PLNrKM1WHe1UtBcCYbj9KVARdiuas2KlwgsPv6GIy\\\";s:14:\\\"remember_token\\\";s:60:\\\"NDCGvEimz6Qm42Xbo0f7RxtBgpdzbGTXHSijuAYkcQnkK4m6KkYPwcKpeTqK\\\";s:3:\\\"otp\\\";N;s:10:\\\"otp_expiry\\\";N;s:17:\\\"is_phone_verified\\\";i:0;s:17:\\\"email_verified_at\\\";N;s:17:\\\"verification_code\\\";N;s:6:\\\"status\\\";i:0;s:12:\\\"device_token\\\";N;s:6:\\\"avatar\\\";N;s:10:\\\"created_by\\\";N;s:10:\\\"updated_by\\\";N;s:10:\\\"created_at\\\";s:19:\\\"2025-03-22 05:36:38\\\";s:10:\\\"updated_at\\\";s:19:\\\"2025-04-17 16:59:32\\\";}s:11:\\\"\\u0000*\\u0000original\\\";a:20:{s:2:\\\"id\\\";i:68;s:9:\\\"user_type\\\";s:8:\\\"customer\\\";s:4:\\\"name\\\";s:15:\\\"Nythika Renjith\\\";s:5:\\\"email\\\";s:23:\\\"jisha.tomsher@gmail.com\\\";s:5:\\\"phone\\\";s:12:\\\"971568650838\\\";s:6:\\\"banned\\\";i:0;s:8:\\\"password\\\";s:60:\\\"$2y$12$TJLFV0ymMSd4PLNrKM1WHe1UtBcCYbj9KVARdiuas2KlwgsPv6GIy\\\";s:14:\\\"remember_token\\\";s:60:\\\"NDCGvEimz6Qm42Xbo0f7RxtBgpdzbGTXHSijuAYkcQnkK4m6KkYPwcKpeTqK\\\";s:3:\\\"otp\\\";N;s:10:\\\"otp_expiry\\\";N;s:17:\\\"is_phone_verified\\\";i:0;s:17:\\\"email_verified_at\\\";N;s:17:\\\"verification_code\\\";N;s:6:\\\"status\\\";i:0;s:12:\\\"device_token\\\";N;s:6:\\\"avatar\\\";N;s:10:\\\"created_by\\\";N;s:10:\\\"updated_by\\\";N;s:10:\\\"created_at\\\";s:19:\\\"2025-03-22 05:36:38\\\";s:10:\\\"updated_at\\\";s:19:\\\"2025-04-17 16:59:32\\\";}s:10:\\\"\\u0000*\\u0000changes\\\";a:0:{}s:8:\\\"\\u0000*\\u0000casts\\\";a:2:{s:17:\\\"email_verified_at\\\";s:8:\\\"datetime\\\";s:8:\\\"password\\\";s:6:\\\"hashed\\\";}s:17:\\\"\\u0000*\\u0000classCastCache\\\";a:0:{}s:21:\\\"\\u0000*\\u0000attributeCastCache\\\";a:0:{}s:13:\\\"\\u0000*\\u0000dateFormat\\\";N;s:10:\\\"\\u0000*\\u0000appends\\\";a:0:{}s:19:\\\"\\u0000*\\u0000dispatchesEvents\\\";a:0:{}s:14:\\\"\\u0000*\\u0000observables\\\";a:0:{}s:12:\\\"\\u0000*\\u0000relations\\\";a:0:{}s:10:\\\"\\u0000*\\u0000touches\\\";a:0:{}s:10:\\\"timestamps\\\";b:1;s:13:\\\"usesUniqueIds\\\";b:0;s:9:\\\"\\u0000*\\u0000hidden\\\";a:2:{i:0;s:8:\\\"password\\\";i:1;s:14:\\\"remember_token\\\";}s:10:\\\"\\u0000*\\u0000visible\\\";a:0:{}s:11:\\\"\\u0000*\\u0000fillable\\\";a:4:{i:0;s:4:\\\"name\\\";i:1;s:5:\\\"email\\\";i:2;s:5:\\\"phone\\\";i:3;s:8:\\\"password\\\";}s:10:\\\"\\u0000*\\u0000guarded\\\";a:1:{i:0;s:1:\\\"*\\\";}s:20:\\\"\\u0000*\\u0000rememberTokenName\\\";s:14:\\\"remember_token\\\";s:14:\\\"\\u0000*\\u0000accessToken\\\";N;}}s:10:\\\"\\u0000*\\u0000touches\\\";a:0:{}s:10:\\\"timestamps\\\";b:1;s:13:\\\"usesUniqueIds\\\";b:0;s:9:\\\"\\u0000*\\u0000hidden\\\";a:0:{}s:10:\\\"\\u0000*\\u0000visible\\\";a:0:{}s:11:\\\"\\u0000*\\u0000fillable\\\";a:27:{i:0;s:4:\\\"code\\\";i:1;s:7:\\\"user_id\\\";i:2;s:18:\\\"estimated_delivery\\\";i:3;s:16:\\\"shipping_address\\\";i:4;s:15:\\\"billing_address\\\";i:5;s:11:\\\"order_notes\\\";i:6;s:15:\\\"delivery_status\\\";i:7;s:12:\\\"payment_type\\\";i:8;s:14:\\\"payment_status\\\";i:9;s:15:\\\"payment_details\\\";i:10;s:19:\\\"payment_tracking_id\\\";i:11;s:13:\\\"shipping_type\\\";i:12;s:13:\\\"shipping_cost\\\";i:13;s:3:\\\"tax\\\";i:14;s:11:\\\"grand_total\\\";i:15;s:9:\\\"sub_total\\\";i:16;s:15:\\\"coupon_discount\\\";i:17;s:11:\\\"coupon_code\\\";i:18;s:14:\\\"offer_discount\\\";i:19;s:13:\\\"tracking_code\\\";i:20;s:23:\\\"delivery_completed_date\\\";i:21;s:4:\\\"date\\\";i:22;s:14:\\\"cancel_request\\\";i:23;s:19:\\\"cancel_request_date\\\";i:24;s:15:\\\"cancel_approval\\\";i:25;s:20:\\\"cancel_approval_date\\\";i:26;s:13:\\\"cancel_reason\\\";}s:10:\\\"\\u0000*\\u0000guarded\\\";a:1:{i:0;s:1:\\\"*\\\";}}}s:2:\\\"to\\\";a:1:{i:0;a:2:{s:4:\\\"name\\\";N;s:7:\\\"address\\\";s:23:\\\"jisha.tomsher@gmail.com\\\";}}s:6:\\\"mailer\\\";s:4:\\\"smtp\\\";}s:5:\\\"tries\\\";N;s:7:\\\"timeout\\\";N;s:13:\\\"maxExceptions\\\";N;s:17:\\\"shouldBeEncrypted\\\";b:0;s:10:\\\"connection\\\";N;s:5:\\\"queue\\\";N;s:15:\\\"chainConnection\\\";N;s:10:\\\"chainQueue\\\";N;s:19:\\\"chainCatchCallbacks\\\";N;s:5:\\\"delay\\\";N;s:11:\\\"afterCommit\\\";N;s:10:\\\"middleware\\\";a:0:{}s:7:\\\"chained\\\";a:0:{}s:3:\\\"job\\\";N;}\"}}',0,NULL,1744898838,1744898838),(39,'default','{\"uuid\":\"9459b9aa-b059-449b-9d2c-899f8138c0f8\",\"displayName\":\"App\\\\Mail\\\\InvoiceEmailManager\",\"job\":\"Illuminate\\\\Queue\\\\CallQueuedHandler@call\",\"maxTries\":null,\"maxExceptions\":null,\"failOnTimeout\":false,\"backoff\":null,\"timeout\":null,\"retryUntil\":null,\"data\":{\"commandName\":\"Illuminate\\\\Mail\\\\SendQueuedMailable\",\"command\":\"O:34:\\\"Illuminate\\\\Mail\\\\SendQueuedMailable\\\":15:{s:8:\\\"mailable\\\";O:28:\\\"App\\\\Mail\\\\InvoiceEmailManager\\\":3:{s:5:\\\"array\\\";a:4:{s:4:\\\"view\\\";s:14:\\\"emails.invoice\\\";s:7:\\\"subject\\\";s:47:\\\"A new order has been placed - 20250417-18071882\\\";s:4:\\\"from\\\";s:23:\\\"jisha.tomsher@gmail.com\\\";s:5:\\\"order\\\";O:16:\\\"App\\\\Models\\\\Order\\\":30:{s:13:\\\"\\u0000*\\u0000connection\\\";s:5:\\\"mysql\\\";s:8:\\\"\\u0000*\\u0000table\\\";s:6:\\\"orders\\\";s:13:\\\"\\u0000*\\u0000primaryKey\\\";s:2:\\\"id\\\";s:10:\\\"\\u0000*\\u0000keyType\\\";s:3:\\\"int\\\";s:12:\\\"incrementing\\\";b:1;s:7:\\\"\\u0000*\\u0000with\\\";a:0:{}s:12:\\\"\\u0000*\\u0000withCount\\\";a:0:{}s:19:\\\"preventsLazyLoading\\\";b:0;s:10:\\\"\\u0000*\\u0000perPage\\\";i:15;s:6:\\\"exists\\\";b:1;s:18:\\\"wasRecentlyCreated\\\";b:1;s:28:\\\"\\u0000*\\u0000escapeWhenCastingToString\\\";b:0;s:13:\\\"\\u0000*\\u0000attributes\\\";a:20:{s:7:\\\"user_id\\\";i:68;s:16:\\\"shipping_address\\\";s:179:\\\"{\\\"name\\\":\\\"Jisha P\\\",\\\"email\\\":\\\"jisha.tomsher@gmail.com\\\",\\\"address\\\":\\\"Flat No 303, Building name\\\",\\\"zipcode\\\":\\\"0000\\\",\\\"city\\\":\\\"Dubai\\\",\\\"state\\\":\\\"Dubai\\\",\\\"country\\\":\\\"UAE\\\",\\\"phone\\\":\\\"+971568650838\\\"}\\\";s:15:\\\"billing_address\\\";s:179:\\\"{\\\"name\\\":\\\"Jisha P\\\",\\\"email\\\":\\\"jisha.tomsher@gmail.com\\\",\\\"address\\\":\\\"Flat No 303, Building name\\\",\\\"zipcode\\\":\\\"0000\\\",\\\"city\\\":\\\"Dubai\\\",\\\"state\\\":\\\"Dubai\\\",\\\"country\\\":\\\"UAE\\\",\\\"phone\\\":\\\"+971568650838\\\"}\\\";s:11:\\\"order_notes\\\";s:19:\\\"sfvsdgfdfgsdfghfhgf\\\";s:13:\\\"shipping_type\\\";s:13:\\\"free_shipping\\\";s:13:\\\"shipping_cost\\\";d:0;s:15:\\\"delivery_status\\\";s:7:\\\"pending\\\";s:12:\\\"payment_type\\\";s:3:\\\"cod\\\";s:14:\\\"payment_status\\\";s:7:\\\"un_paid\\\";s:11:\\\"grand_total\\\";d:1130.19;s:3:\\\"tax\\\";d:11.19;s:9:\\\"sub_total\\\";d:1119;s:14:\\\"offer_discount\\\";d:0;s:15:\\\"coupon_discount\\\";d:0;s:4:\\\"code\\\";s:17:\\\"20250417-18071882\\\";s:4:\\\"date\\\";i:1744898838;s:10:\\\"updated_at\\\";s:19:\\\"2025-04-17 18:07:18\\\";s:10:\\\"created_at\\\";s:19:\\\"2025-04-17 18:07:18\\\";s:2:\\\"id\\\";i:20;s:11:\\\"coupon_code\\\";N;}s:11:\\\"\\u0000*\\u0000original\\\";a:20:{s:7:\\\"user_id\\\";i:68;s:16:\\\"shipping_address\\\";s:179:\\\"{\\\"name\\\":\\\"Jisha P\\\",\\\"email\\\":\\\"jisha.tomsher@gmail.com\\\",\\\"address\\\":\\\"Flat No 303, Building name\\\",\\\"zipcode\\\":\\\"0000\\\",\\\"city\\\":\\\"Dubai\\\",\\\"state\\\":\\\"Dubai\\\",\\\"country\\\":\\\"UAE\\\",\\\"phone\\\":\\\"+971568650838\\\"}\\\";s:15:\\\"billing_address\\\";s:179:\\\"{\\\"name\\\":\\\"Jisha P\\\",\\\"email\\\":\\\"jisha.tomsher@gmail.com\\\",\\\"address\\\":\\\"Flat No 303, Building name\\\",\\\"zipcode\\\":\\\"0000\\\",\\\"city\\\":\\\"Dubai\\\",\\\"state\\\":\\\"Dubai\\\",\\\"country\\\":\\\"UAE\\\",\\\"phone\\\":\\\"+971568650838\\\"}\\\";s:11:\\\"order_notes\\\";s:19:\\\"sfvsdgfdfgsdfghfhgf\\\";s:13:\\\"shipping_type\\\";s:13:\\\"free_shipping\\\";s:13:\\\"shipping_cost\\\";d:0;s:15:\\\"delivery_status\\\";s:7:\\\"pending\\\";s:12:\\\"payment_type\\\";s:3:\\\"cod\\\";s:14:\\\"payment_status\\\";s:7:\\\"un_paid\\\";s:11:\\\"grand_total\\\";d:1130.19;s:3:\\\"tax\\\";d:11.19;s:9:\\\"sub_total\\\";d:1119;s:14:\\\"offer_discount\\\";d:0;s:15:\\\"coupon_discount\\\";d:0;s:4:\\\"code\\\";s:17:\\\"20250417-18071882\\\";s:4:\\\"date\\\";i:1744898838;s:10:\\\"updated_at\\\";s:19:\\\"2025-04-17 18:07:18\\\";s:10:\\\"created_at\\\";s:19:\\\"2025-04-17 18:07:18\\\";s:2:\\\"id\\\";i:20;s:11:\\\"coupon_code\\\";N;}s:10:\\\"\\u0000*\\u0000changes\\\";a:4:{s:11:\\\"grand_total\\\";d:1130.19;s:3:\\\"tax\\\";d:11.19;s:9:\\\"sub_total\\\";d:1119;s:11:\\\"coupon_code\\\";N;}s:8:\\\"\\u0000*\\u0000casts\\\";a:0:{}s:17:\\\"\\u0000*\\u0000classCastCache\\\";a:0:{}s:21:\\\"\\u0000*\\u0000attributeCastCache\\\";a:0:{}s:13:\\\"\\u0000*\\u0000dateFormat\\\";N;s:10:\\\"\\u0000*\\u0000appends\\\";a:0:{}s:19:\\\"\\u0000*\\u0000dispatchesEvents\\\";a:0:{}s:14:\\\"\\u0000*\\u0000observables\\\";a:0:{}s:12:\\\"\\u0000*\\u0000relations\\\";a:1:{s:4:\\\"user\\\";O:15:\\\"App\\\\Models\\\\User\\\":32:{s:13:\\\"\\u0000*\\u0000connection\\\";s:5:\\\"mysql\\\";s:8:\\\"\\u0000*\\u0000table\\\";s:5:\\\"users\\\";s:13:\\\"\\u0000*\\u0000primaryKey\\\";s:2:\\\"id\\\";s:10:\\\"\\u0000*\\u0000keyType\\\";s:3:\\\"int\\\";s:12:\\\"incrementing\\\";b:1;s:7:\\\"\\u0000*\\u0000with\\\";a:0:{}s:12:\\\"\\u0000*\\u0000withCount\\\";a:0:{}s:19:\\\"preventsLazyLoading\\\";b:0;s:10:\\\"\\u0000*\\u0000perPage\\\";i:15;s:6:\\\"exists\\\";b:1;s:18:\\\"wasRecentlyCreated\\\";b:0;s:28:\\\"\\u0000*\\u0000escapeWhenCastingToString\\\";b:0;s:13:\\\"\\u0000*\\u0000attributes\\\";a:20:{s:2:\\\"id\\\";i:68;s:9:\\\"user_type\\\";s:8:\\\"customer\\\";s:4:\\\"name\\\";s:15:\\\"Nythika Renjith\\\";s:5:\\\"email\\\";s:23:\\\"jisha.tomsher@gmail.com\\\";s:5:\\\"phone\\\";s:12:\\\"971568650838\\\";s:6:\\\"banned\\\";i:0;s:8:\\\"password\\\";s:60:\\\"$2y$12$TJLFV0ymMSd4PLNrKM1WHe1UtBcCYbj9KVARdiuas2KlwgsPv6GIy\\\";s:14:\\\"remember_token\\\";s:60:\\\"NDCGvEimz6Qm42Xbo0f7RxtBgpdzbGTXHSijuAYkcQnkK4m6KkYPwcKpeTqK\\\";s:3:\\\"otp\\\";N;s:10:\\\"otp_expiry\\\";N;s:17:\\\"is_phone_verified\\\";i:0;s:17:\\\"email_verified_at\\\";N;s:17:\\\"verification_code\\\";N;s:6:\\\"status\\\";i:0;s:12:\\\"device_token\\\";N;s:6:\\\"avatar\\\";N;s:10:\\\"created_by\\\";N;s:10:\\\"updated_by\\\";N;s:10:\\\"created_at\\\";s:19:\\\"2025-03-22 05:36:38\\\";s:10:\\\"updated_at\\\";s:19:\\\"2025-04-17 16:59:32\\\";}s:11:\\\"\\u0000*\\u0000original\\\";a:20:{s:2:\\\"id\\\";i:68;s:9:\\\"user_type\\\";s:8:\\\"customer\\\";s:4:\\\"name\\\";s:15:\\\"Nythika Renjith\\\";s:5:\\\"email\\\";s:23:\\\"jisha.tomsher@gmail.com\\\";s:5:\\\"phone\\\";s:12:\\\"971568650838\\\";s:6:\\\"banned\\\";i:0;s:8:\\\"password\\\";s:60:\\\"$2y$12$TJLFV0ymMSd4PLNrKM1WHe1UtBcCYbj9KVARdiuas2KlwgsPv6GIy\\\";s:14:\\\"remember_token\\\";s:60:\\\"NDCGvEimz6Qm42Xbo0f7RxtBgpdzbGTXHSijuAYkcQnkK4m6KkYPwcKpeTqK\\\";s:3:\\\"otp\\\";N;s:10:\\\"otp_expiry\\\";N;s:17:\\\"is_phone_verified\\\";i:0;s:17:\\\"email_verified_at\\\";N;s:17:\\\"verification_code\\\";N;s:6:\\\"status\\\";i:0;s:12:\\\"device_token\\\";N;s:6:\\\"avatar\\\";N;s:10:\\\"created_by\\\";N;s:10:\\\"updated_by\\\";N;s:10:\\\"created_at\\\";s:19:\\\"2025-03-22 05:36:38\\\";s:10:\\\"updated_at\\\";s:19:\\\"2025-04-17 16:59:32\\\";}s:10:\\\"\\u0000*\\u0000changes\\\";a:0:{}s:8:\\\"\\u0000*\\u0000casts\\\";a:2:{s:17:\\\"email_verified_at\\\";s:8:\\\"datetime\\\";s:8:\\\"password\\\";s:6:\\\"hashed\\\";}s:17:\\\"\\u0000*\\u0000classCastCache\\\";a:0:{}s:21:\\\"\\u0000*\\u0000attributeCastCache\\\";a:0:{}s:13:\\\"\\u0000*\\u0000dateFormat\\\";N;s:10:\\\"\\u0000*\\u0000appends\\\";a:0:{}s:19:\\\"\\u0000*\\u0000dispatchesEvents\\\";a:0:{}s:14:\\\"\\u0000*\\u0000observables\\\";a:0:{}s:12:\\\"\\u0000*\\u0000relations\\\";a:0:{}s:10:\\\"\\u0000*\\u0000touches\\\";a:0:{}s:10:\\\"timestamps\\\";b:1;s:13:\\\"usesUniqueIds\\\";b:0;s:9:\\\"\\u0000*\\u0000hidden\\\";a:2:{i:0;s:8:\\\"password\\\";i:1;s:14:\\\"remember_token\\\";}s:10:\\\"\\u0000*\\u0000visible\\\";a:0:{}s:11:\\\"\\u0000*\\u0000fillable\\\";a:4:{i:0;s:4:\\\"name\\\";i:1;s:5:\\\"email\\\";i:2;s:5:\\\"phone\\\";i:3;s:8:\\\"password\\\";}s:10:\\\"\\u0000*\\u0000guarded\\\";a:1:{i:0;s:1:\\\"*\\\";}s:20:\\\"\\u0000*\\u0000rememberTokenName\\\";s:14:\\\"remember_token\\\";s:14:\\\"\\u0000*\\u0000accessToken\\\";N;}}s:10:\\\"\\u0000*\\u0000touches\\\";a:0:{}s:10:\\\"timestamps\\\";b:1;s:13:\\\"usesUniqueIds\\\";b:0;s:9:\\\"\\u0000*\\u0000hidden\\\";a:0:{}s:10:\\\"\\u0000*\\u0000visible\\\";a:0:{}s:11:\\\"\\u0000*\\u0000fillable\\\";a:27:{i:0;s:4:\\\"code\\\";i:1;s:7:\\\"user_id\\\";i:2;s:18:\\\"estimated_delivery\\\";i:3;s:16:\\\"shipping_address\\\";i:4;s:15:\\\"billing_address\\\";i:5;s:11:\\\"order_notes\\\";i:6;s:15:\\\"delivery_status\\\";i:7;s:12:\\\"payment_type\\\";i:8;s:14:\\\"payment_status\\\";i:9;s:15:\\\"payment_details\\\";i:10;s:19:\\\"payment_tracking_id\\\";i:11;s:13:\\\"shipping_type\\\";i:12;s:13:\\\"shipping_cost\\\";i:13;s:3:\\\"tax\\\";i:14;s:11:\\\"grand_total\\\";i:15;s:9:\\\"sub_total\\\";i:16;s:15:\\\"coupon_discount\\\";i:17;s:11:\\\"coupon_code\\\";i:18;s:14:\\\"offer_discount\\\";i:19;s:13:\\\"tracking_code\\\";i:20;s:23:\\\"delivery_completed_date\\\";i:21;s:4:\\\"date\\\";i:22;s:14:\\\"cancel_request\\\";i:23;s:19:\\\"cancel_request_date\\\";i:24;s:15:\\\"cancel_approval\\\";i:25;s:20:\\\"cancel_approval_date\\\";i:26;s:13:\\\"cancel_reason\\\";}s:10:\\\"\\u0000*\\u0000guarded\\\";a:1:{i:0;s:1:\\\"*\\\";}}}s:2:\\\"to\\\";a:1:{i:0;a:2:{s:4:\\\"name\\\";N;s:7:\\\"address\\\";s:23:\\\"jisha.tomsher@gmail.com\\\";}}s:6:\\\"mailer\\\";s:4:\\\"smtp\\\";}s:5:\\\"tries\\\";N;s:7:\\\"timeout\\\";N;s:13:\\\"maxExceptions\\\";N;s:17:\\\"shouldBeEncrypted\\\";b:0;s:10:\\\"connection\\\";N;s:5:\\\"queue\\\";N;s:15:\\\"chainConnection\\\";N;s:10:\\\"chainQueue\\\";N;s:19:\\\"chainCatchCallbacks\\\";N;s:5:\\\"delay\\\";N;s:11:\\\"afterCommit\\\";N;s:10:\\\"middleware\\\";a:0:{}s:7:\\\"chained\\\";a:0:{}s:3:\\\"job\\\";N;}\"}}',0,NULL,1744898838,1744898838),(40,'default','{\"uuid\":\"1ad0d0a5-378a-494e-b932-b2c722c8fa74\",\"displayName\":\"App\\\\Mail\\\\InvoiceEmailManager\",\"job\":\"Illuminate\\\\Queue\\\\CallQueuedHandler@call\",\"maxTries\":null,\"maxExceptions\":null,\"failOnTimeout\":false,\"backoff\":null,\"timeout\":null,\"retryUntil\":null,\"data\":{\"commandName\":\"Illuminate\\\\Mail\\\\SendQueuedMailable\",\"command\":\"O:34:\\\"Illuminate\\\\Mail\\\\SendQueuedMailable\\\":15:{s:8:\\\"mailable\\\";O:28:\\\"App\\\\Mail\\\\InvoiceEmailManager\\\":3:{s:5:\\\"array\\\";a:4:{s:4:\\\"view\\\";s:14:\\\"emails.invoice\\\";s:7:\\\"subject\\\";s:44:\\\"Thank you for your order - 20250417-18192491\\\";s:4:\\\"from\\\";s:23:\\\"jisha.tomsher@gmail.com\\\";s:5:\\\"order\\\";O:16:\\\"App\\\\Models\\\\Order\\\":30:{s:13:\\\"\\u0000*\\u0000connection\\\";s:5:\\\"mysql\\\";s:8:\\\"\\u0000*\\u0000table\\\";s:6:\\\"orders\\\";s:13:\\\"\\u0000*\\u0000primaryKey\\\";s:2:\\\"id\\\";s:10:\\\"\\u0000*\\u0000keyType\\\";s:3:\\\"int\\\";s:12:\\\"incrementing\\\";b:1;s:7:\\\"\\u0000*\\u0000with\\\";a:0:{}s:12:\\\"\\u0000*\\u0000withCount\\\";a:0:{}s:19:\\\"preventsLazyLoading\\\";b:0;s:10:\\\"\\u0000*\\u0000perPage\\\";i:15;s:6:\\\"exists\\\";b:1;s:18:\\\"wasRecentlyCreated\\\";b:1;s:28:\\\"\\u0000*\\u0000escapeWhenCastingToString\\\";b:0;s:13:\\\"\\u0000*\\u0000attributes\\\";a:20:{s:7:\\\"user_id\\\";i:68;s:16:\\\"shipping_address\\\";s:179:\\\"{\\\"name\\\":\\\"Jisha P\\\",\\\"email\\\":\\\"jisha.tomsher@gmail.com\\\",\\\"address\\\":\\\"Flat No 303, Building name\\\",\\\"zipcode\\\":\\\"0000\\\",\\\"city\\\":\\\"Dubai\\\",\\\"state\\\":\\\"Dubai\\\",\\\"country\\\":\\\"UAE\\\",\\\"phone\\\":\\\"+971568650838\\\"}\\\";s:15:\\\"billing_address\\\";s:179:\\\"{\\\"name\\\":\\\"Jisha P\\\",\\\"email\\\":\\\"jisha.tomsher@gmail.com\\\",\\\"address\\\":\\\"Flat No 303, Building name\\\",\\\"zipcode\\\":\\\"0000\\\",\\\"city\\\":\\\"Dubai\\\",\\\"state\\\":\\\"Dubai\\\",\\\"country\\\":\\\"UAE\\\",\\\"phone\\\":\\\"+971568650838\\\"}\\\";s:11:\\\"order_notes\\\";s:13:\\\"zsfdsfsdgfdsg\\\";s:13:\\\"shipping_type\\\";s:13:\\\"free_shipping\\\";s:13:\\\"shipping_cost\\\";d:0;s:15:\\\"delivery_status\\\";s:7:\\\"pending\\\";s:12:\\\"payment_type\\\";s:3:\\\"cod\\\";s:14:\\\"payment_status\\\";s:7:\\\"un_paid\\\";s:11:\\\"grand_total\\\";d:1219;s:3:\\\"tax\\\";d:0;s:9:\\\"sub_total\\\";d:1319;s:14:\\\"offer_discount\\\";d:100;s:15:\\\"coupon_discount\\\";d:0;s:4:\\\"code\\\";s:17:\\\"20250417-18192491\\\";s:4:\\\"date\\\";i:1744899564;s:10:\\\"updated_at\\\";s:19:\\\"2025-04-17 18:19:24\\\";s:10:\\\"created_at\\\";s:19:\\\"2025-04-17 18:19:24\\\";s:2:\\\"id\\\";i:21;s:11:\\\"coupon_code\\\";N;}s:11:\\\"\\u0000*\\u0000original\\\";a:20:{s:7:\\\"user_id\\\";i:68;s:16:\\\"shipping_address\\\";s:179:\\\"{\\\"name\\\":\\\"Jisha P\\\",\\\"email\\\":\\\"jisha.tomsher@gmail.com\\\",\\\"address\\\":\\\"Flat No 303, Building name\\\",\\\"zipcode\\\":\\\"0000\\\",\\\"city\\\":\\\"Dubai\\\",\\\"state\\\":\\\"Dubai\\\",\\\"country\\\":\\\"UAE\\\",\\\"phone\\\":\\\"+971568650838\\\"}\\\";s:15:\\\"billing_address\\\";s:179:\\\"{\\\"name\\\":\\\"Jisha P\\\",\\\"email\\\":\\\"jisha.tomsher@gmail.com\\\",\\\"address\\\":\\\"Flat No 303, Building name\\\",\\\"zipcode\\\":\\\"0000\\\",\\\"city\\\":\\\"Dubai\\\",\\\"state\\\":\\\"Dubai\\\",\\\"country\\\":\\\"UAE\\\",\\\"phone\\\":\\\"+971568650838\\\"}\\\";s:11:\\\"order_notes\\\";s:13:\\\"zsfdsfsdgfdsg\\\";s:13:\\\"shipping_type\\\";s:13:\\\"free_shipping\\\";s:13:\\\"shipping_cost\\\";d:0;s:15:\\\"delivery_status\\\";s:7:\\\"pending\\\";s:12:\\\"payment_type\\\";s:3:\\\"cod\\\";s:14:\\\"payment_status\\\";s:7:\\\"un_paid\\\";s:11:\\\"grand_total\\\";d:1219;s:3:\\\"tax\\\";d:0;s:9:\\\"sub_total\\\";d:1319;s:14:\\\"offer_discount\\\";d:100;s:15:\\\"coupon_discount\\\";d:0;s:4:\\\"code\\\";s:17:\\\"20250417-18192491\\\";s:4:\\\"date\\\";i:1744899564;s:10:\\\"updated_at\\\";s:19:\\\"2025-04-17 18:19:24\\\";s:10:\\\"created_at\\\";s:19:\\\"2025-04-17 18:19:24\\\";s:2:\\\"id\\\";i:21;s:11:\\\"coupon_code\\\";N;}s:10:\\\"\\u0000*\\u0000changes\\\";a:4:{s:11:\\\"grand_total\\\";d:1219;s:9:\\\"sub_total\\\";d:1319;s:14:\\\"offer_discount\\\";d:100;s:11:\\\"coupon_code\\\";N;}s:8:\\\"\\u0000*\\u0000casts\\\";a:0:{}s:17:\\\"\\u0000*\\u0000classCastCache\\\";a:0:{}s:21:\\\"\\u0000*\\u0000attributeCastCache\\\";a:0:{}s:13:\\\"\\u0000*\\u0000dateFormat\\\";N;s:10:\\\"\\u0000*\\u0000appends\\\";a:0:{}s:19:\\\"\\u0000*\\u0000dispatchesEvents\\\";a:0:{}s:14:\\\"\\u0000*\\u0000observables\\\";a:0:{}s:12:\\\"\\u0000*\\u0000relations\\\";a:1:{s:4:\\\"user\\\";O:15:\\\"App\\\\Models\\\\User\\\":32:{s:13:\\\"\\u0000*\\u0000connection\\\";s:5:\\\"mysql\\\";s:8:\\\"\\u0000*\\u0000table\\\";s:5:\\\"users\\\";s:13:\\\"\\u0000*\\u0000primaryKey\\\";s:2:\\\"id\\\";s:10:\\\"\\u0000*\\u0000keyType\\\";s:3:\\\"int\\\";s:12:\\\"incrementing\\\";b:1;s:7:\\\"\\u0000*\\u0000with\\\";a:0:{}s:12:\\\"\\u0000*\\u0000withCount\\\";a:0:{}s:19:\\\"preventsLazyLoading\\\";b:0;s:10:\\\"\\u0000*\\u0000perPage\\\";i:15;s:6:\\\"exists\\\";b:1;s:18:\\\"wasRecentlyCreated\\\";b:0;s:28:\\\"\\u0000*\\u0000escapeWhenCastingToString\\\";b:0;s:13:\\\"\\u0000*\\u0000attributes\\\";a:20:{s:2:\\\"id\\\";i:68;s:9:\\\"user_type\\\";s:8:\\\"customer\\\";s:4:\\\"name\\\";s:15:\\\"Nythika Renjith\\\";s:5:\\\"email\\\";s:23:\\\"jisha.tomsher@gmail.com\\\";s:5:\\\"phone\\\";s:12:\\\"971568650838\\\";s:6:\\\"banned\\\";i:0;s:8:\\\"password\\\";s:60:\\\"$2y$12$TJLFV0ymMSd4PLNrKM1WHe1UtBcCYbj9KVARdiuas2KlwgsPv6GIy\\\";s:14:\\\"remember_token\\\";s:60:\\\"NDCGvEimz6Qm42Xbo0f7RxtBgpdzbGTXHSijuAYkcQnkK4m6KkYPwcKpeTqK\\\";s:3:\\\"otp\\\";N;s:10:\\\"otp_expiry\\\";N;s:17:\\\"is_phone_verified\\\";i:0;s:17:\\\"email_verified_at\\\";N;s:17:\\\"verification_code\\\";N;s:6:\\\"status\\\";i:0;s:12:\\\"device_token\\\";N;s:6:\\\"avatar\\\";N;s:10:\\\"created_by\\\";N;s:10:\\\"updated_by\\\";N;s:10:\\\"created_at\\\";s:19:\\\"2025-03-22 05:36:38\\\";s:10:\\\"updated_at\\\";s:19:\\\"2025-04-17 16:59:32\\\";}s:11:\\\"\\u0000*\\u0000original\\\";a:20:{s:2:\\\"id\\\";i:68;s:9:\\\"user_type\\\";s:8:\\\"customer\\\";s:4:\\\"name\\\";s:15:\\\"Nythika Renjith\\\";s:5:\\\"email\\\";s:23:\\\"jisha.tomsher@gmail.com\\\";s:5:\\\"phone\\\";s:12:\\\"971568650838\\\";s:6:\\\"banned\\\";i:0;s:8:\\\"password\\\";s:60:\\\"$2y$12$TJLFV0ymMSd4PLNrKM1WHe1UtBcCYbj9KVARdiuas2KlwgsPv6GIy\\\";s:14:\\\"remember_token\\\";s:60:\\\"NDCGvEimz6Qm42Xbo0f7RxtBgpdzbGTXHSijuAYkcQnkK4m6KkYPwcKpeTqK\\\";s:3:\\\"otp\\\";N;s:10:\\\"otp_expiry\\\";N;s:17:\\\"is_phone_verified\\\";i:0;s:17:\\\"email_verified_at\\\";N;s:17:\\\"verification_code\\\";N;s:6:\\\"status\\\";i:0;s:12:\\\"device_token\\\";N;s:6:\\\"avatar\\\";N;s:10:\\\"created_by\\\";N;s:10:\\\"updated_by\\\";N;s:10:\\\"created_at\\\";s:19:\\\"2025-03-22 05:36:38\\\";s:10:\\\"updated_at\\\";s:19:\\\"2025-04-17 16:59:32\\\";}s:10:\\\"\\u0000*\\u0000changes\\\";a:0:{}s:8:\\\"\\u0000*\\u0000casts\\\";a:2:{s:17:\\\"email_verified_at\\\";s:8:\\\"datetime\\\";s:8:\\\"password\\\";s:6:\\\"hashed\\\";}s:17:\\\"\\u0000*\\u0000classCastCache\\\";a:0:{}s:21:\\\"\\u0000*\\u0000attributeCastCache\\\";a:0:{}s:13:\\\"\\u0000*\\u0000dateFormat\\\";N;s:10:\\\"\\u0000*\\u0000appends\\\";a:0:{}s:19:\\\"\\u0000*\\u0000dispatchesEvents\\\";a:0:{}s:14:\\\"\\u0000*\\u0000observables\\\";a:0:{}s:12:\\\"\\u0000*\\u0000relations\\\";a:0:{}s:10:\\\"\\u0000*\\u0000touches\\\";a:0:{}s:10:\\\"timestamps\\\";b:1;s:13:\\\"usesUniqueIds\\\";b:0;s:9:\\\"\\u0000*\\u0000hidden\\\";a:2:{i:0;s:8:\\\"password\\\";i:1;s:14:\\\"remember_token\\\";}s:10:\\\"\\u0000*\\u0000visible\\\";a:0:{}s:11:\\\"\\u0000*\\u0000fillable\\\";a:4:{i:0;s:4:\\\"name\\\";i:1;s:5:\\\"email\\\";i:2;s:5:\\\"phone\\\";i:3;s:8:\\\"password\\\";}s:10:\\\"\\u0000*\\u0000guarded\\\";a:1:{i:0;s:1:\\\"*\\\";}s:20:\\\"\\u0000*\\u0000rememberTokenName\\\";s:14:\\\"remember_token\\\";s:14:\\\"\\u0000*\\u0000accessToken\\\";N;}}s:10:\\\"\\u0000*\\u0000touches\\\";a:0:{}s:10:\\\"timestamps\\\";b:1;s:13:\\\"usesUniqueIds\\\";b:0;s:9:\\\"\\u0000*\\u0000hidden\\\";a:0:{}s:10:\\\"\\u0000*\\u0000visible\\\";a:0:{}s:11:\\\"\\u0000*\\u0000fillable\\\";a:27:{i:0;s:4:\\\"code\\\";i:1;s:7:\\\"user_id\\\";i:2;s:18:\\\"estimated_delivery\\\";i:3;s:16:\\\"shipping_address\\\";i:4;s:15:\\\"billing_address\\\";i:5;s:11:\\\"order_notes\\\";i:6;s:15:\\\"delivery_status\\\";i:7;s:12:\\\"payment_type\\\";i:8;s:14:\\\"payment_status\\\";i:9;s:15:\\\"payment_details\\\";i:10;s:19:\\\"payment_tracking_id\\\";i:11;s:13:\\\"shipping_type\\\";i:12;s:13:\\\"shipping_cost\\\";i:13;s:3:\\\"tax\\\";i:14;s:11:\\\"grand_total\\\";i:15;s:9:\\\"sub_total\\\";i:16;s:15:\\\"coupon_discount\\\";i:17;s:11:\\\"coupon_code\\\";i:18;s:14:\\\"offer_discount\\\";i:19;s:13:\\\"tracking_code\\\";i:20;s:23:\\\"delivery_completed_date\\\";i:21;s:4:\\\"date\\\";i:22;s:14:\\\"cancel_request\\\";i:23;s:19:\\\"cancel_request_date\\\";i:24;s:15:\\\"cancel_approval\\\";i:25;s:20:\\\"cancel_approval_date\\\";i:26;s:13:\\\"cancel_reason\\\";}s:10:\\\"\\u0000*\\u0000guarded\\\";a:1:{i:0;s:1:\\\"*\\\";}}}s:2:\\\"to\\\";a:1:{i:0;a:2:{s:4:\\\"name\\\";N;s:7:\\\"address\\\";s:23:\\\"jisha.tomsher@gmail.com\\\";}}s:6:\\\"mailer\\\";s:4:\\\"smtp\\\";}s:5:\\\"tries\\\";N;s:7:\\\"timeout\\\";N;s:13:\\\"maxExceptions\\\";N;s:17:\\\"shouldBeEncrypted\\\";b:0;s:10:\\\"connection\\\";N;s:5:\\\"queue\\\";N;s:15:\\\"chainConnection\\\";N;s:10:\\\"chainQueue\\\";N;s:19:\\\"chainCatchCallbacks\\\";N;s:5:\\\"delay\\\";N;s:11:\\\"afterCommit\\\";N;s:10:\\\"middleware\\\";a:0:{}s:7:\\\"chained\\\";a:0:{}s:3:\\\"job\\\";N;}\"}}',0,NULL,1744899564,1744899564),(41,'default','{\"uuid\":\"d2d02580-0c77-4913-b124-1e374cba2c96\",\"displayName\":\"App\\\\Mail\\\\InvoiceEmailManager\",\"job\":\"Illuminate\\\\Queue\\\\CallQueuedHandler@call\",\"maxTries\":null,\"maxExceptions\":null,\"failOnTimeout\":false,\"backoff\":null,\"timeout\":null,\"retryUntil\":null,\"data\":{\"commandName\":\"Illuminate\\\\Mail\\\\SendQueuedMailable\",\"command\":\"O:34:\\\"Illuminate\\\\Mail\\\\SendQueuedMailable\\\":15:{s:8:\\\"mailable\\\";O:28:\\\"App\\\\Mail\\\\InvoiceEmailManager\\\":3:{s:5:\\\"array\\\";a:4:{s:4:\\\"view\\\";s:14:\\\"emails.invoice\\\";s:7:\\\"subject\\\";s:47:\\\"A new order has been placed - 20250417-18192491\\\";s:4:\\\"from\\\";s:23:\\\"jisha.tomsher@gmail.com\\\";s:5:\\\"order\\\";O:16:\\\"App\\\\Models\\\\Order\\\":30:{s:13:\\\"\\u0000*\\u0000connection\\\";s:5:\\\"mysql\\\";s:8:\\\"\\u0000*\\u0000table\\\";s:6:\\\"orders\\\";s:13:\\\"\\u0000*\\u0000primaryKey\\\";s:2:\\\"id\\\";s:10:\\\"\\u0000*\\u0000keyType\\\";s:3:\\\"int\\\";s:12:\\\"incrementing\\\";b:1;s:7:\\\"\\u0000*\\u0000with\\\";a:0:{}s:12:\\\"\\u0000*\\u0000withCount\\\";a:0:{}s:19:\\\"preventsLazyLoading\\\";b:0;s:10:\\\"\\u0000*\\u0000perPage\\\";i:15;s:6:\\\"exists\\\";b:1;s:18:\\\"wasRecentlyCreated\\\";b:1;s:28:\\\"\\u0000*\\u0000escapeWhenCastingToString\\\";b:0;s:13:\\\"\\u0000*\\u0000attributes\\\";a:20:{s:7:\\\"user_id\\\";i:68;s:16:\\\"shipping_address\\\";s:179:\\\"{\\\"name\\\":\\\"Jisha P\\\",\\\"email\\\":\\\"jisha.tomsher@gmail.com\\\",\\\"address\\\":\\\"Flat No 303, Building name\\\",\\\"zipcode\\\":\\\"0000\\\",\\\"city\\\":\\\"Dubai\\\",\\\"state\\\":\\\"Dubai\\\",\\\"country\\\":\\\"UAE\\\",\\\"phone\\\":\\\"+971568650838\\\"}\\\";s:15:\\\"billing_address\\\";s:179:\\\"{\\\"name\\\":\\\"Jisha P\\\",\\\"email\\\":\\\"jisha.tomsher@gmail.com\\\",\\\"address\\\":\\\"Flat No 303, Building name\\\",\\\"zipcode\\\":\\\"0000\\\",\\\"city\\\":\\\"Dubai\\\",\\\"state\\\":\\\"Dubai\\\",\\\"country\\\":\\\"UAE\\\",\\\"phone\\\":\\\"+971568650838\\\"}\\\";s:11:\\\"order_notes\\\";s:13:\\\"zsfdsfsdgfdsg\\\";s:13:\\\"shipping_type\\\";s:13:\\\"free_shipping\\\";s:13:\\\"shipping_cost\\\";d:0;s:15:\\\"delivery_status\\\";s:7:\\\"pending\\\";s:12:\\\"payment_type\\\";s:3:\\\"cod\\\";s:14:\\\"payment_status\\\";s:7:\\\"un_paid\\\";s:11:\\\"grand_total\\\";d:1219;s:3:\\\"tax\\\";d:0;s:9:\\\"sub_total\\\";d:1319;s:14:\\\"offer_discount\\\";d:100;s:15:\\\"coupon_discount\\\";d:0;s:4:\\\"code\\\";s:17:\\\"20250417-18192491\\\";s:4:\\\"date\\\";i:1744899564;s:10:\\\"updated_at\\\";s:19:\\\"2025-04-17 18:19:24\\\";s:10:\\\"created_at\\\";s:19:\\\"2025-04-17 18:19:24\\\";s:2:\\\"id\\\";i:21;s:11:\\\"coupon_code\\\";N;}s:11:\\\"\\u0000*\\u0000original\\\";a:20:{s:7:\\\"user_id\\\";i:68;s:16:\\\"shipping_address\\\";s:179:\\\"{\\\"name\\\":\\\"Jisha P\\\",\\\"email\\\":\\\"jisha.tomsher@gmail.com\\\",\\\"address\\\":\\\"Flat No 303, Building name\\\",\\\"zipcode\\\":\\\"0000\\\",\\\"city\\\":\\\"Dubai\\\",\\\"state\\\":\\\"Dubai\\\",\\\"country\\\":\\\"UAE\\\",\\\"phone\\\":\\\"+971568650838\\\"}\\\";s:15:\\\"billing_address\\\";s:179:\\\"{\\\"name\\\":\\\"Jisha P\\\",\\\"email\\\":\\\"jisha.tomsher@gmail.com\\\",\\\"address\\\":\\\"Flat No 303, Building name\\\",\\\"zipcode\\\":\\\"0000\\\",\\\"city\\\":\\\"Dubai\\\",\\\"state\\\":\\\"Dubai\\\",\\\"country\\\":\\\"UAE\\\",\\\"phone\\\":\\\"+971568650838\\\"}\\\";s:11:\\\"order_notes\\\";s:13:\\\"zsfdsfsdgfdsg\\\";s:13:\\\"shipping_type\\\";s:13:\\\"free_shipping\\\";s:13:\\\"shipping_cost\\\";d:0;s:15:\\\"delivery_status\\\";s:7:\\\"pending\\\";s:12:\\\"payment_type\\\";s:3:\\\"cod\\\";s:14:\\\"payment_status\\\";s:7:\\\"un_paid\\\";s:11:\\\"grand_total\\\";d:1219;s:3:\\\"tax\\\";d:0;s:9:\\\"sub_total\\\";d:1319;s:14:\\\"offer_discount\\\";d:100;s:15:\\\"coupon_discount\\\";d:0;s:4:\\\"code\\\";s:17:\\\"20250417-18192491\\\";s:4:\\\"date\\\";i:1744899564;s:10:\\\"updated_at\\\";s:19:\\\"2025-04-17 18:19:24\\\";s:10:\\\"created_at\\\";s:19:\\\"2025-04-17 18:19:24\\\";s:2:\\\"id\\\";i:21;s:11:\\\"coupon_code\\\";N;}s:10:\\\"\\u0000*\\u0000changes\\\";a:4:{s:11:\\\"grand_total\\\";d:1219;s:9:\\\"sub_total\\\";d:1319;s:14:\\\"offer_discount\\\";d:100;s:11:\\\"coupon_code\\\";N;}s:8:\\\"\\u0000*\\u0000casts\\\";a:0:{}s:17:\\\"\\u0000*\\u0000classCastCache\\\";a:0:{}s:21:\\\"\\u0000*\\u0000attributeCastCache\\\";a:0:{}s:13:\\\"\\u0000*\\u0000dateFormat\\\";N;s:10:\\\"\\u0000*\\u0000appends\\\";a:0:{}s:19:\\\"\\u0000*\\u0000dispatchesEvents\\\";a:0:{}s:14:\\\"\\u0000*\\u0000observables\\\";a:0:{}s:12:\\\"\\u0000*\\u0000relations\\\";a:1:{s:4:\\\"user\\\";O:15:\\\"App\\\\Models\\\\User\\\":32:{s:13:\\\"\\u0000*\\u0000connection\\\";s:5:\\\"mysql\\\";s:8:\\\"\\u0000*\\u0000table\\\";s:5:\\\"users\\\";s:13:\\\"\\u0000*\\u0000primaryKey\\\";s:2:\\\"id\\\";s:10:\\\"\\u0000*\\u0000keyType\\\";s:3:\\\"int\\\";s:12:\\\"incrementing\\\";b:1;s:7:\\\"\\u0000*\\u0000with\\\";a:0:{}s:12:\\\"\\u0000*\\u0000withCount\\\";a:0:{}s:19:\\\"preventsLazyLoading\\\";b:0;s:10:\\\"\\u0000*\\u0000perPage\\\";i:15;s:6:\\\"exists\\\";b:1;s:18:\\\"wasRecentlyCreated\\\";b:0;s:28:\\\"\\u0000*\\u0000escapeWhenCastingToString\\\";b:0;s:13:\\\"\\u0000*\\u0000attributes\\\";a:20:{s:2:\\\"id\\\";i:68;s:9:\\\"user_type\\\";s:8:\\\"customer\\\";s:4:\\\"name\\\";s:15:\\\"Nythika Renjith\\\";s:5:\\\"email\\\";s:23:\\\"jisha.tomsher@gmail.com\\\";s:5:\\\"phone\\\";s:12:\\\"971568650838\\\";s:6:\\\"banned\\\";i:0;s:8:\\\"password\\\";s:60:\\\"$2y$12$TJLFV0ymMSd4PLNrKM1WHe1UtBcCYbj9KVARdiuas2KlwgsPv6GIy\\\";s:14:\\\"remember_token\\\";s:60:\\\"NDCGvEimz6Qm42Xbo0f7RxtBgpdzbGTXHSijuAYkcQnkK4m6KkYPwcKpeTqK\\\";s:3:\\\"otp\\\";N;s:10:\\\"otp_expiry\\\";N;s:17:\\\"is_phone_verified\\\";i:0;s:17:\\\"email_verified_at\\\";N;s:17:\\\"verification_code\\\";N;s:6:\\\"status\\\";i:0;s:12:\\\"device_token\\\";N;s:6:\\\"avatar\\\";N;s:10:\\\"created_by\\\";N;s:10:\\\"updated_by\\\";N;s:10:\\\"created_at\\\";s:19:\\\"2025-03-22 05:36:38\\\";s:10:\\\"updated_at\\\";s:19:\\\"2025-04-17 16:59:32\\\";}s:11:\\\"\\u0000*\\u0000original\\\";a:20:{s:2:\\\"id\\\";i:68;s:9:\\\"user_type\\\";s:8:\\\"customer\\\";s:4:\\\"name\\\";s:15:\\\"Nythika Renjith\\\";s:5:\\\"email\\\";s:23:\\\"jisha.tomsher@gmail.com\\\";s:5:\\\"phone\\\";s:12:\\\"971568650838\\\";s:6:\\\"banned\\\";i:0;s:8:\\\"password\\\";s:60:\\\"$2y$12$TJLFV0ymMSd4PLNrKM1WHe1UtBcCYbj9KVARdiuas2KlwgsPv6GIy\\\";s:14:\\\"remember_token\\\";s:60:\\\"NDCGvEimz6Qm42Xbo0f7RxtBgpdzbGTXHSijuAYkcQnkK4m6KkYPwcKpeTqK\\\";s:3:\\\"otp\\\";N;s:10:\\\"otp_expiry\\\";N;s:17:\\\"is_phone_verified\\\";i:0;s:17:\\\"email_verified_at\\\";N;s:17:\\\"verification_code\\\";N;s:6:\\\"status\\\";i:0;s:12:\\\"device_token\\\";N;s:6:\\\"avatar\\\";N;s:10:\\\"created_by\\\";N;s:10:\\\"updated_by\\\";N;s:10:\\\"created_at\\\";s:19:\\\"2025-03-22 05:36:38\\\";s:10:\\\"updated_at\\\";s:19:\\\"2025-04-17 16:59:32\\\";}s:10:\\\"\\u0000*\\u0000changes\\\";a:0:{}s:8:\\\"\\u0000*\\u0000casts\\\";a:2:{s:17:\\\"email_verified_at\\\";s:8:\\\"datetime\\\";s:8:\\\"password\\\";s:6:\\\"hashed\\\";}s:17:\\\"\\u0000*\\u0000classCastCache\\\";a:0:{}s:21:\\\"\\u0000*\\u0000attributeCastCache\\\";a:0:{}s:13:\\\"\\u0000*\\u0000dateFormat\\\";N;s:10:\\\"\\u0000*\\u0000appends\\\";a:0:{}s:19:\\\"\\u0000*\\u0000dispatchesEvents\\\";a:0:{}s:14:\\\"\\u0000*\\u0000observables\\\";a:0:{}s:12:\\\"\\u0000*\\u0000relations\\\";a:0:{}s:10:\\\"\\u0000*\\u0000touches\\\";a:0:{}s:10:\\\"timestamps\\\";b:1;s:13:\\\"usesUniqueIds\\\";b:0;s:9:\\\"\\u0000*\\u0000hidden\\\";a:2:{i:0;s:8:\\\"password\\\";i:1;s:14:\\\"remember_token\\\";}s:10:\\\"\\u0000*\\u0000visible\\\";a:0:{}s:11:\\\"\\u0000*\\u0000fillable\\\";a:4:{i:0;s:4:\\\"name\\\";i:1;s:5:\\\"email\\\";i:2;s:5:\\\"phone\\\";i:3;s:8:\\\"password\\\";}s:10:\\\"\\u0000*\\u0000guarded\\\";a:1:{i:0;s:1:\\\"*\\\";}s:20:\\\"\\u0000*\\u0000rememberTokenName\\\";s:14:\\\"remember_token\\\";s:14:\\\"\\u0000*\\u0000accessToken\\\";N;}}s:10:\\\"\\u0000*\\u0000touches\\\";a:0:{}s:10:\\\"timestamps\\\";b:1;s:13:\\\"usesUniqueIds\\\";b:0;s:9:\\\"\\u0000*\\u0000hidden\\\";a:0:{}s:10:\\\"\\u0000*\\u0000visible\\\";a:0:{}s:11:\\\"\\u0000*\\u0000fillable\\\";a:27:{i:0;s:4:\\\"code\\\";i:1;s:7:\\\"user_id\\\";i:2;s:18:\\\"estimated_delivery\\\";i:3;s:16:\\\"shipping_address\\\";i:4;s:15:\\\"billing_address\\\";i:5;s:11:\\\"order_notes\\\";i:6;s:15:\\\"delivery_status\\\";i:7;s:12:\\\"payment_type\\\";i:8;s:14:\\\"payment_status\\\";i:9;s:15:\\\"payment_details\\\";i:10;s:19:\\\"payment_tracking_id\\\";i:11;s:13:\\\"shipping_type\\\";i:12;s:13:\\\"shipping_cost\\\";i:13;s:3:\\\"tax\\\";i:14;s:11:\\\"grand_total\\\";i:15;s:9:\\\"sub_total\\\";i:16;s:15:\\\"coupon_discount\\\";i:17;s:11:\\\"coupon_code\\\";i:18;s:14:\\\"offer_discount\\\";i:19;s:13:\\\"tracking_code\\\";i:20;s:23:\\\"delivery_completed_date\\\";i:21;s:4:\\\"date\\\";i:22;s:14:\\\"cancel_request\\\";i:23;s:19:\\\"cancel_request_date\\\";i:24;s:15:\\\"cancel_approval\\\";i:25;s:20:\\\"cancel_approval_date\\\";i:26;s:13:\\\"cancel_reason\\\";}s:10:\\\"\\u0000*\\u0000guarded\\\";a:1:{i:0;s:1:\\\"*\\\";}}}s:2:\\\"to\\\";a:1:{i:0;a:2:{s:4:\\\"name\\\";N;s:7:\\\"address\\\";s:23:\\\"jisha.tomsher@gmail.com\\\";}}s:6:\\\"mailer\\\";s:4:\\\"smtp\\\";}s:5:\\\"tries\\\";N;s:7:\\\"timeout\\\";N;s:13:\\\"maxExceptions\\\";N;s:17:\\\"shouldBeEncrypted\\\";b:0;s:10:\\\"connection\\\";N;s:5:\\\"queue\\\";N;s:15:\\\"chainConnection\\\";N;s:10:\\\"chainQueue\\\";N;s:19:\\\"chainCatchCallbacks\\\";N;s:5:\\\"delay\\\";N;s:11:\\\"afterCommit\\\";N;s:10:\\\"middleware\\\";a:0:{}s:7:\\\"chained\\\";a:0:{}s:3:\\\"job\\\";N;}\"}}',0,NULL,1744899564,1744899564),(42,'default','{\"uuid\":\"e2518ffd-2765-4e2e-8c63-1315ea1289a7\",\"displayName\":\"App\\\\Mail\\\\InvoiceEmailManager\",\"job\":\"Illuminate\\\\Queue\\\\CallQueuedHandler@call\",\"maxTries\":null,\"maxExceptions\":null,\"failOnTimeout\":false,\"backoff\":null,\"timeout\":null,\"retryUntil\":null,\"data\":{\"commandName\":\"Illuminate\\\\Mail\\\\SendQueuedMailable\",\"command\":\"O:34:\\\"Illuminate\\\\Mail\\\\SendQueuedMailable\\\":15:{s:8:\\\"mailable\\\";O:28:\\\"App\\\\Mail\\\\InvoiceEmailManager\\\":3:{s:5:\\\"array\\\";a:4:{s:4:\\\"view\\\";s:14:\\\"emails.invoice\\\";s:7:\\\"subject\\\";s:44:\\\"Thank you for your order - 20250417-18202757\\\";s:4:\\\"from\\\";s:23:\\\"jisha.tomsher@gmail.com\\\";s:5:\\\"order\\\";O:16:\\\"App\\\\Models\\\\Order\\\":30:{s:13:\\\"\\u0000*\\u0000connection\\\";s:5:\\\"mysql\\\";s:8:\\\"\\u0000*\\u0000table\\\";s:6:\\\"orders\\\";s:13:\\\"\\u0000*\\u0000primaryKey\\\";s:2:\\\"id\\\";s:10:\\\"\\u0000*\\u0000keyType\\\";s:3:\\\"int\\\";s:12:\\\"incrementing\\\";b:1;s:7:\\\"\\u0000*\\u0000with\\\";a:0:{}s:12:\\\"\\u0000*\\u0000withCount\\\";a:0:{}s:19:\\\"preventsLazyLoading\\\";b:0;s:10:\\\"\\u0000*\\u0000perPage\\\";i:15;s:6:\\\"exists\\\";b:1;s:18:\\\"wasRecentlyCreated\\\";b:1;s:28:\\\"\\u0000*\\u0000escapeWhenCastingToString\\\";b:0;s:13:\\\"\\u0000*\\u0000attributes\\\";a:20:{s:7:\\\"user_id\\\";i:68;s:16:\\\"shipping_address\\\";s:184:\\\"{\\\"name\\\":\\\"dfdsgfg\\\",\\\"email\\\":\\\"jisha.tomsher@gmail.com\\\",\\\"address\\\":\\\"dfhgfhgfh\\\",\\\"zipcode\\\":\\\"sdgdsfg\\\",\\\"city\\\":\\\"sdgfsdg\\\",\\\"state\\\":\\\"sdgdfsgf\\\",\\\"country\\\":\\\"United Arab Emirates\\\",\\\"phone\\\":\\\"1122334455\\\"}\\\";s:15:\\\"billing_address\\\";s:184:\\\"{\\\"name\\\":\\\"dfdsgfg\\\",\\\"email\\\":\\\"jisha.tomsher@gmail.com\\\",\\\"address\\\":\\\"dfhgfhgfh\\\",\\\"zipcode\\\":\\\"sdgdsfg\\\",\\\"city\\\":\\\"sdgfsdg\\\",\\\"state\\\":\\\"sdgdfsgf\\\",\\\"country\\\":\\\"United Arab Emirates\\\",\\\"phone\\\":\\\"1122334455\\\"}\\\";s:11:\\\"order_notes\\\";s:6:\\\"sdfdsf\\\";s:13:\\\"shipping_type\\\";s:9:\\\"flat_rate\\\";s:13:\\\"shipping_cost\\\";d:20;s:15:\\\"delivery_status\\\";s:7:\\\"pending\\\";s:12:\\\"payment_type\\\";s:3:\\\"cod\\\";s:14:\\\"payment_status\\\";s:7:\\\"un_paid\\\";s:11:\\\"grand_total\\\";d:669;s:3:\\\"tax\\\";d:0;s:9:\\\"sub_total\\\";d:749;s:14:\\\"offer_discount\\\";d:100;s:15:\\\"coupon_discount\\\";d:0;s:4:\\\"code\\\";s:17:\\\"20250417-18202757\\\";s:4:\\\"date\\\";i:1744899627;s:10:\\\"updated_at\\\";s:19:\\\"2025-04-17 18:20:27\\\";s:10:\\\"created_at\\\";s:19:\\\"2025-04-17 18:20:27\\\";s:2:\\\"id\\\";i:22;s:11:\\\"coupon_code\\\";N;}s:11:\\\"\\u0000*\\u0000original\\\";a:20:{s:7:\\\"user_id\\\";i:68;s:16:\\\"shipping_address\\\";s:184:\\\"{\\\"name\\\":\\\"dfdsgfg\\\",\\\"email\\\":\\\"jisha.tomsher@gmail.com\\\",\\\"address\\\":\\\"dfhgfhgfh\\\",\\\"zipcode\\\":\\\"sdgdsfg\\\",\\\"city\\\":\\\"sdgfsdg\\\",\\\"state\\\":\\\"sdgdfsgf\\\",\\\"country\\\":\\\"United Arab Emirates\\\",\\\"phone\\\":\\\"1122334455\\\"}\\\";s:15:\\\"billing_address\\\";s:184:\\\"{\\\"name\\\":\\\"dfdsgfg\\\",\\\"email\\\":\\\"jisha.tomsher@gmail.com\\\",\\\"address\\\":\\\"dfhgfhgfh\\\",\\\"zipcode\\\":\\\"sdgdsfg\\\",\\\"city\\\":\\\"sdgfsdg\\\",\\\"state\\\":\\\"sdgdfsgf\\\",\\\"country\\\":\\\"United Arab Emirates\\\",\\\"phone\\\":\\\"1122334455\\\"}\\\";s:11:\\\"order_notes\\\";s:6:\\\"sdfdsf\\\";s:13:\\\"shipping_type\\\";s:9:\\\"flat_rate\\\";s:13:\\\"shipping_cost\\\";d:20;s:15:\\\"delivery_status\\\";s:7:\\\"pending\\\";s:12:\\\"payment_type\\\";s:3:\\\"cod\\\";s:14:\\\"payment_status\\\";s:7:\\\"un_paid\\\";s:11:\\\"grand_total\\\";d:669;s:3:\\\"tax\\\";d:0;s:9:\\\"sub_total\\\";d:749;s:14:\\\"offer_discount\\\";d:100;s:15:\\\"coupon_discount\\\";d:0;s:4:\\\"code\\\";s:17:\\\"20250417-18202757\\\";s:4:\\\"date\\\";i:1744899627;s:10:\\\"updated_at\\\";s:19:\\\"2025-04-17 18:20:27\\\";s:10:\\\"created_at\\\";s:19:\\\"2025-04-17 18:20:27\\\";s:2:\\\"id\\\";i:22;s:11:\\\"coupon_code\\\";N;}s:10:\\\"\\u0000*\\u0000changes\\\";a:6:{s:13:\\\"shipping_type\\\";s:9:\\\"flat_rate\\\";s:13:\\\"shipping_cost\\\";d:20;s:11:\\\"grand_total\\\";d:669;s:9:\\\"sub_total\\\";d:749;s:14:\\\"offer_discount\\\";d:100;s:11:\\\"coupon_code\\\";N;}s:8:\\\"\\u0000*\\u0000casts\\\";a:0:{}s:17:\\\"\\u0000*\\u0000classCastCache\\\";a:0:{}s:21:\\\"\\u0000*\\u0000attributeCastCache\\\";a:0:{}s:13:\\\"\\u0000*\\u0000dateFormat\\\";N;s:10:\\\"\\u0000*\\u0000appends\\\";a:0:{}s:19:\\\"\\u0000*\\u0000dispatchesEvents\\\";a:0:{}s:14:\\\"\\u0000*\\u0000observables\\\";a:0:{}s:12:\\\"\\u0000*\\u0000relations\\\";a:1:{s:4:\\\"user\\\";O:15:\\\"App\\\\Models\\\\User\\\":32:{s:13:\\\"\\u0000*\\u0000connection\\\";s:5:\\\"mysql\\\";s:8:\\\"\\u0000*\\u0000table\\\";s:5:\\\"users\\\";s:13:\\\"\\u0000*\\u0000primaryKey\\\";s:2:\\\"id\\\";s:10:\\\"\\u0000*\\u0000keyType\\\";s:3:\\\"int\\\";s:12:\\\"incrementing\\\";b:1;s:7:\\\"\\u0000*\\u0000with\\\";a:0:{}s:12:\\\"\\u0000*\\u0000withCount\\\";a:0:{}s:19:\\\"preventsLazyLoading\\\";b:0;s:10:\\\"\\u0000*\\u0000perPage\\\";i:15;s:6:\\\"exists\\\";b:1;s:18:\\\"wasRecentlyCreated\\\";b:0;s:28:\\\"\\u0000*\\u0000escapeWhenCastingToString\\\";b:0;s:13:\\\"\\u0000*\\u0000attributes\\\";a:20:{s:2:\\\"id\\\";i:68;s:9:\\\"user_type\\\";s:8:\\\"customer\\\";s:4:\\\"name\\\";s:15:\\\"Nythika Renjith\\\";s:5:\\\"email\\\";s:23:\\\"jisha.tomsher@gmail.com\\\";s:5:\\\"phone\\\";s:12:\\\"971568650838\\\";s:6:\\\"banned\\\";i:0;s:8:\\\"password\\\";s:60:\\\"$2y$12$TJLFV0ymMSd4PLNrKM1WHe1UtBcCYbj9KVARdiuas2KlwgsPv6GIy\\\";s:14:\\\"remember_token\\\";s:60:\\\"NDCGvEimz6Qm42Xbo0f7RxtBgpdzbGTXHSijuAYkcQnkK4m6KkYPwcKpeTqK\\\";s:3:\\\"otp\\\";N;s:10:\\\"otp_expiry\\\";N;s:17:\\\"is_phone_verified\\\";i:0;s:17:\\\"email_verified_at\\\";N;s:17:\\\"verification_code\\\";N;s:6:\\\"status\\\";i:0;s:12:\\\"device_token\\\";N;s:6:\\\"avatar\\\";N;s:10:\\\"created_by\\\";N;s:10:\\\"updated_by\\\";N;s:10:\\\"created_at\\\";s:19:\\\"2025-03-22 05:36:38\\\";s:10:\\\"updated_at\\\";s:19:\\\"2025-04-17 16:59:32\\\";}s:11:\\\"\\u0000*\\u0000original\\\";a:20:{s:2:\\\"id\\\";i:68;s:9:\\\"user_type\\\";s:8:\\\"customer\\\";s:4:\\\"name\\\";s:15:\\\"Nythika Renjith\\\";s:5:\\\"email\\\";s:23:\\\"jisha.tomsher@gmail.com\\\";s:5:\\\"phone\\\";s:12:\\\"971568650838\\\";s:6:\\\"banned\\\";i:0;s:8:\\\"password\\\";s:60:\\\"$2y$12$TJLFV0ymMSd4PLNrKM1WHe1UtBcCYbj9KVARdiuas2KlwgsPv6GIy\\\";s:14:\\\"remember_token\\\";s:60:\\\"NDCGvEimz6Qm42Xbo0f7RxtBgpdzbGTXHSijuAYkcQnkK4m6KkYPwcKpeTqK\\\";s:3:\\\"otp\\\";N;s:10:\\\"otp_expiry\\\";N;s:17:\\\"is_phone_verified\\\";i:0;s:17:\\\"email_verified_at\\\";N;s:17:\\\"verification_code\\\";N;s:6:\\\"status\\\";i:0;s:12:\\\"device_token\\\";N;s:6:\\\"avatar\\\";N;s:10:\\\"created_by\\\";N;s:10:\\\"updated_by\\\";N;s:10:\\\"created_at\\\";s:19:\\\"2025-03-22 05:36:38\\\";s:10:\\\"updated_at\\\";s:19:\\\"2025-04-17 16:59:32\\\";}s:10:\\\"\\u0000*\\u0000changes\\\";a:0:{}s:8:\\\"\\u0000*\\u0000casts\\\";a:2:{s:17:\\\"email_verified_at\\\";s:8:\\\"datetime\\\";s:8:\\\"password\\\";s:6:\\\"hashed\\\";}s:17:\\\"\\u0000*\\u0000classCastCache\\\";a:0:{}s:21:\\\"\\u0000*\\u0000attributeCastCache\\\";a:0:{}s:13:\\\"\\u0000*\\u0000dateFormat\\\";N;s:10:\\\"\\u0000*\\u0000appends\\\";a:0:{}s:19:\\\"\\u0000*\\u0000dispatchesEvents\\\";a:0:{}s:14:\\\"\\u0000*\\u0000observables\\\";a:0:{}s:12:\\\"\\u0000*\\u0000relations\\\";a:0:{}s:10:\\\"\\u0000*\\u0000touches\\\";a:0:{}s:10:\\\"timestamps\\\";b:1;s:13:\\\"usesUniqueIds\\\";b:0;s:9:\\\"\\u0000*\\u0000hidden\\\";a:2:{i:0;s:8:\\\"password\\\";i:1;s:14:\\\"remember_token\\\";}s:10:\\\"\\u0000*\\u0000visible\\\";a:0:{}s:11:\\\"\\u0000*\\u0000fillable\\\";a:4:{i:0;s:4:\\\"name\\\";i:1;s:5:\\\"email\\\";i:2;s:5:\\\"phone\\\";i:3;s:8:\\\"password\\\";}s:10:\\\"\\u0000*\\u0000guarded\\\";a:1:{i:0;s:1:\\\"*\\\";}s:20:\\\"\\u0000*\\u0000rememberTokenName\\\";s:14:\\\"remember_token\\\";s:14:\\\"\\u0000*\\u0000accessToken\\\";N;}}s:10:\\\"\\u0000*\\u0000touches\\\";a:0:{}s:10:\\\"timestamps\\\";b:1;s:13:\\\"usesUniqueIds\\\";b:0;s:9:\\\"\\u0000*\\u0000hidden\\\";a:0:{}s:10:\\\"\\u0000*\\u0000visible\\\";a:0:{}s:11:\\\"\\u0000*\\u0000fillable\\\";a:27:{i:0;s:4:\\\"code\\\";i:1;s:7:\\\"user_id\\\";i:2;s:18:\\\"estimated_delivery\\\";i:3;s:16:\\\"shipping_address\\\";i:4;s:15:\\\"billing_address\\\";i:5;s:11:\\\"order_notes\\\";i:6;s:15:\\\"delivery_status\\\";i:7;s:12:\\\"payment_type\\\";i:8;s:14:\\\"payment_status\\\";i:9;s:15:\\\"payment_details\\\";i:10;s:19:\\\"payment_tracking_id\\\";i:11;s:13:\\\"shipping_type\\\";i:12;s:13:\\\"shipping_cost\\\";i:13;s:3:\\\"tax\\\";i:14;s:11:\\\"grand_total\\\";i:15;s:9:\\\"sub_total\\\";i:16;s:15:\\\"coupon_discount\\\";i:17;s:11:\\\"coupon_code\\\";i:18;s:14:\\\"offer_discount\\\";i:19;s:13:\\\"tracking_code\\\";i:20;s:23:\\\"delivery_completed_date\\\";i:21;s:4:\\\"date\\\";i:22;s:14:\\\"cancel_request\\\";i:23;s:19:\\\"cancel_request_date\\\";i:24;s:15:\\\"cancel_approval\\\";i:25;s:20:\\\"cancel_approval_date\\\";i:26;s:13:\\\"cancel_reason\\\";}s:10:\\\"\\u0000*\\u0000guarded\\\";a:1:{i:0;s:1:\\\"*\\\";}}}s:2:\\\"to\\\";a:1:{i:0;a:2:{s:4:\\\"name\\\";N;s:7:\\\"address\\\";s:23:\\\"jisha.tomsher@gmail.com\\\";}}s:6:\\\"mailer\\\";s:4:\\\"smtp\\\";}s:5:\\\"tries\\\";N;s:7:\\\"timeout\\\";N;s:13:\\\"maxExceptions\\\";N;s:17:\\\"shouldBeEncrypted\\\";b:0;s:10:\\\"connection\\\";N;s:5:\\\"queue\\\";N;s:15:\\\"chainConnection\\\";N;s:10:\\\"chainQueue\\\";N;s:19:\\\"chainCatchCallbacks\\\";N;s:5:\\\"delay\\\";N;s:11:\\\"afterCommit\\\";N;s:10:\\\"middleware\\\";a:0:{}s:7:\\\"chained\\\";a:0:{}s:3:\\\"job\\\";N;}\"}}',0,NULL,1744899627,1744899627),(43,'default','{\"uuid\":\"d61f9689-8eff-46b7-bbe5-2fc90b68ffc8\",\"displayName\":\"App\\\\Mail\\\\InvoiceEmailManager\",\"job\":\"Illuminate\\\\Queue\\\\CallQueuedHandler@call\",\"maxTries\":null,\"maxExceptions\":null,\"failOnTimeout\":false,\"backoff\":null,\"timeout\":null,\"retryUntil\":null,\"data\":{\"commandName\":\"Illuminate\\\\Mail\\\\SendQueuedMailable\",\"command\":\"O:34:\\\"Illuminate\\\\Mail\\\\SendQueuedMailable\\\":15:{s:8:\\\"mailable\\\";O:28:\\\"App\\\\Mail\\\\InvoiceEmailManager\\\":3:{s:5:\\\"array\\\";a:4:{s:4:\\\"view\\\";s:14:\\\"emails.invoice\\\";s:7:\\\"subject\\\";s:47:\\\"A new order has been placed - 20250417-18202757\\\";s:4:\\\"from\\\";s:23:\\\"jisha.tomsher@gmail.com\\\";s:5:\\\"order\\\";O:16:\\\"App\\\\Models\\\\Order\\\":30:{s:13:\\\"\\u0000*\\u0000connection\\\";s:5:\\\"mysql\\\";s:8:\\\"\\u0000*\\u0000table\\\";s:6:\\\"orders\\\";s:13:\\\"\\u0000*\\u0000primaryKey\\\";s:2:\\\"id\\\";s:10:\\\"\\u0000*\\u0000keyType\\\";s:3:\\\"int\\\";s:12:\\\"incrementing\\\";b:1;s:7:\\\"\\u0000*\\u0000with\\\";a:0:{}s:12:\\\"\\u0000*\\u0000withCount\\\";a:0:{}s:19:\\\"preventsLazyLoading\\\";b:0;s:10:\\\"\\u0000*\\u0000perPage\\\";i:15;s:6:\\\"exists\\\";b:1;s:18:\\\"wasRecentlyCreated\\\";b:1;s:28:\\\"\\u0000*\\u0000escapeWhenCastingToString\\\";b:0;s:13:\\\"\\u0000*\\u0000attributes\\\";a:20:{s:7:\\\"user_id\\\";i:68;s:16:\\\"shipping_address\\\";s:184:\\\"{\\\"name\\\":\\\"dfdsgfg\\\",\\\"email\\\":\\\"jisha.tomsher@gmail.com\\\",\\\"address\\\":\\\"dfhgfhgfh\\\",\\\"zipcode\\\":\\\"sdgdsfg\\\",\\\"city\\\":\\\"sdgfsdg\\\",\\\"state\\\":\\\"sdgdfsgf\\\",\\\"country\\\":\\\"United Arab Emirates\\\",\\\"phone\\\":\\\"1122334455\\\"}\\\";s:15:\\\"billing_address\\\";s:184:\\\"{\\\"name\\\":\\\"dfdsgfg\\\",\\\"email\\\":\\\"jisha.tomsher@gmail.com\\\",\\\"address\\\":\\\"dfhgfhgfh\\\",\\\"zipcode\\\":\\\"sdgdsfg\\\",\\\"city\\\":\\\"sdgfsdg\\\",\\\"state\\\":\\\"sdgdfsgf\\\",\\\"country\\\":\\\"United Arab Emirates\\\",\\\"phone\\\":\\\"1122334455\\\"}\\\";s:11:\\\"order_notes\\\";s:6:\\\"sdfdsf\\\";s:13:\\\"shipping_type\\\";s:9:\\\"flat_rate\\\";s:13:\\\"shipping_cost\\\";d:20;s:15:\\\"delivery_status\\\";s:7:\\\"pending\\\";s:12:\\\"payment_type\\\";s:3:\\\"cod\\\";s:14:\\\"payment_status\\\";s:7:\\\"un_paid\\\";s:11:\\\"grand_total\\\";d:669;s:3:\\\"tax\\\";d:0;s:9:\\\"sub_total\\\";d:749;s:14:\\\"offer_discount\\\";d:100;s:15:\\\"coupon_discount\\\";d:0;s:4:\\\"code\\\";s:17:\\\"20250417-18202757\\\";s:4:\\\"date\\\";i:1744899627;s:10:\\\"updated_at\\\";s:19:\\\"2025-04-17 18:20:27\\\";s:10:\\\"created_at\\\";s:19:\\\"2025-04-17 18:20:27\\\";s:2:\\\"id\\\";i:22;s:11:\\\"coupon_code\\\";N;}s:11:\\\"\\u0000*\\u0000original\\\";a:20:{s:7:\\\"user_id\\\";i:68;s:16:\\\"shipping_address\\\";s:184:\\\"{\\\"name\\\":\\\"dfdsgfg\\\",\\\"email\\\":\\\"jisha.tomsher@gmail.com\\\",\\\"address\\\":\\\"dfhgfhgfh\\\",\\\"zipcode\\\":\\\"sdgdsfg\\\",\\\"city\\\":\\\"sdgfsdg\\\",\\\"state\\\":\\\"sdgdfsgf\\\",\\\"country\\\":\\\"United Arab Emirates\\\",\\\"phone\\\":\\\"1122334455\\\"}\\\";s:15:\\\"billing_address\\\";s:184:\\\"{\\\"name\\\":\\\"dfdsgfg\\\",\\\"email\\\":\\\"jisha.tomsher@gmail.com\\\",\\\"address\\\":\\\"dfhgfhgfh\\\",\\\"zipcode\\\":\\\"sdgdsfg\\\",\\\"city\\\":\\\"sdgfsdg\\\",\\\"state\\\":\\\"sdgdfsgf\\\",\\\"country\\\":\\\"United Arab Emirates\\\",\\\"phone\\\":\\\"1122334455\\\"}\\\";s:11:\\\"order_notes\\\";s:6:\\\"sdfdsf\\\";s:13:\\\"shipping_type\\\";s:9:\\\"flat_rate\\\";s:13:\\\"shipping_cost\\\";d:20;s:15:\\\"delivery_status\\\";s:7:\\\"pending\\\";s:12:\\\"payment_type\\\";s:3:\\\"cod\\\";s:14:\\\"payment_status\\\";s:7:\\\"un_paid\\\";s:11:\\\"grand_total\\\";d:669;s:3:\\\"tax\\\";d:0;s:9:\\\"sub_total\\\";d:749;s:14:\\\"offer_discount\\\";d:100;s:15:\\\"coupon_discount\\\";d:0;s:4:\\\"code\\\";s:17:\\\"20250417-18202757\\\";s:4:\\\"date\\\";i:1744899627;s:10:\\\"updated_at\\\";s:19:\\\"2025-04-17 18:20:27\\\";s:10:\\\"created_at\\\";s:19:\\\"2025-04-17 18:20:27\\\";s:2:\\\"id\\\";i:22;s:11:\\\"coupon_code\\\";N;}s:10:\\\"\\u0000*\\u0000changes\\\";a:6:{s:13:\\\"shipping_type\\\";s:9:\\\"flat_rate\\\";s:13:\\\"shipping_cost\\\";d:20;s:11:\\\"grand_total\\\";d:669;s:9:\\\"sub_total\\\";d:749;s:14:\\\"offer_discount\\\";d:100;s:11:\\\"coupon_code\\\";N;}s:8:\\\"\\u0000*\\u0000casts\\\";a:0:{}s:17:\\\"\\u0000*\\u0000classCastCache\\\";a:0:{}s:21:\\\"\\u0000*\\u0000attributeCastCache\\\";a:0:{}s:13:\\\"\\u0000*\\u0000dateFormat\\\";N;s:10:\\\"\\u0000*\\u0000appends\\\";a:0:{}s:19:\\\"\\u0000*\\u0000dispatchesEvents\\\";a:0:{}s:14:\\\"\\u0000*\\u0000observables\\\";a:0:{}s:12:\\\"\\u0000*\\u0000relations\\\";a:1:{s:4:\\\"user\\\";O:15:\\\"App\\\\Models\\\\User\\\":32:{s:13:\\\"\\u0000*\\u0000connection\\\";s:5:\\\"mysql\\\";s:8:\\\"\\u0000*\\u0000table\\\";s:5:\\\"users\\\";s:13:\\\"\\u0000*\\u0000primaryKey\\\";s:2:\\\"id\\\";s:10:\\\"\\u0000*\\u0000keyType\\\";s:3:\\\"int\\\";s:12:\\\"incrementing\\\";b:1;s:7:\\\"\\u0000*\\u0000with\\\";a:0:{}s:12:\\\"\\u0000*\\u0000withCount\\\";a:0:{}s:19:\\\"preventsLazyLoading\\\";b:0;s:10:\\\"\\u0000*\\u0000perPage\\\";i:15;s:6:\\\"exists\\\";b:1;s:18:\\\"wasRecentlyCreated\\\";b:0;s:28:\\\"\\u0000*\\u0000escapeWhenCastingToString\\\";b:0;s:13:\\\"\\u0000*\\u0000attributes\\\";a:20:{s:2:\\\"id\\\";i:68;s:9:\\\"user_type\\\";s:8:\\\"customer\\\";s:4:\\\"name\\\";s:15:\\\"Nythika Renjith\\\";s:5:\\\"email\\\";s:23:\\\"jisha.tomsher@gmail.com\\\";s:5:\\\"phone\\\";s:12:\\\"971568650838\\\";s:6:\\\"banned\\\";i:0;s:8:\\\"password\\\";s:60:\\\"$2y$12$TJLFV0ymMSd4PLNrKM1WHe1UtBcCYbj9KVARdiuas2KlwgsPv6GIy\\\";s:14:\\\"remember_token\\\";s:60:\\\"NDCGvEimz6Qm42Xbo0f7RxtBgpdzbGTXHSijuAYkcQnkK4m6KkYPwcKpeTqK\\\";s:3:\\\"otp\\\";N;s:10:\\\"otp_expiry\\\";N;s:17:\\\"is_phone_verified\\\";i:0;s:17:\\\"email_verified_at\\\";N;s:17:\\\"verification_code\\\";N;s:6:\\\"status\\\";i:0;s:12:\\\"device_token\\\";N;s:6:\\\"avatar\\\";N;s:10:\\\"created_by\\\";N;s:10:\\\"updated_by\\\";N;s:10:\\\"created_at\\\";s:19:\\\"2025-03-22 05:36:38\\\";s:10:\\\"updated_at\\\";s:19:\\\"2025-04-17 16:59:32\\\";}s:11:\\\"\\u0000*\\u0000original\\\";a:20:{s:2:\\\"id\\\";i:68;s:9:\\\"user_type\\\";s:8:\\\"customer\\\";s:4:\\\"name\\\";s:15:\\\"Nythika Renjith\\\";s:5:\\\"email\\\";s:23:\\\"jisha.tomsher@gmail.com\\\";s:5:\\\"phone\\\";s:12:\\\"971568650838\\\";s:6:\\\"banned\\\";i:0;s:8:\\\"password\\\";s:60:\\\"$2y$12$TJLFV0ymMSd4PLNrKM1WHe1UtBcCYbj9KVARdiuas2KlwgsPv6GIy\\\";s:14:\\\"remember_token\\\";s:60:\\\"NDCGvEimz6Qm42Xbo0f7RxtBgpdzbGTXHSijuAYkcQnkK4m6KkYPwcKpeTqK\\\";s:3:\\\"otp\\\";N;s:10:\\\"otp_expiry\\\";N;s:17:\\\"is_phone_verified\\\";i:0;s:17:\\\"email_verified_at\\\";N;s:17:\\\"verification_code\\\";N;s:6:\\\"status\\\";i:0;s:12:\\\"device_token\\\";N;s:6:\\\"avatar\\\";N;s:10:\\\"created_by\\\";N;s:10:\\\"updated_by\\\";N;s:10:\\\"created_at\\\";s:19:\\\"2025-03-22 05:36:38\\\";s:10:\\\"updated_at\\\";s:19:\\\"2025-04-17 16:59:32\\\";}s:10:\\\"\\u0000*\\u0000changes\\\";a:0:{}s:8:\\\"\\u0000*\\u0000casts\\\";a:2:{s:17:\\\"email_verified_at\\\";s:8:\\\"datetime\\\";s:8:\\\"password\\\";s:6:\\\"hashed\\\";}s:17:\\\"\\u0000*\\u0000classCastCache\\\";a:0:{}s:21:\\\"\\u0000*\\u0000attributeCastCache\\\";a:0:{}s:13:\\\"\\u0000*\\u0000dateFormat\\\";N;s:10:\\\"\\u0000*\\u0000appends\\\";a:0:{}s:19:\\\"\\u0000*\\u0000dispatchesEvents\\\";a:0:{}s:14:\\\"\\u0000*\\u0000observables\\\";a:0:{}s:12:\\\"\\u0000*\\u0000relations\\\";a:0:{}s:10:\\\"\\u0000*\\u0000touches\\\";a:0:{}s:10:\\\"timestamps\\\";b:1;s:13:\\\"usesUniqueIds\\\";b:0;s:9:\\\"\\u0000*\\u0000hidden\\\";a:2:{i:0;s:8:\\\"password\\\";i:1;s:14:\\\"remember_token\\\";}s:10:\\\"\\u0000*\\u0000visible\\\";a:0:{}s:11:\\\"\\u0000*\\u0000fillable\\\";a:4:{i:0;s:4:\\\"name\\\";i:1;s:5:\\\"email\\\";i:2;s:5:\\\"phone\\\";i:3;s:8:\\\"password\\\";}s:10:\\\"\\u0000*\\u0000guarded\\\";a:1:{i:0;s:1:\\\"*\\\";}s:20:\\\"\\u0000*\\u0000rememberTokenName\\\";s:14:\\\"remember_token\\\";s:14:\\\"\\u0000*\\u0000accessToken\\\";N;}}s:10:\\\"\\u0000*\\u0000touches\\\";a:0:{}s:10:\\\"timestamps\\\";b:1;s:13:\\\"usesUniqueIds\\\";b:0;s:9:\\\"\\u0000*\\u0000hidden\\\";a:0:{}s:10:\\\"\\u0000*\\u0000visible\\\";a:0:{}s:11:\\\"\\u0000*\\u0000fillable\\\";a:27:{i:0;s:4:\\\"code\\\";i:1;s:7:\\\"user_id\\\";i:2;s:18:\\\"estimated_delivery\\\";i:3;s:16:\\\"shipping_address\\\";i:4;s:15:\\\"billing_address\\\";i:5;s:11:\\\"order_notes\\\";i:6;s:15:\\\"delivery_status\\\";i:7;s:12:\\\"payment_type\\\";i:8;s:14:\\\"payment_status\\\";i:9;s:15:\\\"payment_details\\\";i:10;s:19:\\\"payment_tracking_id\\\";i:11;s:13:\\\"shipping_type\\\";i:12;s:13:\\\"shipping_cost\\\";i:13;s:3:\\\"tax\\\";i:14;s:11:\\\"grand_total\\\";i:15;s:9:\\\"sub_total\\\";i:16;s:15:\\\"coupon_discount\\\";i:17;s:11:\\\"coupon_code\\\";i:18;s:14:\\\"offer_discount\\\";i:19;s:13:\\\"tracking_code\\\";i:20;s:23:\\\"delivery_completed_date\\\";i:21;s:4:\\\"date\\\";i:22;s:14:\\\"cancel_request\\\";i:23;s:19:\\\"cancel_request_date\\\";i:24;s:15:\\\"cancel_approval\\\";i:25;s:20:\\\"cancel_approval_date\\\";i:26;s:13:\\\"cancel_reason\\\";}s:10:\\\"\\u0000*\\u0000guarded\\\";a:1:{i:0;s:1:\\\"*\\\";}}}s:2:\\\"to\\\";a:1:{i:0;a:2:{s:4:\\\"name\\\";N;s:7:\\\"address\\\";s:23:\\\"jisha.tomsher@gmail.com\\\";}}s:6:\\\"mailer\\\";s:4:\\\"smtp\\\";}s:5:\\\"tries\\\";N;s:7:\\\"timeout\\\";N;s:13:\\\"maxExceptions\\\";N;s:17:\\\"shouldBeEncrypted\\\";b:0;s:10:\\\"connection\\\";N;s:5:\\\"queue\\\";N;s:15:\\\"chainConnection\\\";N;s:10:\\\"chainQueue\\\";N;s:19:\\\"chainCatchCallbacks\\\";N;s:5:\\\"delay\\\";N;s:11:\\\"afterCommit\\\";N;s:10:\\\"middleware\\\";a:0:{}s:7:\\\"chained\\\";a:0:{}s:3:\\\"job\\\";N;}\"}}',0,NULL,1744899627,1744899627),(44,'default','{\"uuid\":\"9b975d58-e4c9-4a1c-a791-b21b5037c269\",\"displayName\":\"App\\\\Mail\\\\InvoiceEmailManager\",\"job\":\"Illuminate\\\\Queue\\\\CallQueuedHandler@call\",\"maxTries\":null,\"maxExceptions\":null,\"failOnTimeout\":false,\"backoff\":null,\"timeout\":null,\"retryUntil\":null,\"data\":{\"commandName\":\"Illuminate\\\\Mail\\\\SendQueuedMailable\",\"command\":\"O:34:\\\"Illuminate\\\\Mail\\\\SendQueuedMailable\\\":15:{s:8:\\\"mailable\\\";O:28:\\\"App\\\\Mail\\\\InvoiceEmailManager\\\":3:{s:5:\\\"array\\\";a:4:{s:4:\\\"view\\\";s:14:\\\"emails.invoice\\\";s:7:\\\"subject\\\";s:44:\\\"Thank you for your order - 20250418-09562347\\\";s:4:\\\"from\\\";s:23:\\\"jisha.tomsher@gmail.com\\\";s:5:\\\"order\\\";O:16:\\\"App\\\\Models\\\\Order\\\":30:{s:13:\\\"\\u0000*\\u0000connection\\\";s:5:\\\"mysql\\\";s:8:\\\"\\u0000*\\u0000table\\\";s:6:\\\"orders\\\";s:13:\\\"\\u0000*\\u0000primaryKey\\\";s:2:\\\"id\\\";s:10:\\\"\\u0000*\\u0000keyType\\\";s:3:\\\"int\\\";s:12:\\\"incrementing\\\";b:1;s:7:\\\"\\u0000*\\u0000with\\\";a:0:{}s:12:\\\"\\u0000*\\u0000withCount\\\";a:0:{}s:19:\\\"preventsLazyLoading\\\";b:0;s:10:\\\"\\u0000*\\u0000perPage\\\";i:15;s:6:\\\"exists\\\";b:1;s:18:\\\"wasRecentlyCreated\\\";b:1;s:28:\\\"\\u0000*\\u0000escapeWhenCastingToString\\\";b:0;s:13:\\\"\\u0000*\\u0000attributes\\\";a:20:{s:7:\\\"user_id\\\";i:1;s:16:\\\"shipping_address\\\";s:174:\\\"{\\\"name\\\":\\\"Admin name\\\",\\\"email\\\":\\\"admin@homeiq.com\\\",\\\"address\\\":\\\"Admin address\\\",\\\"zipcode\\\":\\\"0000\\\",\\\"city\\\":\\\"city\\\",\\\"state\\\":\\\"state\\\",\\\"country\\\":\\\"United Arab Emirates\\\",\\\"phone\\\":\\\"145236987\\\"}\\\";s:15:\\\"billing_address\\\";s:174:\\\"{\\\"name\\\":\\\"Admin name\\\",\\\"email\\\":\\\"admin@homeiq.com\\\",\\\"address\\\":\\\"Admin address\\\",\\\"zipcode\\\":\\\"0000\\\",\\\"city\\\":\\\"city\\\",\\\"state\\\":\\\"state\\\",\\\"country\\\":\\\"United Arab Emirates\\\",\\\"phone\\\":\\\"145236987\\\"}\\\";s:11:\\\"order_notes\\\";s:0:\\\"\\\";s:13:\\\"shipping_type\\\";s:9:\\\"flat_rate\\\";s:13:\\\"shipping_cost\\\";d:20;s:15:\\\"delivery_status\\\";s:7:\\\"pending\\\";s:12:\\\"payment_type\\\";s:3:\\\"cod\\\";s:14:\\\"payment_status\\\";s:7:\\\"un_paid\\\";s:11:\\\"grand_total\\\";d:419;s:3:\\\"tax\\\";d:0;s:9:\\\"sub_total\\\";d:499;s:14:\\\"offer_discount\\\";d:100;s:15:\\\"coupon_discount\\\";d:0;s:4:\\\"code\\\";s:17:\\\"20250418-09562347\\\";s:4:\\\"date\\\";i:1744955783;s:10:\\\"updated_at\\\";s:19:\\\"2025-04-18 09:56:23\\\";s:10:\\\"created_at\\\";s:19:\\\"2025-04-18 09:56:23\\\";s:2:\\\"id\\\";i:23;s:11:\\\"coupon_code\\\";N;}s:11:\\\"\\u0000*\\u0000original\\\";a:20:{s:7:\\\"user_id\\\";i:1;s:16:\\\"shipping_address\\\";s:174:\\\"{\\\"name\\\":\\\"Admin name\\\",\\\"email\\\":\\\"admin@homeiq.com\\\",\\\"address\\\":\\\"Admin address\\\",\\\"zipcode\\\":\\\"0000\\\",\\\"city\\\":\\\"city\\\",\\\"state\\\":\\\"state\\\",\\\"country\\\":\\\"United Arab Emirates\\\",\\\"phone\\\":\\\"145236987\\\"}\\\";s:15:\\\"billing_address\\\";s:174:\\\"{\\\"name\\\":\\\"Admin name\\\",\\\"email\\\":\\\"admin@homeiq.com\\\",\\\"address\\\":\\\"Admin address\\\",\\\"zipcode\\\":\\\"0000\\\",\\\"city\\\":\\\"city\\\",\\\"state\\\":\\\"state\\\",\\\"country\\\":\\\"United Arab Emirates\\\",\\\"phone\\\":\\\"145236987\\\"}\\\";s:11:\\\"order_notes\\\";s:0:\\\"\\\";s:13:\\\"shipping_type\\\";s:9:\\\"flat_rate\\\";s:13:\\\"shipping_cost\\\";d:20;s:15:\\\"delivery_status\\\";s:7:\\\"pending\\\";s:12:\\\"payment_type\\\";s:3:\\\"cod\\\";s:14:\\\"payment_status\\\";s:7:\\\"un_paid\\\";s:11:\\\"grand_total\\\";d:419;s:3:\\\"tax\\\";d:0;s:9:\\\"sub_total\\\";d:499;s:14:\\\"offer_discount\\\";d:100;s:15:\\\"coupon_discount\\\";d:0;s:4:\\\"code\\\";s:17:\\\"20250418-09562347\\\";s:4:\\\"date\\\";i:1744955783;s:10:\\\"updated_at\\\";s:19:\\\"2025-04-18 09:56:23\\\";s:10:\\\"created_at\\\";s:19:\\\"2025-04-18 09:56:23\\\";s:2:\\\"id\\\";i:23;s:11:\\\"coupon_code\\\";N;}s:10:\\\"\\u0000*\\u0000changes\\\";a:6:{s:13:\\\"shipping_type\\\";s:9:\\\"flat_rate\\\";s:13:\\\"shipping_cost\\\";d:20;s:11:\\\"grand_total\\\";d:419;s:9:\\\"sub_total\\\";d:499;s:14:\\\"offer_discount\\\";d:100;s:11:\\\"coupon_code\\\";N;}s:8:\\\"\\u0000*\\u0000casts\\\";a:0:{}s:17:\\\"\\u0000*\\u0000classCastCache\\\";a:0:{}s:21:\\\"\\u0000*\\u0000attributeCastCache\\\";a:0:{}s:13:\\\"\\u0000*\\u0000dateFormat\\\";N;s:10:\\\"\\u0000*\\u0000appends\\\";a:0:{}s:19:\\\"\\u0000*\\u0000dispatchesEvents\\\";a:0:{}s:14:\\\"\\u0000*\\u0000observables\\\";a:0:{}s:12:\\\"\\u0000*\\u0000relations\\\";a:1:{s:4:\\\"user\\\";O:15:\\\"App\\\\Models\\\\User\\\":32:{s:13:\\\"\\u0000*\\u0000connection\\\";s:5:\\\"mysql\\\";s:8:\\\"\\u0000*\\u0000table\\\";s:5:\\\"users\\\";s:13:\\\"\\u0000*\\u0000primaryKey\\\";s:2:\\\"id\\\";s:10:\\\"\\u0000*\\u0000keyType\\\";s:3:\\\"int\\\";s:12:\\\"incrementing\\\";b:1;s:7:\\\"\\u0000*\\u0000with\\\";a:0:{}s:12:\\\"\\u0000*\\u0000withCount\\\";a:0:{}s:19:\\\"preventsLazyLoading\\\";b:0;s:10:\\\"\\u0000*\\u0000perPage\\\";i:15;s:6:\\\"exists\\\";b:1;s:18:\\\"wasRecentlyCreated\\\";b:0;s:28:\\\"\\u0000*\\u0000escapeWhenCastingToString\\\";b:0;s:13:\\\"\\u0000*\\u0000attributes\\\";a:20:{s:2:\\\"id\\\";i:1;s:9:\\\"user_type\\\";s:5:\\\"admin\\\";s:4:\\\"name\\\";s:5:\\\"admin\\\";s:5:\\\"email\\\";s:16:\\\"admin@homeiq.com\\\";s:5:\\\"phone\\\";N;s:6:\\\"banned\\\";i:0;s:8:\\\"password\\\";s:60:\\\"$2y$12$SfuI4RHZOWAyQ4Zri1wrEujk3Pf6Bi1RcRhVX\\/p8nrd\\/8\\/9RN5GKu\\\";s:14:\\\"remember_token\\\";N;s:3:\\\"otp\\\";N;s:10:\\\"otp_expiry\\\";N;s:17:\\\"is_phone_verified\\\";i:0;s:17:\\\"email_verified_at\\\";s:19:\\\"2023-02-24 19:02:20\\\";s:17:\\\"verification_code\\\";N;s:6:\\\"status\\\";i:0;s:12:\\\"device_token\\\";N;s:6:\\\"avatar\\\";N;s:10:\\\"created_by\\\";N;s:10:\\\"updated_by\\\";N;s:10:\\\"created_at\\\";s:19:\\\"2023-02-24 19:50:20\\\";s:10:\\\"updated_at\\\";s:19:\\\"2023-02-24 19:50:20\\\";}s:11:\\\"\\u0000*\\u0000original\\\";a:20:{s:2:\\\"id\\\";i:1;s:9:\\\"user_type\\\";s:5:\\\"admin\\\";s:4:\\\"name\\\";s:5:\\\"admin\\\";s:5:\\\"email\\\";s:16:\\\"admin@homeiq.com\\\";s:5:\\\"phone\\\";N;s:6:\\\"banned\\\";i:0;s:8:\\\"password\\\";s:60:\\\"$2y$12$SfuI4RHZOWAyQ4Zri1wrEujk3Pf6Bi1RcRhVX\\/p8nrd\\/8\\/9RN5GKu\\\";s:14:\\\"remember_token\\\";N;s:3:\\\"otp\\\";N;s:10:\\\"otp_expiry\\\";N;s:17:\\\"is_phone_verified\\\";i:0;s:17:\\\"email_verified_at\\\";s:19:\\\"2023-02-24 19:02:20\\\";s:17:\\\"verification_code\\\";N;s:6:\\\"status\\\";i:0;s:12:\\\"device_token\\\";N;s:6:\\\"avatar\\\";N;s:10:\\\"created_by\\\";N;s:10:\\\"updated_by\\\";N;s:10:\\\"created_at\\\";s:19:\\\"2023-02-24 19:50:20\\\";s:10:\\\"updated_at\\\";s:19:\\\"2023-02-24 19:50:20\\\";}s:10:\\\"\\u0000*\\u0000changes\\\";a:0:{}s:8:\\\"\\u0000*\\u0000casts\\\";a:2:{s:17:\\\"email_verified_at\\\";s:8:\\\"datetime\\\";s:8:\\\"password\\\";s:6:\\\"hashed\\\";}s:17:\\\"\\u0000*\\u0000classCastCache\\\";a:0:{}s:21:\\\"\\u0000*\\u0000attributeCastCache\\\";a:0:{}s:13:\\\"\\u0000*\\u0000dateFormat\\\";N;s:10:\\\"\\u0000*\\u0000appends\\\";a:0:{}s:19:\\\"\\u0000*\\u0000dispatchesEvents\\\";a:0:{}s:14:\\\"\\u0000*\\u0000observables\\\";a:0:{}s:12:\\\"\\u0000*\\u0000relations\\\";a:0:{}s:10:\\\"\\u0000*\\u0000touches\\\";a:0:{}s:10:\\\"timestamps\\\";b:1;s:13:\\\"usesUniqueIds\\\";b:0;s:9:\\\"\\u0000*\\u0000hidden\\\";a:2:{i:0;s:8:\\\"password\\\";i:1;s:14:\\\"remember_token\\\";}s:10:\\\"\\u0000*\\u0000visible\\\";a:0:{}s:11:\\\"\\u0000*\\u0000fillable\\\";a:4:{i:0;s:4:\\\"name\\\";i:1;s:5:\\\"email\\\";i:2;s:5:\\\"phone\\\";i:3;s:8:\\\"password\\\";}s:10:\\\"\\u0000*\\u0000guarded\\\";a:1:{i:0;s:1:\\\"*\\\";}s:20:\\\"\\u0000*\\u0000rememberTokenName\\\";s:14:\\\"remember_token\\\";s:14:\\\"\\u0000*\\u0000accessToken\\\";N;}}s:10:\\\"\\u0000*\\u0000touches\\\";a:0:{}s:10:\\\"timestamps\\\";b:1;s:13:\\\"usesUniqueIds\\\";b:0;s:9:\\\"\\u0000*\\u0000hidden\\\";a:0:{}s:10:\\\"\\u0000*\\u0000visible\\\";a:0:{}s:11:\\\"\\u0000*\\u0000fillable\\\";a:27:{i:0;s:4:\\\"code\\\";i:1;s:7:\\\"user_id\\\";i:2;s:18:\\\"estimated_delivery\\\";i:3;s:16:\\\"shipping_address\\\";i:4;s:15:\\\"billing_address\\\";i:5;s:11:\\\"order_notes\\\";i:6;s:15:\\\"delivery_status\\\";i:7;s:12:\\\"payment_type\\\";i:8;s:14:\\\"payment_status\\\";i:9;s:15:\\\"payment_details\\\";i:10;s:19:\\\"payment_tracking_id\\\";i:11;s:13:\\\"shipping_type\\\";i:12;s:13:\\\"shipping_cost\\\";i:13;s:3:\\\"tax\\\";i:14;s:11:\\\"grand_total\\\";i:15;s:9:\\\"sub_total\\\";i:16;s:15:\\\"coupon_discount\\\";i:17;s:11:\\\"coupon_code\\\";i:18;s:14:\\\"offer_discount\\\";i:19;s:13:\\\"tracking_code\\\";i:20;s:23:\\\"delivery_completed_date\\\";i:21;s:4:\\\"date\\\";i:22;s:14:\\\"cancel_request\\\";i:23;s:19:\\\"cancel_request_date\\\";i:24;s:15:\\\"cancel_approval\\\";i:25;s:20:\\\"cancel_approval_date\\\";i:26;s:13:\\\"cancel_reason\\\";}s:10:\\\"\\u0000*\\u0000guarded\\\";a:1:{i:0;s:1:\\\"*\\\";}}}s:2:\\\"to\\\";a:1:{i:0;a:2:{s:4:\\\"name\\\";N;s:7:\\\"address\\\";s:16:\\\"admin@homeiq.com\\\";}}s:6:\\\"mailer\\\";s:4:\\\"smtp\\\";}s:5:\\\"tries\\\";N;s:7:\\\"timeout\\\";N;s:13:\\\"maxExceptions\\\";N;s:17:\\\"shouldBeEncrypted\\\";b:0;s:10:\\\"connection\\\";N;s:5:\\\"queue\\\";N;s:15:\\\"chainConnection\\\";N;s:10:\\\"chainQueue\\\";N;s:19:\\\"chainCatchCallbacks\\\";N;s:5:\\\"delay\\\";N;s:11:\\\"afterCommit\\\";N;s:10:\\\"middleware\\\";a:0:{}s:7:\\\"chained\\\";a:0:{}s:3:\\\"job\\\";N;}\"}}',0,NULL,1744955785,1744955785),(45,'default','{\"uuid\":\"ab2f9897-6666-4fab-99ee-5172ab1201ea\",\"displayName\":\"App\\\\Mail\\\\InvoiceEmailManager\",\"job\":\"Illuminate\\\\Queue\\\\CallQueuedHandler@call\",\"maxTries\":null,\"maxExceptions\":null,\"failOnTimeout\":false,\"backoff\":null,\"timeout\":null,\"retryUntil\":null,\"data\":{\"commandName\":\"Illuminate\\\\Mail\\\\SendQueuedMailable\",\"command\":\"O:34:\\\"Illuminate\\\\Mail\\\\SendQueuedMailable\\\":15:{s:8:\\\"mailable\\\";O:28:\\\"App\\\\Mail\\\\InvoiceEmailManager\\\":3:{s:5:\\\"array\\\";a:4:{s:4:\\\"view\\\";s:14:\\\"emails.invoice\\\";s:7:\\\"subject\\\";s:47:\\\"A new order has been placed - 20250418-09562347\\\";s:4:\\\"from\\\";s:23:\\\"jisha.tomsher@gmail.com\\\";s:5:\\\"order\\\";O:16:\\\"App\\\\Models\\\\Order\\\":30:{s:13:\\\"\\u0000*\\u0000connection\\\";s:5:\\\"mysql\\\";s:8:\\\"\\u0000*\\u0000table\\\";s:6:\\\"orders\\\";s:13:\\\"\\u0000*\\u0000primaryKey\\\";s:2:\\\"id\\\";s:10:\\\"\\u0000*\\u0000keyType\\\";s:3:\\\"int\\\";s:12:\\\"incrementing\\\";b:1;s:7:\\\"\\u0000*\\u0000with\\\";a:0:{}s:12:\\\"\\u0000*\\u0000withCount\\\";a:0:{}s:19:\\\"preventsLazyLoading\\\";b:0;s:10:\\\"\\u0000*\\u0000perPage\\\";i:15;s:6:\\\"exists\\\";b:1;s:18:\\\"wasRecentlyCreated\\\";b:1;s:28:\\\"\\u0000*\\u0000escapeWhenCastingToString\\\";b:0;s:13:\\\"\\u0000*\\u0000attributes\\\";a:20:{s:7:\\\"user_id\\\";i:1;s:16:\\\"shipping_address\\\";s:174:\\\"{\\\"name\\\":\\\"Admin name\\\",\\\"email\\\":\\\"admin@homeiq.com\\\",\\\"address\\\":\\\"Admin address\\\",\\\"zipcode\\\":\\\"0000\\\",\\\"city\\\":\\\"city\\\",\\\"state\\\":\\\"state\\\",\\\"country\\\":\\\"United Arab Emirates\\\",\\\"phone\\\":\\\"145236987\\\"}\\\";s:15:\\\"billing_address\\\";s:174:\\\"{\\\"name\\\":\\\"Admin name\\\",\\\"email\\\":\\\"admin@homeiq.com\\\",\\\"address\\\":\\\"Admin address\\\",\\\"zipcode\\\":\\\"0000\\\",\\\"city\\\":\\\"city\\\",\\\"state\\\":\\\"state\\\",\\\"country\\\":\\\"United Arab Emirates\\\",\\\"phone\\\":\\\"145236987\\\"}\\\";s:11:\\\"order_notes\\\";s:0:\\\"\\\";s:13:\\\"shipping_type\\\";s:9:\\\"flat_rate\\\";s:13:\\\"shipping_cost\\\";d:20;s:15:\\\"delivery_status\\\";s:7:\\\"pending\\\";s:12:\\\"payment_type\\\";s:3:\\\"cod\\\";s:14:\\\"payment_status\\\";s:7:\\\"un_paid\\\";s:11:\\\"grand_total\\\";d:419;s:3:\\\"tax\\\";d:0;s:9:\\\"sub_total\\\";d:499;s:14:\\\"offer_discount\\\";d:100;s:15:\\\"coupon_discount\\\";d:0;s:4:\\\"code\\\";s:17:\\\"20250418-09562347\\\";s:4:\\\"date\\\";i:1744955783;s:10:\\\"updated_at\\\";s:19:\\\"2025-04-18 09:56:23\\\";s:10:\\\"created_at\\\";s:19:\\\"2025-04-18 09:56:23\\\";s:2:\\\"id\\\";i:23;s:11:\\\"coupon_code\\\";N;}s:11:\\\"\\u0000*\\u0000original\\\";a:20:{s:7:\\\"user_id\\\";i:1;s:16:\\\"shipping_address\\\";s:174:\\\"{\\\"name\\\":\\\"Admin name\\\",\\\"email\\\":\\\"admin@homeiq.com\\\",\\\"address\\\":\\\"Admin address\\\",\\\"zipcode\\\":\\\"0000\\\",\\\"city\\\":\\\"city\\\",\\\"state\\\":\\\"state\\\",\\\"country\\\":\\\"United Arab Emirates\\\",\\\"phone\\\":\\\"145236987\\\"}\\\";s:15:\\\"billing_address\\\";s:174:\\\"{\\\"name\\\":\\\"Admin name\\\",\\\"email\\\":\\\"admin@homeiq.com\\\",\\\"address\\\":\\\"Admin address\\\",\\\"zipcode\\\":\\\"0000\\\",\\\"city\\\":\\\"city\\\",\\\"state\\\":\\\"state\\\",\\\"country\\\":\\\"United Arab Emirates\\\",\\\"phone\\\":\\\"145236987\\\"}\\\";s:11:\\\"order_notes\\\";s:0:\\\"\\\";s:13:\\\"shipping_type\\\";s:9:\\\"flat_rate\\\";s:13:\\\"shipping_cost\\\";d:20;s:15:\\\"delivery_status\\\";s:7:\\\"pending\\\";s:12:\\\"payment_type\\\";s:3:\\\"cod\\\";s:14:\\\"payment_status\\\";s:7:\\\"un_paid\\\";s:11:\\\"grand_total\\\";d:419;s:3:\\\"tax\\\";d:0;s:9:\\\"sub_total\\\";d:499;s:14:\\\"offer_discount\\\";d:100;s:15:\\\"coupon_discount\\\";d:0;s:4:\\\"code\\\";s:17:\\\"20250418-09562347\\\";s:4:\\\"date\\\";i:1744955783;s:10:\\\"updated_at\\\";s:19:\\\"2025-04-18 09:56:23\\\";s:10:\\\"created_at\\\";s:19:\\\"2025-04-18 09:56:23\\\";s:2:\\\"id\\\";i:23;s:11:\\\"coupon_code\\\";N;}s:10:\\\"\\u0000*\\u0000changes\\\";a:6:{s:13:\\\"shipping_type\\\";s:9:\\\"flat_rate\\\";s:13:\\\"shipping_cost\\\";d:20;s:11:\\\"grand_total\\\";d:419;s:9:\\\"sub_total\\\";d:499;s:14:\\\"offer_discount\\\";d:100;s:11:\\\"coupon_code\\\";N;}s:8:\\\"\\u0000*\\u0000casts\\\";a:0:{}s:17:\\\"\\u0000*\\u0000classCastCache\\\";a:0:{}s:21:\\\"\\u0000*\\u0000attributeCastCache\\\";a:0:{}s:13:\\\"\\u0000*\\u0000dateFormat\\\";N;s:10:\\\"\\u0000*\\u0000appends\\\";a:0:{}s:19:\\\"\\u0000*\\u0000dispatchesEvents\\\";a:0:{}s:14:\\\"\\u0000*\\u0000observables\\\";a:0:{}s:12:\\\"\\u0000*\\u0000relations\\\";a:1:{s:4:\\\"user\\\";O:15:\\\"App\\\\Models\\\\User\\\":32:{s:13:\\\"\\u0000*\\u0000connection\\\";s:5:\\\"mysql\\\";s:8:\\\"\\u0000*\\u0000table\\\";s:5:\\\"users\\\";s:13:\\\"\\u0000*\\u0000primaryKey\\\";s:2:\\\"id\\\";s:10:\\\"\\u0000*\\u0000keyType\\\";s:3:\\\"int\\\";s:12:\\\"incrementing\\\";b:1;s:7:\\\"\\u0000*\\u0000with\\\";a:0:{}s:12:\\\"\\u0000*\\u0000withCount\\\";a:0:{}s:19:\\\"preventsLazyLoading\\\";b:0;s:10:\\\"\\u0000*\\u0000perPage\\\";i:15;s:6:\\\"exists\\\";b:1;s:18:\\\"wasRecentlyCreated\\\";b:0;s:28:\\\"\\u0000*\\u0000escapeWhenCastingToString\\\";b:0;s:13:\\\"\\u0000*\\u0000attributes\\\";a:20:{s:2:\\\"id\\\";i:1;s:9:\\\"user_type\\\";s:5:\\\"admin\\\";s:4:\\\"name\\\";s:5:\\\"admin\\\";s:5:\\\"email\\\";s:16:\\\"admin@homeiq.com\\\";s:5:\\\"phone\\\";N;s:6:\\\"banned\\\";i:0;s:8:\\\"password\\\";s:60:\\\"$2y$12$SfuI4RHZOWAyQ4Zri1wrEujk3Pf6Bi1RcRhVX\\/p8nrd\\/8\\/9RN5GKu\\\";s:14:\\\"remember_token\\\";N;s:3:\\\"otp\\\";N;s:10:\\\"otp_expiry\\\";N;s:17:\\\"is_phone_verified\\\";i:0;s:17:\\\"email_verified_at\\\";s:19:\\\"2023-02-24 19:02:20\\\";s:17:\\\"verification_code\\\";N;s:6:\\\"status\\\";i:0;s:12:\\\"device_token\\\";N;s:6:\\\"avatar\\\";N;s:10:\\\"created_by\\\";N;s:10:\\\"updated_by\\\";N;s:10:\\\"created_at\\\";s:19:\\\"2023-02-24 19:50:20\\\";s:10:\\\"updated_at\\\";s:19:\\\"2023-02-24 19:50:20\\\";}s:11:\\\"\\u0000*\\u0000original\\\";a:20:{s:2:\\\"id\\\";i:1;s:9:\\\"user_type\\\";s:5:\\\"admin\\\";s:4:\\\"name\\\";s:5:\\\"admin\\\";s:5:\\\"email\\\";s:16:\\\"admin@homeiq.com\\\";s:5:\\\"phone\\\";N;s:6:\\\"banned\\\";i:0;s:8:\\\"password\\\";s:60:\\\"$2y$12$SfuI4RHZOWAyQ4Zri1wrEujk3Pf6Bi1RcRhVX\\/p8nrd\\/8\\/9RN5GKu\\\";s:14:\\\"remember_token\\\";N;s:3:\\\"otp\\\";N;s:10:\\\"otp_expiry\\\";N;s:17:\\\"is_phone_verified\\\";i:0;s:17:\\\"email_verified_at\\\";s:19:\\\"2023-02-24 19:02:20\\\";s:17:\\\"verification_code\\\";N;s:6:\\\"status\\\";i:0;s:12:\\\"device_token\\\";N;s:6:\\\"avatar\\\";N;s:10:\\\"created_by\\\";N;s:10:\\\"updated_by\\\";N;s:10:\\\"created_at\\\";s:19:\\\"2023-02-24 19:50:20\\\";s:10:\\\"updated_at\\\";s:19:\\\"2023-02-24 19:50:20\\\";}s:10:\\\"\\u0000*\\u0000changes\\\";a:0:{}s:8:\\\"\\u0000*\\u0000casts\\\";a:2:{s:17:\\\"email_verified_at\\\";s:8:\\\"datetime\\\";s:8:\\\"password\\\";s:6:\\\"hashed\\\";}s:17:\\\"\\u0000*\\u0000classCastCache\\\";a:0:{}s:21:\\\"\\u0000*\\u0000attributeCastCache\\\";a:0:{}s:13:\\\"\\u0000*\\u0000dateFormat\\\";N;s:10:\\\"\\u0000*\\u0000appends\\\";a:0:{}s:19:\\\"\\u0000*\\u0000dispatchesEvents\\\";a:0:{}s:14:\\\"\\u0000*\\u0000observables\\\";a:0:{}s:12:\\\"\\u0000*\\u0000relations\\\";a:0:{}s:10:\\\"\\u0000*\\u0000touches\\\";a:0:{}s:10:\\\"timestamps\\\";b:1;s:13:\\\"usesUniqueIds\\\";b:0;s:9:\\\"\\u0000*\\u0000hidden\\\";a:2:{i:0;s:8:\\\"password\\\";i:1;s:14:\\\"remember_token\\\";}s:10:\\\"\\u0000*\\u0000visible\\\";a:0:{}s:11:\\\"\\u0000*\\u0000fillable\\\";a:4:{i:0;s:4:\\\"name\\\";i:1;s:5:\\\"email\\\";i:2;s:5:\\\"phone\\\";i:3;s:8:\\\"password\\\";}s:10:\\\"\\u0000*\\u0000guarded\\\";a:1:{i:0;s:1:\\\"*\\\";}s:20:\\\"\\u0000*\\u0000rememberTokenName\\\";s:14:\\\"remember_token\\\";s:14:\\\"\\u0000*\\u0000accessToken\\\";N;}}s:10:\\\"\\u0000*\\u0000touches\\\";a:0:{}s:10:\\\"timestamps\\\";b:1;s:13:\\\"usesUniqueIds\\\";b:0;s:9:\\\"\\u0000*\\u0000hidden\\\";a:0:{}s:10:\\\"\\u0000*\\u0000visible\\\";a:0:{}s:11:\\\"\\u0000*\\u0000fillable\\\";a:27:{i:0;s:4:\\\"code\\\";i:1;s:7:\\\"user_id\\\";i:2;s:18:\\\"estimated_delivery\\\";i:3;s:16:\\\"shipping_address\\\";i:4;s:15:\\\"billing_address\\\";i:5;s:11:\\\"order_notes\\\";i:6;s:15:\\\"delivery_status\\\";i:7;s:12:\\\"payment_type\\\";i:8;s:14:\\\"payment_status\\\";i:9;s:15:\\\"payment_details\\\";i:10;s:19:\\\"payment_tracking_id\\\";i:11;s:13:\\\"shipping_type\\\";i:12;s:13:\\\"shipping_cost\\\";i:13;s:3:\\\"tax\\\";i:14;s:11:\\\"grand_total\\\";i:15;s:9:\\\"sub_total\\\";i:16;s:15:\\\"coupon_discount\\\";i:17;s:11:\\\"coupon_code\\\";i:18;s:14:\\\"offer_discount\\\";i:19;s:13:\\\"tracking_code\\\";i:20;s:23:\\\"delivery_completed_date\\\";i:21;s:4:\\\"date\\\";i:22;s:14:\\\"cancel_request\\\";i:23;s:19:\\\"cancel_request_date\\\";i:24;s:15:\\\"cancel_approval\\\";i:25;s:20:\\\"cancel_approval_date\\\";i:26;s:13:\\\"cancel_reason\\\";}s:10:\\\"\\u0000*\\u0000guarded\\\";a:1:{i:0;s:1:\\\"*\\\";}}}s:2:\\\"to\\\";a:1:{i:0;a:2:{s:4:\\\"name\\\";N;s:7:\\\"address\\\";s:23:\\\"jisha.tomsher@gmail.com\\\";}}s:6:\\\"mailer\\\";s:4:\\\"smtp\\\";}s:5:\\\"tries\\\";N;s:7:\\\"timeout\\\";N;s:13:\\\"maxExceptions\\\";N;s:17:\\\"shouldBeEncrypted\\\";b:0;s:10:\\\"connection\\\";N;s:5:\\\"queue\\\";N;s:15:\\\"chainConnection\\\";N;s:10:\\\"chainQueue\\\";N;s:19:\\\"chainCatchCallbacks\\\";N;s:5:\\\"delay\\\";N;s:11:\\\"afterCommit\\\";N;s:10:\\\"middleware\\\";a:0:{}s:7:\\\"chained\\\";a:0:{}s:3:\\\"job\\\";N;}\"}}',0,NULL,1744955785,1744955785),(46,'default','{\"uuid\":\"46e5c44c-b339-451e-a9bc-454ddcf6d3cb\",\"displayName\":\"App\\\\Mail\\\\InvoiceEmailManager\",\"job\":\"Illuminate\\\\Queue\\\\CallQueuedHandler@call\",\"maxTries\":null,\"maxExceptions\":null,\"failOnTimeout\":false,\"backoff\":null,\"timeout\":null,\"retryUntil\":null,\"data\":{\"commandName\":\"Illuminate\\\\Mail\\\\SendQueuedMailable\",\"command\":\"O:34:\\\"Illuminate\\\\Mail\\\\SendQueuedMailable\\\":15:{s:8:\\\"mailable\\\";O:28:\\\"App\\\\Mail\\\\InvoiceEmailManager\\\":3:{s:5:\\\"array\\\";a:4:{s:4:\\\"view\\\";s:14:\\\"emails.invoice\\\";s:7:\\\"subject\\\";s:44:\\\"Thank you for your order - 20250418-09565119\\\";s:4:\\\"from\\\";s:23:\\\"jisha.tomsher@gmail.com\\\";s:5:\\\"order\\\";O:16:\\\"App\\\\Models\\\\Order\\\":30:{s:13:\\\"\\u0000*\\u0000connection\\\";s:5:\\\"mysql\\\";s:8:\\\"\\u0000*\\u0000table\\\";s:6:\\\"orders\\\";s:13:\\\"\\u0000*\\u0000primaryKey\\\";s:2:\\\"id\\\";s:10:\\\"\\u0000*\\u0000keyType\\\";s:3:\\\"int\\\";s:12:\\\"incrementing\\\";b:1;s:7:\\\"\\u0000*\\u0000with\\\";a:0:{}s:12:\\\"\\u0000*\\u0000withCount\\\";a:0:{}s:19:\\\"preventsLazyLoading\\\";b:0;s:10:\\\"\\u0000*\\u0000perPage\\\";i:15;s:6:\\\"exists\\\";b:1;s:18:\\\"wasRecentlyCreated\\\";b:1;s:28:\\\"\\u0000*\\u0000escapeWhenCastingToString\\\";b:0;s:13:\\\"\\u0000*\\u0000attributes\\\";a:20:{s:7:\\\"user_id\\\";i:1;s:16:\\\"shipping_address\\\";s:174:\\\"{\\\"name\\\":\\\"Admin name\\\",\\\"email\\\":\\\"admin@homeiq.com\\\",\\\"address\\\":\\\"Admin address\\\",\\\"zipcode\\\":\\\"0000\\\",\\\"city\\\":\\\"city\\\",\\\"state\\\":\\\"state\\\",\\\"country\\\":\\\"United Arab Emirates\\\",\\\"phone\\\":\\\"145236987\\\"}\\\";s:15:\\\"billing_address\\\";s:174:\\\"{\\\"name\\\":\\\"Admin name\\\",\\\"email\\\":\\\"admin@homeiq.com\\\",\\\"address\\\":\\\"Admin address\\\",\\\"zipcode\\\":\\\"0000\\\",\\\"city\\\":\\\"city\\\",\\\"state\\\":\\\"state\\\",\\\"country\\\":\\\"United Arab Emirates\\\",\\\"phone\\\":\\\"145236987\\\"}\\\";s:11:\\\"order_notes\\\";s:0:\\\"\\\";s:13:\\\"shipping_type\\\";s:9:\\\"flat_rate\\\";s:13:\\\"shipping_cost\\\";d:20;s:15:\\\"delivery_status\\\";s:7:\\\"pending\\\";s:12:\\\"payment_type\\\";s:3:\\\"cod\\\";s:14:\\\"payment_status\\\";s:7:\\\"un_paid\\\";s:11:\\\"grand_total\\\";d:840;s:3:\\\"tax\\\";d:0;s:9:\\\"sub_total\\\";d:820;s:14:\\\"offer_discount\\\";d:0;s:15:\\\"coupon_discount\\\";d:0;s:4:\\\"code\\\";s:17:\\\"20250418-09565119\\\";s:4:\\\"date\\\";i:1744955811;s:10:\\\"updated_at\\\";s:19:\\\"2025-04-18 09:56:51\\\";s:10:\\\"created_at\\\";s:19:\\\"2025-04-18 09:56:51\\\";s:2:\\\"id\\\";i:24;s:11:\\\"coupon_code\\\";N;}s:11:\\\"\\u0000*\\u0000original\\\";a:20:{s:7:\\\"user_id\\\";i:1;s:16:\\\"shipping_address\\\";s:174:\\\"{\\\"name\\\":\\\"Admin name\\\",\\\"email\\\":\\\"admin@homeiq.com\\\",\\\"address\\\":\\\"Admin address\\\",\\\"zipcode\\\":\\\"0000\\\",\\\"city\\\":\\\"city\\\",\\\"state\\\":\\\"state\\\",\\\"country\\\":\\\"United Arab Emirates\\\",\\\"phone\\\":\\\"145236987\\\"}\\\";s:15:\\\"billing_address\\\";s:174:\\\"{\\\"name\\\":\\\"Admin name\\\",\\\"email\\\":\\\"admin@homeiq.com\\\",\\\"address\\\":\\\"Admin address\\\",\\\"zipcode\\\":\\\"0000\\\",\\\"city\\\":\\\"city\\\",\\\"state\\\":\\\"state\\\",\\\"country\\\":\\\"United Arab Emirates\\\",\\\"phone\\\":\\\"145236987\\\"}\\\";s:11:\\\"order_notes\\\";s:0:\\\"\\\";s:13:\\\"shipping_type\\\";s:9:\\\"flat_rate\\\";s:13:\\\"shipping_cost\\\";d:20;s:15:\\\"delivery_status\\\";s:7:\\\"pending\\\";s:12:\\\"payment_type\\\";s:3:\\\"cod\\\";s:14:\\\"payment_status\\\";s:7:\\\"un_paid\\\";s:11:\\\"grand_total\\\";d:840;s:3:\\\"tax\\\";d:0;s:9:\\\"sub_total\\\";d:820;s:14:\\\"offer_discount\\\";d:0;s:15:\\\"coupon_discount\\\";d:0;s:4:\\\"code\\\";s:17:\\\"20250418-09565119\\\";s:4:\\\"date\\\";i:1744955811;s:10:\\\"updated_at\\\";s:19:\\\"2025-04-18 09:56:51\\\";s:10:\\\"created_at\\\";s:19:\\\"2025-04-18 09:56:51\\\";s:2:\\\"id\\\";i:24;s:11:\\\"coupon_code\\\";N;}s:10:\\\"\\u0000*\\u0000changes\\\";a:5:{s:13:\\\"shipping_type\\\";s:9:\\\"flat_rate\\\";s:13:\\\"shipping_cost\\\";d:20;s:11:\\\"grand_total\\\";d:840;s:9:\\\"sub_total\\\";d:820;s:11:\\\"coupon_code\\\";N;}s:8:\\\"\\u0000*\\u0000casts\\\";a:0:{}s:17:\\\"\\u0000*\\u0000classCastCache\\\";a:0:{}s:21:\\\"\\u0000*\\u0000attributeCastCache\\\";a:0:{}s:13:\\\"\\u0000*\\u0000dateFormat\\\";N;s:10:\\\"\\u0000*\\u0000appends\\\";a:0:{}s:19:\\\"\\u0000*\\u0000dispatchesEvents\\\";a:0:{}s:14:\\\"\\u0000*\\u0000observables\\\";a:0:{}s:12:\\\"\\u0000*\\u0000relations\\\";a:1:{s:4:\\\"user\\\";O:15:\\\"App\\\\Models\\\\User\\\":32:{s:13:\\\"\\u0000*\\u0000connection\\\";s:5:\\\"mysql\\\";s:8:\\\"\\u0000*\\u0000table\\\";s:5:\\\"users\\\";s:13:\\\"\\u0000*\\u0000primaryKey\\\";s:2:\\\"id\\\";s:10:\\\"\\u0000*\\u0000keyType\\\";s:3:\\\"int\\\";s:12:\\\"incrementing\\\";b:1;s:7:\\\"\\u0000*\\u0000with\\\";a:0:{}s:12:\\\"\\u0000*\\u0000withCount\\\";a:0:{}s:19:\\\"preventsLazyLoading\\\";b:0;s:10:\\\"\\u0000*\\u0000perPage\\\";i:15;s:6:\\\"exists\\\";b:1;s:18:\\\"wasRecentlyCreated\\\";b:0;s:28:\\\"\\u0000*\\u0000escapeWhenCastingToString\\\";b:0;s:13:\\\"\\u0000*\\u0000attributes\\\";a:20:{s:2:\\\"id\\\";i:1;s:9:\\\"user_type\\\";s:5:\\\"admin\\\";s:4:\\\"name\\\";s:5:\\\"admin\\\";s:5:\\\"email\\\";s:16:\\\"admin@homeiq.com\\\";s:5:\\\"phone\\\";N;s:6:\\\"banned\\\";i:0;s:8:\\\"password\\\";s:60:\\\"$2y$12$SfuI4RHZOWAyQ4Zri1wrEujk3Pf6Bi1RcRhVX\\/p8nrd\\/8\\/9RN5GKu\\\";s:14:\\\"remember_token\\\";N;s:3:\\\"otp\\\";N;s:10:\\\"otp_expiry\\\";N;s:17:\\\"is_phone_verified\\\";i:0;s:17:\\\"email_verified_at\\\";s:19:\\\"2023-02-24 19:02:20\\\";s:17:\\\"verification_code\\\";N;s:6:\\\"status\\\";i:0;s:12:\\\"device_token\\\";N;s:6:\\\"avatar\\\";N;s:10:\\\"created_by\\\";N;s:10:\\\"updated_by\\\";N;s:10:\\\"created_at\\\";s:19:\\\"2023-02-24 19:50:20\\\";s:10:\\\"updated_at\\\";s:19:\\\"2023-02-24 19:50:20\\\";}s:11:\\\"\\u0000*\\u0000original\\\";a:20:{s:2:\\\"id\\\";i:1;s:9:\\\"user_type\\\";s:5:\\\"admin\\\";s:4:\\\"name\\\";s:5:\\\"admin\\\";s:5:\\\"email\\\";s:16:\\\"admin@homeiq.com\\\";s:5:\\\"phone\\\";N;s:6:\\\"banned\\\";i:0;s:8:\\\"password\\\";s:60:\\\"$2y$12$SfuI4RHZOWAyQ4Zri1wrEujk3Pf6Bi1RcRhVX\\/p8nrd\\/8\\/9RN5GKu\\\";s:14:\\\"remember_token\\\";N;s:3:\\\"otp\\\";N;s:10:\\\"otp_expiry\\\";N;s:17:\\\"is_phone_verified\\\";i:0;s:17:\\\"email_verified_at\\\";s:19:\\\"2023-02-24 19:02:20\\\";s:17:\\\"verification_code\\\";N;s:6:\\\"status\\\";i:0;s:12:\\\"device_token\\\";N;s:6:\\\"avatar\\\";N;s:10:\\\"created_by\\\";N;s:10:\\\"updated_by\\\";N;s:10:\\\"created_at\\\";s:19:\\\"2023-02-24 19:50:20\\\";s:10:\\\"updated_at\\\";s:19:\\\"2023-02-24 19:50:20\\\";}s:10:\\\"\\u0000*\\u0000changes\\\";a:0:{}s:8:\\\"\\u0000*\\u0000casts\\\";a:2:{s:17:\\\"email_verified_at\\\";s:8:\\\"datetime\\\";s:8:\\\"password\\\";s:6:\\\"hashed\\\";}s:17:\\\"\\u0000*\\u0000classCastCache\\\";a:0:{}s:21:\\\"\\u0000*\\u0000attributeCastCache\\\";a:0:{}s:13:\\\"\\u0000*\\u0000dateFormat\\\";N;s:10:\\\"\\u0000*\\u0000appends\\\";a:0:{}s:19:\\\"\\u0000*\\u0000dispatchesEvents\\\";a:0:{}s:14:\\\"\\u0000*\\u0000observables\\\";a:0:{}s:12:\\\"\\u0000*\\u0000relations\\\";a:0:{}s:10:\\\"\\u0000*\\u0000touches\\\";a:0:{}s:10:\\\"timestamps\\\";b:1;s:13:\\\"usesUniqueIds\\\";b:0;s:9:\\\"\\u0000*\\u0000hidden\\\";a:2:{i:0;s:8:\\\"password\\\";i:1;s:14:\\\"remember_token\\\";}s:10:\\\"\\u0000*\\u0000visible\\\";a:0:{}s:11:\\\"\\u0000*\\u0000fillable\\\";a:4:{i:0;s:4:\\\"name\\\";i:1;s:5:\\\"email\\\";i:2;s:5:\\\"phone\\\";i:3;s:8:\\\"password\\\";}s:10:\\\"\\u0000*\\u0000guarded\\\";a:1:{i:0;s:1:\\\"*\\\";}s:20:\\\"\\u0000*\\u0000rememberTokenName\\\";s:14:\\\"remember_token\\\";s:14:\\\"\\u0000*\\u0000accessToken\\\";N;}}s:10:\\\"\\u0000*\\u0000touches\\\";a:0:{}s:10:\\\"timestamps\\\";b:1;s:13:\\\"usesUniqueIds\\\";b:0;s:9:\\\"\\u0000*\\u0000hidden\\\";a:0:{}s:10:\\\"\\u0000*\\u0000visible\\\";a:0:{}s:11:\\\"\\u0000*\\u0000fillable\\\";a:27:{i:0;s:4:\\\"code\\\";i:1;s:7:\\\"user_id\\\";i:2;s:18:\\\"estimated_delivery\\\";i:3;s:16:\\\"shipping_address\\\";i:4;s:15:\\\"billing_address\\\";i:5;s:11:\\\"order_notes\\\";i:6;s:15:\\\"delivery_status\\\";i:7;s:12:\\\"payment_type\\\";i:8;s:14:\\\"payment_status\\\";i:9;s:15:\\\"payment_details\\\";i:10;s:19:\\\"payment_tracking_id\\\";i:11;s:13:\\\"shipping_type\\\";i:12;s:13:\\\"shipping_cost\\\";i:13;s:3:\\\"tax\\\";i:14;s:11:\\\"grand_total\\\";i:15;s:9:\\\"sub_total\\\";i:16;s:15:\\\"coupon_discount\\\";i:17;s:11:\\\"coupon_code\\\";i:18;s:14:\\\"offer_discount\\\";i:19;s:13:\\\"tracking_code\\\";i:20;s:23:\\\"delivery_completed_date\\\";i:21;s:4:\\\"date\\\";i:22;s:14:\\\"cancel_request\\\";i:23;s:19:\\\"cancel_request_date\\\";i:24;s:15:\\\"cancel_approval\\\";i:25;s:20:\\\"cancel_approval_date\\\";i:26;s:13:\\\"cancel_reason\\\";}s:10:\\\"\\u0000*\\u0000guarded\\\";a:1:{i:0;s:1:\\\"*\\\";}}}s:2:\\\"to\\\";a:1:{i:0;a:2:{s:4:\\\"name\\\";N;s:7:\\\"address\\\";s:16:\\\"admin@homeiq.com\\\";}}s:6:\\\"mailer\\\";s:4:\\\"smtp\\\";}s:5:\\\"tries\\\";N;s:7:\\\"timeout\\\";N;s:13:\\\"maxExceptions\\\";N;s:17:\\\"shouldBeEncrypted\\\";b:0;s:10:\\\"connection\\\";N;s:5:\\\"queue\\\";N;s:15:\\\"chainConnection\\\";N;s:10:\\\"chainQueue\\\";N;s:19:\\\"chainCatchCallbacks\\\";N;s:5:\\\"delay\\\";N;s:11:\\\"afterCommit\\\";N;s:10:\\\"middleware\\\";a:0:{}s:7:\\\"chained\\\";a:0:{}s:3:\\\"job\\\";N;}\"}}',0,NULL,1744955811,1744955811),(47,'default','{\"uuid\":\"0f9fd574-17a3-460a-859b-e24c0a2a5a9d\",\"displayName\":\"App\\\\Mail\\\\InvoiceEmailManager\",\"job\":\"Illuminate\\\\Queue\\\\CallQueuedHandler@call\",\"maxTries\":null,\"maxExceptions\":null,\"failOnTimeout\":false,\"backoff\":null,\"timeout\":null,\"retryUntil\":null,\"data\":{\"commandName\":\"Illuminate\\\\Mail\\\\SendQueuedMailable\",\"command\":\"O:34:\\\"Illuminate\\\\Mail\\\\SendQueuedMailable\\\":15:{s:8:\\\"mailable\\\";O:28:\\\"App\\\\Mail\\\\InvoiceEmailManager\\\":3:{s:5:\\\"array\\\";a:4:{s:4:\\\"view\\\";s:14:\\\"emails.invoice\\\";s:7:\\\"subject\\\";s:47:\\\"A new order has been placed - 20250418-09565119\\\";s:4:\\\"from\\\";s:23:\\\"jisha.tomsher@gmail.com\\\";s:5:\\\"order\\\";O:16:\\\"App\\\\Models\\\\Order\\\":30:{s:13:\\\"\\u0000*\\u0000connection\\\";s:5:\\\"mysql\\\";s:8:\\\"\\u0000*\\u0000table\\\";s:6:\\\"orders\\\";s:13:\\\"\\u0000*\\u0000primaryKey\\\";s:2:\\\"id\\\";s:10:\\\"\\u0000*\\u0000keyType\\\";s:3:\\\"int\\\";s:12:\\\"incrementing\\\";b:1;s:7:\\\"\\u0000*\\u0000with\\\";a:0:{}s:12:\\\"\\u0000*\\u0000withCount\\\";a:0:{}s:19:\\\"preventsLazyLoading\\\";b:0;s:10:\\\"\\u0000*\\u0000perPage\\\";i:15;s:6:\\\"exists\\\";b:1;s:18:\\\"wasRecentlyCreated\\\";b:1;s:28:\\\"\\u0000*\\u0000escapeWhenCastingToString\\\";b:0;s:13:\\\"\\u0000*\\u0000attributes\\\";a:20:{s:7:\\\"user_id\\\";i:1;s:16:\\\"shipping_address\\\";s:174:\\\"{\\\"name\\\":\\\"Admin name\\\",\\\"email\\\":\\\"admin@homeiq.com\\\",\\\"address\\\":\\\"Admin address\\\",\\\"zipcode\\\":\\\"0000\\\",\\\"city\\\":\\\"city\\\",\\\"state\\\":\\\"state\\\",\\\"country\\\":\\\"United Arab Emirates\\\",\\\"phone\\\":\\\"145236987\\\"}\\\";s:15:\\\"billing_address\\\";s:174:\\\"{\\\"name\\\":\\\"Admin name\\\",\\\"email\\\":\\\"admin@homeiq.com\\\",\\\"address\\\":\\\"Admin address\\\",\\\"zipcode\\\":\\\"0000\\\",\\\"city\\\":\\\"city\\\",\\\"state\\\":\\\"state\\\",\\\"country\\\":\\\"United Arab Emirates\\\",\\\"phone\\\":\\\"145236987\\\"}\\\";s:11:\\\"order_notes\\\";s:0:\\\"\\\";s:13:\\\"shipping_type\\\";s:9:\\\"flat_rate\\\";s:13:\\\"shipping_cost\\\";d:20;s:15:\\\"delivery_status\\\";s:7:\\\"pending\\\";s:12:\\\"payment_type\\\";s:3:\\\"cod\\\";s:14:\\\"payment_status\\\";s:7:\\\"un_paid\\\";s:11:\\\"grand_total\\\";d:840;s:3:\\\"tax\\\";d:0;s:9:\\\"sub_total\\\";d:820;s:14:\\\"offer_discount\\\";d:0;s:15:\\\"coupon_discount\\\";d:0;s:4:\\\"code\\\";s:17:\\\"20250418-09565119\\\";s:4:\\\"date\\\";i:1744955811;s:10:\\\"updated_at\\\";s:19:\\\"2025-04-18 09:56:51\\\";s:10:\\\"created_at\\\";s:19:\\\"2025-04-18 09:56:51\\\";s:2:\\\"id\\\";i:24;s:11:\\\"coupon_code\\\";N;}s:11:\\\"\\u0000*\\u0000original\\\";a:20:{s:7:\\\"user_id\\\";i:1;s:16:\\\"shipping_address\\\";s:174:\\\"{\\\"name\\\":\\\"Admin name\\\",\\\"email\\\":\\\"admin@homeiq.com\\\",\\\"address\\\":\\\"Admin address\\\",\\\"zipcode\\\":\\\"0000\\\",\\\"city\\\":\\\"city\\\",\\\"state\\\":\\\"state\\\",\\\"country\\\":\\\"United Arab Emirates\\\",\\\"phone\\\":\\\"145236987\\\"}\\\";s:15:\\\"billing_address\\\";s:174:\\\"{\\\"name\\\":\\\"Admin name\\\",\\\"email\\\":\\\"admin@homeiq.com\\\",\\\"address\\\":\\\"Admin address\\\",\\\"zipcode\\\":\\\"0000\\\",\\\"city\\\":\\\"city\\\",\\\"state\\\":\\\"state\\\",\\\"country\\\":\\\"United Arab Emirates\\\",\\\"phone\\\":\\\"145236987\\\"}\\\";s:11:\\\"order_notes\\\";s:0:\\\"\\\";s:13:\\\"shipping_type\\\";s:9:\\\"flat_rate\\\";s:13:\\\"shipping_cost\\\";d:20;s:15:\\\"delivery_status\\\";s:7:\\\"pending\\\";s:12:\\\"payment_type\\\";s:3:\\\"cod\\\";s:14:\\\"payment_status\\\";s:7:\\\"un_paid\\\";s:11:\\\"grand_total\\\";d:840;s:3:\\\"tax\\\";d:0;s:9:\\\"sub_total\\\";d:820;s:14:\\\"offer_discount\\\";d:0;s:15:\\\"coupon_discount\\\";d:0;s:4:\\\"code\\\";s:17:\\\"20250418-09565119\\\";s:4:\\\"date\\\";i:1744955811;s:10:\\\"updated_at\\\";s:19:\\\"2025-04-18 09:56:51\\\";s:10:\\\"created_at\\\";s:19:\\\"2025-04-18 09:56:51\\\";s:2:\\\"id\\\";i:24;s:11:\\\"coupon_code\\\";N;}s:10:\\\"\\u0000*\\u0000changes\\\";a:5:{s:13:\\\"shipping_type\\\";s:9:\\\"flat_rate\\\";s:13:\\\"shipping_cost\\\";d:20;s:11:\\\"grand_total\\\";d:840;s:9:\\\"sub_total\\\";d:820;s:11:\\\"coupon_code\\\";N;}s:8:\\\"\\u0000*\\u0000casts\\\";a:0:{}s:17:\\\"\\u0000*\\u0000classCastCache\\\";a:0:{}s:21:\\\"\\u0000*\\u0000attributeCastCache\\\";a:0:{}s:13:\\\"\\u0000*\\u0000dateFormat\\\";N;s:10:\\\"\\u0000*\\u0000appends\\\";a:0:{}s:19:\\\"\\u0000*\\u0000dispatchesEvents\\\";a:0:{}s:14:\\\"\\u0000*\\u0000observables\\\";a:0:{}s:12:\\\"\\u0000*\\u0000relations\\\";a:1:{s:4:\\\"user\\\";O:15:\\\"App\\\\Models\\\\User\\\":32:{s:13:\\\"\\u0000*\\u0000connection\\\";s:5:\\\"mysql\\\";s:8:\\\"\\u0000*\\u0000table\\\";s:5:\\\"users\\\";s:13:\\\"\\u0000*\\u0000primaryKey\\\";s:2:\\\"id\\\";s:10:\\\"\\u0000*\\u0000keyType\\\";s:3:\\\"int\\\";s:12:\\\"incrementing\\\";b:1;s:7:\\\"\\u0000*\\u0000with\\\";a:0:{}s:12:\\\"\\u0000*\\u0000withCount\\\";a:0:{}s:19:\\\"preventsLazyLoading\\\";b:0;s:10:\\\"\\u0000*\\u0000perPage\\\";i:15;s:6:\\\"exists\\\";b:1;s:18:\\\"wasRecentlyCreated\\\";b:0;s:28:\\\"\\u0000*\\u0000escapeWhenCastingToString\\\";b:0;s:13:\\\"\\u0000*\\u0000attributes\\\";a:20:{s:2:\\\"id\\\";i:1;s:9:\\\"user_type\\\";s:5:\\\"admin\\\";s:4:\\\"name\\\";s:5:\\\"admin\\\";s:5:\\\"email\\\";s:16:\\\"admin@homeiq.com\\\";s:5:\\\"phone\\\";N;s:6:\\\"banned\\\";i:0;s:8:\\\"password\\\";s:60:\\\"$2y$12$SfuI4RHZOWAyQ4Zri1wrEujk3Pf6Bi1RcRhVX\\/p8nrd\\/8\\/9RN5GKu\\\";s:14:\\\"remember_token\\\";N;s:3:\\\"otp\\\";N;s:10:\\\"otp_expiry\\\";N;s:17:\\\"is_phone_verified\\\";i:0;s:17:\\\"email_verified_at\\\";s:19:\\\"2023-02-24 19:02:20\\\";s:17:\\\"verification_code\\\";N;s:6:\\\"status\\\";i:0;s:12:\\\"device_token\\\";N;s:6:\\\"avatar\\\";N;s:10:\\\"created_by\\\";N;s:10:\\\"updated_by\\\";N;s:10:\\\"created_at\\\";s:19:\\\"2023-02-24 19:50:20\\\";s:10:\\\"updated_at\\\";s:19:\\\"2023-02-24 19:50:20\\\";}s:11:\\\"\\u0000*\\u0000original\\\";a:20:{s:2:\\\"id\\\";i:1;s:9:\\\"user_type\\\";s:5:\\\"admin\\\";s:4:\\\"name\\\";s:5:\\\"admin\\\";s:5:\\\"email\\\";s:16:\\\"admin@homeiq.com\\\";s:5:\\\"phone\\\";N;s:6:\\\"banned\\\";i:0;s:8:\\\"password\\\";s:60:\\\"$2y$12$SfuI4RHZOWAyQ4Zri1wrEujk3Pf6Bi1RcRhVX\\/p8nrd\\/8\\/9RN5GKu\\\";s:14:\\\"remember_token\\\";N;s:3:\\\"otp\\\";N;s:10:\\\"otp_expiry\\\";N;s:17:\\\"is_phone_verified\\\";i:0;s:17:\\\"email_verified_at\\\";s:19:\\\"2023-02-24 19:02:20\\\";s:17:\\\"verification_code\\\";N;s:6:\\\"status\\\";i:0;s:12:\\\"device_token\\\";N;s:6:\\\"avatar\\\";N;s:10:\\\"created_by\\\";N;s:10:\\\"updated_by\\\";N;s:10:\\\"created_at\\\";s:19:\\\"2023-02-24 19:50:20\\\";s:10:\\\"updated_at\\\";s:19:\\\"2023-02-24 19:50:20\\\";}s:10:\\\"\\u0000*\\u0000changes\\\";a:0:{}s:8:\\\"\\u0000*\\u0000casts\\\";a:2:{s:17:\\\"email_verified_at\\\";s:8:\\\"datetime\\\";s:8:\\\"password\\\";s:6:\\\"hashed\\\";}s:17:\\\"\\u0000*\\u0000classCastCache\\\";a:0:{}s:21:\\\"\\u0000*\\u0000attributeCastCache\\\";a:0:{}s:13:\\\"\\u0000*\\u0000dateFormat\\\";N;s:10:\\\"\\u0000*\\u0000appends\\\";a:0:{}s:19:\\\"\\u0000*\\u0000dispatchesEvents\\\";a:0:{}s:14:\\\"\\u0000*\\u0000observables\\\";a:0:{}s:12:\\\"\\u0000*\\u0000relations\\\";a:0:{}s:10:\\\"\\u0000*\\u0000touches\\\";a:0:{}s:10:\\\"timestamps\\\";b:1;s:13:\\\"usesUniqueIds\\\";b:0;s:9:\\\"\\u0000*\\u0000hidden\\\";a:2:{i:0;s:8:\\\"password\\\";i:1;s:14:\\\"remember_token\\\";}s:10:\\\"\\u0000*\\u0000visible\\\";a:0:{}s:11:\\\"\\u0000*\\u0000fillable\\\";a:4:{i:0;s:4:\\\"name\\\";i:1;s:5:\\\"email\\\";i:2;s:5:\\\"phone\\\";i:3;s:8:\\\"password\\\";}s:10:\\\"\\u0000*\\u0000guarded\\\";a:1:{i:0;s:1:\\\"*\\\";}s:20:\\\"\\u0000*\\u0000rememberTokenName\\\";s:14:\\\"remember_token\\\";s:14:\\\"\\u0000*\\u0000accessToken\\\";N;}}s:10:\\\"\\u0000*\\u0000touches\\\";a:0:{}s:10:\\\"timestamps\\\";b:1;s:13:\\\"usesUniqueIds\\\";b:0;s:9:\\\"\\u0000*\\u0000hidden\\\";a:0:{}s:10:\\\"\\u0000*\\u0000visible\\\";a:0:{}s:11:\\\"\\u0000*\\u0000fillable\\\";a:27:{i:0;s:4:\\\"code\\\";i:1;s:7:\\\"user_id\\\";i:2;s:18:\\\"estimated_delivery\\\";i:3;s:16:\\\"shipping_address\\\";i:4;s:15:\\\"billing_address\\\";i:5;s:11:\\\"order_notes\\\";i:6;s:15:\\\"delivery_status\\\";i:7;s:12:\\\"payment_type\\\";i:8;s:14:\\\"payment_status\\\";i:9;s:15:\\\"payment_details\\\";i:10;s:19:\\\"payment_tracking_id\\\";i:11;s:13:\\\"shipping_type\\\";i:12;s:13:\\\"shipping_cost\\\";i:13;s:3:\\\"tax\\\";i:14;s:11:\\\"grand_total\\\";i:15;s:9:\\\"sub_total\\\";i:16;s:15:\\\"coupon_discount\\\";i:17;s:11:\\\"coupon_code\\\";i:18;s:14:\\\"offer_discount\\\";i:19;s:13:\\\"tracking_code\\\";i:20;s:23:\\\"delivery_completed_date\\\";i:21;s:4:\\\"date\\\";i:22;s:14:\\\"cancel_request\\\";i:23;s:19:\\\"cancel_request_date\\\";i:24;s:15:\\\"cancel_approval\\\";i:25;s:20:\\\"cancel_approval_date\\\";i:26;s:13:\\\"cancel_reason\\\";}s:10:\\\"\\u0000*\\u0000guarded\\\";a:1:{i:0;s:1:\\\"*\\\";}}}s:2:\\\"to\\\";a:1:{i:0;a:2:{s:4:\\\"name\\\";N;s:7:\\\"address\\\";s:23:\\\"jisha.tomsher@gmail.com\\\";}}s:6:\\\"mailer\\\";s:4:\\\"smtp\\\";}s:5:\\\"tries\\\";N;s:7:\\\"timeout\\\";N;s:13:\\\"maxExceptions\\\";N;s:17:\\\"shouldBeEncrypted\\\";b:0;s:10:\\\"connection\\\";N;s:5:\\\"queue\\\";N;s:15:\\\"chainConnection\\\";N;s:10:\\\"chainQueue\\\";N;s:19:\\\"chainCatchCallbacks\\\";N;s:5:\\\"delay\\\";N;s:11:\\\"afterCommit\\\";N;s:10:\\\"middleware\\\";a:0:{}s:7:\\\"chained\\\";a:0:{}s:3:\\\"job\\\";N;}\"}}',0,NULL,1744955811,1744955811),(48,'default','{\"uuid\":\"b5e592c1-9d47-449a-8dc7-a9fb94811741\",\"displayName\":\"App\\\\Mail\\\\InvoiceEmailManager\",\"job\":\"Illuminate\\\\Queue\\\\CallQueuedHandler@call\",\"maxTries\":null,\"maxExceptions\":null,\"failOnTimeout\":false,\"backoff\":null,\"timeout\":null,\"retryUntil\":null,\"data\":{\"commandName\":\"Illuminate\\\\Mail\\\\SendQueuedMailable\",\"command\":\"O:34:\\\"Illuminate\\\\Mail\\\\SendQueuedMailable\\\":15:{s:8:\\\"mailable\\\";O:28:\\\"App\\\\Mail\\\\InvoiceEmailManager\\\":3:{s:5:\\\"array\\\";a:4:{s:4:\\\"view\\\";s:14:\\\"emails.invoice\\\";s:7:\\\"subject\\\";s:44:\\\"Thank you for your order - 20250418-09591297\\\";s:4:\\\"from\\\";s:23:\\\"jisha.tomsher@gmail.com\\\";s:5:\\\"order\\\";O:16:\\\"App\\\\Models\\\\Order\\\":30:{s:13:\\\"\\u0000*\\u0000connection\\\";s:5:\\\"mysql\\\";s:8:\\\"\\u0000*\\u0000table\\\";s:6:\\\"orders\\\";s:13:\\\"\\u0000*\\u0000primaryKey\\\";s:2:\\\"id\\\";s:10:\\\"\\u0000*\\u0000keyType\\\";s:3:\\\"int\\\";s:12:\\\"incrementing\\\";b:1;s:7:\\\"\\u0000*\\u0000with\\\";a:0:{}s:12:\\\"\\u0000*\\u0000withCount\\\";a:0:{}s:19:\\\"preventsLazyLoading\\\";b:0;s:10:\\\"\\u0000*\\u0000perPage\\\";i:15;s:6:\\\"exists\\\";b:1;s:18:\\\"wasRecentlyCreated\\\";b:1;s:28:\\\"\\u0000*\\u0000escapeWhenCastingToString\\\";b:0;s:13:\\\"\\u0000*\\u0000attributes\\\";a:20:{s:7:\\\"user_id\\\";i:68;s:16:\\\"shipping_address\\\";s:214:\\\"{\\\"name\\\":\\\"Jisha P\\\",\\\"email\\\":\\\"jisha.tomsher@gmail.com\\\",\\\"address\\\":\\\"Flat number 606, 184th floor, Burj khalifa\\\",\\\"zipcode\\\":null,\\\"city\\\":\\\"Burj Park\\\",\\\"state\\\":\\\"Dubai\\\",\\\"country\\\":\\\"United Arab Emirates\\\",\\\"phone\\\":\\\"+971568656856\\\"}\\\";s:15:\\\"billing_address\\\";s:214:\\\"{\\\"name\\\":\\\"Jisha P\\\",\\\"email\\\":\\\"jisha.tomsher@gmail.com\\\",\\\"address\\\":\\\"Flat number 606, 184th floor, Burj khalifa\\\",\\\"zipcode\\\":null,\\\"city\\\":\\\"Burj Park\\\",\\\"state\\\":\\\"Dubai\\\",\\\"country\\\":\\\"United Arab Emirates\\\",\\\"phone\\\":\\\"+971568656856\\\"}\\\";s:11:\\\"order_notes\\\";s:0:\\\"\\\";s:13:\\\"shipping_type\\\";s:13:\\\"free_shipping\\\";s:13:\\\"shipping_cost\\\";d:0;s:15:\\\"delivery_status\\\";s:7:\\\"pending\\\";s:12:\\\"payment_type\\\";s:3:\\\"cod\\\";s:14:\\\"payment_status\\\";s:7:\\\"un_paid\\\";s:11:\\\"grand_total\\\";d:1779.19;s:3:\\\"tax\\\";d:11.19;s:9:\\\"sub_total\\\";d:1868;s:14:\\\"offer_discount\\\";d:100;s:15:\\\"coupon_discount\\\";d:0;s:4:\\\"code\\\";s:17:\\\"20250418-09591297\\\";s:4:\\\"date\\\";i:1744955952;s:10:\\\"updated_at\\\";s:19:\\\"2025-04-18 09:59:12\\\";s:10:\\\"created_at\\\";s:19:\\\"2025-04-18 09:59:12\\\";s:2:\\\"id\\\";i:25;s:11:\\\"coupon_code\\\";N;}s:11:\\\"\\u0000*\\u0000original\\\";a:20:{s:7:\\\"user_id\\\";i:68;s:16:\\\"shipping_address\\\";s:214:\\\"{\\\"name\\\":\\\"Jisha P\\\",\\\"email\\\":\\\"jisha.tomsher@gmail.com\\\",\\\"address\\\":\\\"Flat number 606, 184th floor, Burj khalifa\\\",\\\"zipcode\\\":null,\\\"city\\\":\\\"Burj Park\\\",\\\"state\\\":\\\"Dubai\\\",\\\"country\\\":\\\"United Arab Emirates\\\",\\\"phone\\\":\\\"+971568656856\\\"}\\\";s:15:\\\"billing_address\\\";s:214:\\\"{\\\"name\\\":\\\"Jisha P\\\",\\\"email\\\":\\\"jisha.tomsher@gmail.com\\\",\\\"address\\\":\\\"Flat number 606, 184th floor, Burj khalifa\\\",\\\"zipcode\\\":null,\\\"city\\\":\\\"Burj Park\\\",\\\"state\\\":\\\"Dubai\\\",\\\"country\\\":\\\"United Arab Emirates\\\",\\\"phone\\\":\\\"+971568656856\\\"}\\\";s:11:\\\"order_notes\\\";s:0:\\\"\\\";s:13:\\\"shipping_type\\\";s:13:\\\"free_shipping\\\";s:13:\\\"shipping_cost\\\";d:0;s:15:\\\"delivery_status\\\";s:7:\\\"pending\\\";s:12:\\\"payment_type\\\";s:3:\\\"cod\\\";s:14:\\\"payment_status\\\";s:7:\\\"un_paid\\\";s:11:\\\"grand_total\\\";d:1779.19;s:3:\\\"tax\\\";d:11.19;s:9:\\\"sub_total\\\";d:1868;s:14:\\\"offer_discount\\\";d:100;s:15:\\\"coupon_discount\\\";d:0;s:4:\\\"code\\\";s:17:\\\"20250418-09591297\\\";s:4:\\\"date\\\";i:1744955952;s:10:\\\"updated_at\\\";s:19:\\\"2025-04-18 09:59:12\\\";s:10:\\\"created_at\\\";s:19:\\\"2025-04-18 09:59:12\\\";s:2:\\\"id\\\";i:25;s:11:\\\"coupon_code\\\";N;}s:10:\\\"\\u0000*\\u0000changes\\\";a:5:{s:11:\\\"grand_total\\\";d:1779.19;s:3:\\\"tax\\\";d:11.19;s:9:\\\"sub_total\\\";d:1868;s:14:\\\"offer_discount\\\";d:100;s:11:\\\"coupon_code\\\";N;}s:8:\\\"\\u0000*\\u0000casts\\\";a:0:{}s:17:\\\"\\u0000*\\u0000classCastCache\\\";a:0:{}s:21:\\\"\\u0000*\\u0000attributeCastCache\\\";a:0:{}s:13:\\\"\\u0000*\\u0000dateFormat\\\";N;s:10:\\\"\\u0000*\\u0000appends\\\";a:0:{}s:19:\\\"\\u0000*\\u0000dispatchesEvents\\\";a:0:{}s:14:\\\"\\u0000*\\u0000observables\\\";a:0:{}s:12:\\\"\\u0000*\\u0000relations\\\";a:1:{s:4:\\\"user\\\";O:15:\\\"App\\\\Models\\\\User\\\":32:{s:13:\\\"\\u0000*\\u0000connection\\\";s:5:\\\"mysql\\\";s:8:\\\"\\u0000*\\u0000table\\\";s:5:\\\"users\\\";s:13:\\\"\\u0000*\\u0000primaryKey\\\";s:2:\\\"id\\\";s:10:\\\"\\u0000*\\u0000keyType\\\";s:3:\\\"int\\\";s:12:\\\"incrementing\\\";b:1;s:7:\\\"\\u0000*\\u0000with\\\";a:0:{}s:12:\\\"\\u0000*\\u0000withCount\\\";a:0:{}s:19:\\\"preventsLazyLoading\\\";b:0;s:10:\\\"\\u0000*\\u0000perPage\\\";i:15;s:6:\\\"exists\\\";b:1;s:18:\\\"wasRecentlyCreated\\\";b:0;s:28:\\\"\\u0000*\\u0000escapeWhenCastingToString\\\";b:0;s:13:\\\"\\u0000*\\u0000attributes\\\";a:20:{s:2:\\\"id\\\";i:68;s:9:\\\"user_type\\\";s:8:\\\"customer\\\";s:4:\\\"name\\\";s:15:\\\"Nythika Renjith\\\";s:5:\\\"email\\\";s:23:\\\"jisha.tomsher@gmail.com\\\";s:5:\\\"phone\\\";s:12:\\\"971568650838\\\";s:6:\\\"banned\\\";i:0;s:8:\\\"password\\\";s:60:\\\"$2y$12$TJLFV0ymMSd4PLNrKM1WHe1UtBcCYbj9KVARdiuas2KlwgsPv6GIy\\\";s:14:\\\"remember_token\\\";s:60:\\\"NDCGvEimz6Qm42Xbo0f7RxtBgpdzbGTXHSijuAYkcQnkK4m6KkYPwcKpeTqK\\\";s:3:\\\"otp\\\";N;s:10:\\\"otp_expiry\\\";N;s:17:\\\"is_phone_verified\\\";i:0;s:17:\\\"email_verified_at\\\";N;s:17:\\\"verification_code\\\";N;s:6:\\\"status\\\";i:0;s:12:\\\"device_token\\\";N;s:6:\\\"avatar\\\";N;s:10:\\\"created_by\\\";N;s:10:\\\"updated_by\\\";N;s:10:\\\"created_at\\\";s:19:\\\"2025-03-22 05:36:38\\\";s:10:\\\"updated_at\\\";s:19:\\\"2025-04-17 16:59:32\\\";}s:11:\\\"\\u0000*\\u0000original\\\";a:20:{s:2:\\\"id\\\";i:68;s:9:\\\"user_type\\\";s:8:\\\"customer\\\";s:4:\\\"name\\\";s:15:\\\"Nythika Renjith\\\";s:5:\\\"email\\\";s:23:\\\"jisha.tomsher@gmail.com\\\";s:5:\\\"phone\\\";s:12:\\\"971568650838\\\";s:6:\\\"banned\\\";i:0;s:8:\\\"password\\\";s:60:\\\"$2y$12$TJLFV0ymMSd4PLNrKM1WHe1UtBcCYbj9KVARdiuas2KlwgsPv6GIy\\\";s:14:\\\"remember_token\\\";s:60:\\\"NDCGvEimz6Qm42Xbo0f7RxtBgpdzbGTXHSijuAYkcQnkK4m6KkYPwcKpeTqK\\\";s:3:\\\"otp\\\";N;s:10:\\\"otp_expiry\\\";N;s:17:\\\"is_phone_verified\\\";i:0;s:17:\\\"email_verified_at\\\";N;s:17:\\\"verification_code\\\";N;s:6:\\\"status\\\";i:0;s:12:\\\"device_token\\\";N;s:6:\\\"avatar\\\";N;s:10:\\\"created_by\\\";N;s:10:\\\"updated_by\\\";N;s:10:\\\"created_at\\\";s:19:\\\"2025-03-22 05:36:38\\\";s:10:\\\"updated_at\\\";s:19:\\\"2025-04-17 16:59:32\\\";}s:10:\\\"\\u0000*\\u0000changes\\\";a:0:{}s:8:\\\"\\u0000*\\u0000casts\\\";a:2:{s:17:\\\"email_verified_at\\\";s:8:\\\"datetime\\\";s:8:\\\"password\\\";s:6:\\\"hashed\\\";}s:17:\\\"\\u0000*\\u0000classCastCache\\\";a:0:{}s:21:\\\"\\u0000*\\u0000attributeCastCache\\\";a:0:{}s:13:\\\"\\u0000*\\u0000dateFormat\\\";N;s:10:\\\"\\u0000*\\u0000appends\\\";a:0:{}s:19:\\\"\\u0000*\\u0000dispatchesEvents\\\";a:0:{}s:14:\\\"\\u0000*\\u0000observables\\\";a:0:{}s:12:\\\"\\u0000*\\u0000relations\\\";a:0:{}s:10:\\\"\\u0000*\\u0000touches\\\";a:0:{}s:10:\\\"timestamps\\\";b:1;s:13:\\\"usesUniqueIds\\\";b:0;s:9:\\\"\\u0000*\\u0000hidden\\\";a:2:{i:0;s:8:\\\"password\\\";i:1;s:14:\\\"remember_token\\\";}s:10:\\\"\\u0000*\\u0000visible\\\";a:0:{}s:11:\\\"\\u0000*\\u0000fillable\\\";a:4:{i:0;s:4:\\\"name\\\";i:1;s:5:\\\"email\\\";i:2;s:5:\\\"phone\\\";i:3;s:8:\\\"password\\\";}s:10:\\\"\\u0000*\\u0000guarded\\\";a:1:{i:0;s:1:\\\"*\\\";}s:20:\\\"\\u0000*\\u0000rememberTokenName\\\";s:14:\\\"remember_token\\\";s:14:\\\"\\u0000*\\u0000accessToken\\\";N;}}s:10:\\\"\\u0000*\\u0000touches\\\";a:0:{}s:10:\\\"timestamps\\\";b:1;s:13:\\\"usesUniqueIds\\\";b:0;s:9:\\\"\\u0000*\\u0000hidden\\\";a:0:{}s:10:\\\"\\u0000*\\u0000visible\\\";a:0:{}s:11:\\\"\\u0000*\\u0000fillable\\\";a:27:{i:0;s:4:\\\"code\\\";i:1;s:7:\\\"user_id\\\";i:2;s:18:\\\"estimated_delivery\\\";i:3;s:16:\\\"shipping_address\\\";i:4;s:15:\\\"billing_address\\\";i:5;s:11:\\\"order_notes\\\";i:6;s:15:\\\"delivery_status\\\";i:7;s:12:\\\"payment_type\\\";i:8;s:14:\\\"payment_status\\\";i:9;s:15:\\\"payment_details\\\";i:10;s:19:\\\"payment_tracking_id\\\";i:11;s:13:\\\"shipping_type\\\";i:12;s:13:\\\"shipping_cost\\\";i:13;s:3:\\\"tax\\\";i:14;s:11:\\\"grand_total\\\";i:15;s:9:\\\"sub_total\\\";i:16;s:15:\\\"coupon_discount\\\";i:17;s:11:\\\"coupon_code\\\";i:18;s:14:\\\"offer_discount\\\";i:19;s:13:\\\"tracking_code\\\";i:20;s:23:\\\"delivery_completed_date\\\";i:21;s:4:\\\"date\\\";i:22;s:14:\\\"cancel_request\\\";i:23;s:19:\\\"cancel_request_date\\\";i:24;s:15:\\\"cancel_approval\\\";i:25;s:20:\\\"cancel_approval_date\\\";i:26;s:13:\\\"cancel_reason\\\";}s:10:\\\"\\u0000*\\u0000guarded\\\";a:1:{i:0;s:1:\\\"*\\\";}}}s:2:\\\"to\\\";a:1:{i:0;a:2:{s:4:\\\"name\\\";N;s:7:\\\"address\\\";s:23:\\\"jisha.tomsher@gmail.com\\\";}}s:6:\\\"mailer\\\";s:4:\\\"smtp\\\";}s:5:\\\"tries\\\";N;s:7:\\\"timeout\\\";N;s:13:\\\"maxExceptions\\\";N;s:17:\\\"shouldBeEncrypted\\\";b:0;s:10:\\\"connection\\\";N;s:5:\\\"queue\\\";N;s:15:\\\"chainConnection\\\";N;s:10:\\\"chainQueue\\\";N;s:19:\\\"chainCatchCallbacks\\\";N;s:5:\\\"delay\\\";N;s:11:\\\"afterCommit\\\";N;s:10:\\\"middleware\\\";a:0:{}s:7:\\\"chained\\\";a:0:{}s:3:\\\"job\\\";N;}\"}}',0,NULL,1744955952,1744955952),(49,'default','{\"uuid\":\"cd9d3e4b-d339-47c5-a76a-0927806abe64\",\"displayName\":\"App\\\\Mail\\\\InvoiceEmailManager\",\"job\":\"Illuminate\\\\Queue\\\\CallQueuedHandler@call\",\"maxTries\":null,\"maxExceptions\":null,\"failOnTimeout\":false,\"backoff\":null,\"timeout\":null,\"retryUntil\":null,\"data\":{\"commandName\":\"Illuminate\\\\Mail\\\\SendQueuedMailable\",\"command\":\"O:34:\\\"Illuminate\\\\Mail\\\\SendQueuedMailable\\\":15:{s:8:\\\"mailable\\\";O:28:\\\"App\\\\Mail\\\\InvoiceEmailManager\\\":3:{s:5:\\\"array\\\";a:4:{s:4:\\\"view\\\";s:14:\\\"emails.invoice\\\";s:7:\\\"subject\\\";s:47:\\\"A new order has been placed - 20250418-09591297\\\";s:4:\\\"from\\\";s:23:\\\"jisha.tomsher@gmail.com\\\";s:5:\\\"order\\\";O:16:\\\"App\\\\Models\\\\Order\\\":30:{s:13:\\\"\\u0000*\\u0000connection\\\";s:5:\\\"mysql\\\";s:8:\\\"\\u0000*\\u0000table\\\";s:6:\\\"orders\\\";s:13:\\\"\\u0000*\\u0000primaryKey\\\";s:2:\\\"id\\\";s:10:\\\"\\u0000*\\u0000keyType\\\";s:3:\\\"int\\\";s:12:\\\"incrementing\\\";b:1;s:7:\\\"\\u0000*\\u0000with\\\";a:0:{}s:12:\\\"\\u0000*\\u0000withCount\\\";a:0:{}s:19:\\\"preventsLazyLoading\\\";b:0;s:10:\\\"\\u0000*\\u0000perPage\\\";i:15;s:6:\\\"exists\\\";b:1;s:18:\\\"wasRecentlyCreated\\\";b:1;s:28:\\\"\\u0000*\\u0000escapeWhenCastingToString\\\";b:0;s:13:\\\"\\u0000*\\u0000attributes\\\";a:20:{s:7:\\\"user_id\\\";i:68;s:16:\\\"shipping_address\\\";s:214:\\\"{\\\"name\\\":\\\"Jisha P\\\",\\\"email\\\":\\\"jisha.tomsher@gmail.com\\\",\\\"address\\\":\\\"Flat number 606, 184th floor, Burj khalifa\\\",\\\"zipcode\\\":null,\\\"city\\\":\\\"Burj Park\\\",\\\"state\\\":\\\"Dubai\\\",\\\"country\\\":\\\"United Arab Emirates\\\",\\\"phone\\\":\\\"+971568656856\\\"}\\\";s:15:\\\"billing_address\\\";s:214:\\\"{\\\"name\\\":\\\"Jisha P\\\",\\\"email\\\":\\\"jisha.tomsher@gmail.com\\\",\\\"address\\\":\\\"Flat number 606, 184th floor, Burj khalifa\\\",\\\"zipcode\\\":null,\\\"city\\\":\\\"Burj Park\\\",\\\"state\\\":\\\"Dubai\\\",\\\"country\\\":\\\"United Arab Emirates\\\",\\\"phone\\\":\\\"+971568656856\\\"}\\\";s:11:\\\"order_notes\\\";s:0:\\\"\\\";s:13:\\\"shipping_type\\\";s:13:\\\"free_shipping\\\";s:13:\\\"shipping_cost\\\";d:0;s:15:\\\"delivery_status\\\";s:7:\\\"pending\\\";s:12:\\\"payment_type\\\";s:3:\\\"cod\\\";s:14:\\\"payment_status\\\";s:7:\\\"un_paid\\\";s:11:\\\"grand_total\\\";d:1779.19;s:3:\\\"tax\\\";d:11.19;s:9:\\\"sub_total\\\";d:1868;s:14:\\\"offer_discount\\\";d:100;s:15:\\\"coupon_discount\\\";d:0;s:4:\\\"code\\\";s:17:\\\"20250418-09591297\\\";s:4:\\\"date\\\";i:1744955952;s:10:\\\"updated_at\\\";s:19:\\\"2025-04-18 09:59:12\\\";s:10:\\\"created_at\\\";s:19:\\\"2025-04-18 09:59:12\\\";s:2:\\\"id\\\";i:25;s:11:\\\"coupon_code\\\";N;}s:11:\\\"\\u0000*\\u0000original\\\";a:20:{s:7:\\\"user_id\\\";i:68;s:16:\\\"shipping_address\\\";s:214:\\\"{\\\"name\\\":\\\"Jisha P\\\",\\\"email\\\":\\\"jisha.tomsher@gmail.com\\\",\\\"address\\\":\\\"Flat number 606, 184th floor, Burj khalifa\\\",\\\"zipcode\\\":null,\\\"city\\\":\\\"Burj Park\\\",\\\"state\\\":\\\"Dubai\\\",\\\"country\\\":\\\"United Arab Emirates\\\",\\\"phone\\\":\\\"+971568656856\\\"}\\\";s:15:\\\"billing_address\\\";s:214:\\\"{\\\"name\\\":\\\"Jisha P\\\",\\\"email\\\":\\\"jisha.tomsher@gmail.com\\\",\\\"address\\\":\\\"Flat number 606, 184th floor, Burj khalifa\\\",\\\"zipcode\\\":null,\\\"city\\\":\\\"Burj Park\\\",\\\"state\\\":\\\"Dubai\\\",\\\"country\\\":\\\"United Arab Emirates\\\",\\\"phone\\\":\\\"+971568656856\\\"}\\\";s:11:\\\"order_notes\\\";s:0:\\\"\\\";s:13:\\\"shipping_type\\\";s:13:\\\"free_shipping\\\";s:13:\\\"shipping_cost\\\";d:0;s:15:\\\"delivery_status\\\";s:7:\\\"pending\\\";s:12:\\\"payment_type\\\";s:3:\\\"cod\\\";s:14:\\\"payment_status\\\";s:7:\\\"un_paid\\\";s:11:\\\"grand_total\\\";d:1779.19;s:3:\\\"tax\\\";d:11.19;s:9:\\\"sub_total\\\";d:1868;s:14:\\\"offer_discount\\\";d:100;s:15:\\\"coupon_discount\\\";d:0;s:4:\\\"code\\\";s:17:\\\"20250418-09591297\\\";s:4:\\\"date\\\";i:1744955952;s:10:\\\"updated_at\\\";s:19:\\\"2025-04-18 09:59:12\\\";s:10:\\\"created_at\\\";s:19:\\\"2025-04-18 09:59:12\\\";s:2:\\\"id\\\";i:25;s:11:\\\"coupon_code\\\";N;}s:10:\\\"\\u0000*\\u0000changes\\\";a:5:{s:11:\\\"grand_total\\\";d:1779.19;s:3:\\\"tax\\\";d:11.19;s:9:\\\"sub_total\\\";d:1868;s:14:\\\"offer_discount\\\";d:100;s:11:\\\"coupon_code\\\";N;}s:8:\\\"\\u0000*\\u0000casts\\\";a:0:{}s:17:\\\"\\u0000*\\u0000classCastCache\\\";a:0:{}s:21:\\\"\\u0000*\\u0000attributeCastCache\\\";a:0:{}s:13:\\\"\\u0000*\\u0000dateFormat\\\";N;s:10:\\\"\\u0000*\\u0000appends\\\";a:0:{}s:19:\\\"\\u0000*\\u0000dispatchesEvents\\\";a:0:{}s:14:\\\"\\u0000*\\u0000observables\\\";a:0:{}s:12:\\\"\\u0000*\\u0000relations\\\";a:1:{s:4:\\\"user\\\";O:15:\\\"App\\\\Models\\\\User\\\":32:{s:13:\\\"\\u0000*\\u0000connection\\\";s:5:\\\"mysql\\\";s:8:\\\"\\u0000*\\u0000table\\\";s:5:\\\"users\\\";s:13:\\\"\\u0000*\\u0000primaryKey\\\";s:2:\\\"id\\\";s:10:\\\"\\u0000*\\u0000keyType\\\";s:3:\\\"int\\\";s:12:\\\"incrementing\\\";b:1;s:7:\\\"\\u0000*\\u0000with\\\";a:0:{}s:12:\\\"\\u0000*\\u0000withCount\\\";a:0:{}s:19:\\\"preventsLazyLoading\\\";b:0;s:10:\\\"\\u0000*\\u0000perPage\\\";i:15;s:6:\\\"exists\\\";b:1;s:18:\\\"wasRecentlyCreated\\\";b:0;s:28:\\\"\\u0000*\\u0000escapeWhenCastingToString\\\";b:0;s:13:\\\"\\u0000*\\u0000attributes\\\";a:20:{s:2:\\\"id\\\";i:68;s:9:\\\"user_type\\\";s:8:\\\"customer\\\";s:4:\\\"name\\\";s:15:\\\"Nythika Renjith\\\";s:5:\\\"email\\\";s:23:\\\"jisha.tomsher@gmail.com\\\";s:5:\\\"phone\\\";s:12:\\\"971568650838\\\";s:6:\\\"banned\\\";i:0;s:8:\\\"password\\\";s:60:\\\"$2y$12$TJLFV0ymMSd4PLNrKM1WHe1UtBcCYbj9KVARdiuas2KlwgsPv6GIy\\\";s:14:\\\"remember_token\\\";s:60:\\\"NDCGvEimz6Qm42Xbo0f7RxtBgpdzbGTXHSijuAYkcQnkK4m6KkYPwcKpeTqK\\\";s:3:\\\"otp\\\";N;s:10:\\\"otp_expiry\\\";N;s:17:\\\"is_phone_verified\\\";i:0;s:17:\\\"email_verified_at\\\";N;s:17:\\\"verification_code\\\";N;s:6:\\\"status\\\";i:0;s:12:\\\"device_token\\\";N;s:6:\\\"avatar\\\";N;s:10:\\\"created_by\\\";N;s:10:\\\"updated_by\\\";N;s:10:\\\"created_at\\\";s:19:\\\"2025-03-22 05:36:38\\\";s:10:\\\"updated_at\\\";s:19:\\\"2025-04-17 16:59:32\\\";}s:11:\\\"\\u0000*\\u0000original\\\";a:20:{s:2:\\\"id\\\";i:68;s:9:\\\"user_type\\\";s:8:\\\"customer\\\";s:4:\\\"name\\\";s:15:\\\"Nythika Renjith\\\";s:5:\\\"email\\\";s:23:\\\"jisha.tomsher@gmail.com\\\";s:5:\\\"phone\\\";s:12:\\\"971568650838\\\";s:6:\\\"banned\\\";i:0;s:8:\\\"password\\\";s:60:\\\"$2y$12$TJLFV0ymMSd4PLNrKM1WHe1UtBcCYbj9KVARdiuas2KlwgsPv6GIy\\\";s:14:\\\"remember_token\\\";s:60:\\\"NDCGvEimz6Qm42Xbo0f7RxtBgpdzbGTXHSijuAYkcQnkK4m6KkYPwcKpeTqK\\\";s:3:\\\"otp\\\";N;s:10:\\\"otp_expiry\\\";N;s:17:\\\"is_phone_verified\\\";i:0;s:17:\\\"email_verified_at\\\";N;s:17:\\\"verification_code\\\";N;s:6:\\\"status\\\";i:0;s:12:\\\"device_token\\\";N;s:6:\\\"avatar\\\";N;s:10:\\\"created_by\\\";N;s:10:\\\"updated_by\\\";N;s:10:\\\"created_at\\\";s:19:\\\"2025-03-22 05:36:38\\\";s:10:\\\"updated_at\\\";s:19:\\\"2025-04-17 16:59:32\\\";}s:10:\\\"\\u0000*\\u0000changes\\\";a:0:{}s:8:\\\"\\u0000*\\u0000casts\\\";a:2:{s:17:\\\"email_verified_at\\\";s:8:\\\"datetime\\\";s:8:\\\"password\\\";s:6:\\\"hashed\\\";}s:17:\\\"\\u0000*\\u0000classCastCache\\\";a:0:{}s:21:\\\"\\u0000*\\u0000attributeCastCache\\\";a:0:{}s:13:\\\"\\u0000*\\u0000dateFormat\\\";N;s:10:\\\"\\u0000*\\u0000appends\\\";a:0:{}s:19:\\\"\\u0000*\\u0000dispatchesEvents\\\";a:0:{}s:14:\\\"\\u0000*\\u0000observables\\\";a:0:{}s:12:\\\"\\u0000*\\u0000relations\\\";a:0:{}s:10:\\\"\\u0000*\\u0000touches\\\";a:0:{}s:10:\\\"timestamps\\\";b:1;s:13:\\\"usesUniqueIds\\\";b:0;s:9:\\\"\\u0000*\\u0000hidden\\\";a:2:{i:0;s:8:\\\"password\\\";i:1;s:14:\\\"remember_token\\\";}s:10:\\\"\\u0000*\\u0000visible\\\";a:0:{}s:11:\\\"\\u0000*\\u0000fillable\\\";a:4:{i:0;s:4:\\\"name\\\";i:1;s:5:\\\"email\\\";i:2;s:5:\\\"phone\\\";i:3;s:8:\\\"password\\\";}s:10:\\\"\\u0000*\\u0000guarded\\\";a:1:{i:0;s:1:\\\"*\\\";}s:20:\\\"\\u0000*\\u0000rememberTokenName\\\";s:14:\\\"remember_token\\\";s:14:\\\"\\u0000*\\u0000accessToken\\\";N;}}s:10:\\\"\\u0000*\\u0000touches\\\";a:0:{}s:10:\\\"timestamps\\\";b:1;s:13:\\\"usesUniqueIds\\\";b:0;s:9:\\\"\\u0000*\\u0000hidden\\\";a:0:{}s:10:\\\"\\u0000*\\u0000visible\\\";a:0:{}s:11:\\\"\\u0000*\\u0000fillable\\\";a:27:{i:0;s:4:\\\"code\\\";i:1;s:7:\\\"user_id\\\";i:2;s:18:\\\"estimated_delivery\\\";i:3;s:16:\\\"shipping_address\\\";i:4;s:15:\\\"billing_address\\\";i:5;s:11:\\\"order_notes\\\";i:6;s:15:\\\"delivery_status\\\";i:7;s:12:\\\"payment_type\\\";i:8;s:14:\\\"payment_status\\\";i:9;s:15:\\\"payment_details\\\";i:10;s:19:\\\"payment_tracking_id\\\";i:11;s:13:\\\"shipping_type\\\";i:12;s:13:\\\"shipping_cost\\\";i:13;s:3:\\\"tax\\\";i:14;s:11:\\\"grand_total\\\";i:15;s:9:\\\"sub_total\\\";i:16;s:15:\\\"coupon_discount\\\";i:17;s:11:\\\"coupon_code\\\";i:18;s:14:\\\"offer_discount\\\";i:19;s:13:\\\"tracking_code\\\";i:20;s:23:\\\"delivery_completed_date\\\";i:21;s:4:\\\"date\\\";i:22;s:14:\\\"cancel_request\\\";i:23;s:19:\\\"cancel_request_date\\\";i:24;s:15:\\\"cancel_approval\\\";i:25;s:20:\\\"cancel_approval_date\\\";i:26;s:13:\\\"cancel_reason\\\";}s:10:\\\"\\u0000*\\u0000guarded\\\";a:1:{i:0;s:1:\\\"*\\\";}}}s:2:\\\"to\\\";a:1:{i:0;a:2:{s:4:\\\"name\\\";N;s:7:\\\"address\\\";s:23:\\\"jisha.tomsher@gmail.com\\\";}}s:6:\\\"mailer\\\";s:4:\\\"smtp\\\";}s:5:\\\"tries\\\";N;s:7:\\\"timeout\\\";N;s:13:\\\"maxExceptions\\\";N;s:17:\\\"shouldBeEncrypted\\\";b:0;s:10:\\\"connection\\\";N;s:5:\\\"queue\\\";N;s:15:\\\"chainConnection\\\";N;s:10:\\\"chainQueue\\\";N;s:19:\\\"chainCatchCallbacks\\\";N;s:5:\\\"delay\\\";N;s:11:\\\"afterCommit\\\";N;s:10:\\\"middleware\\\";a:0:{}s:7:\\\"chained\\\";a:0:{}s:3:\\\"job\\\";N;}\"}}',0,NULL,1744955952,1744955952),(50,'default','{\"uuid\":\"0585d2c9-1c11-4a88-9301-4c54455e72c0\",\"displayName\":\"App\\\\Mail\\\\InvoiceEmailManager\",\"job\":\"Illuminate\\\\Queue\\\\CallQueuedHandler@call\",\"maxTries\":null,\"maxExceptions\":null,\"failOnTimeout\":false,\"backoff\":null,\"timeout\":null,\"retryUntil\":null,\"data\":{\"commandName\":\"Illuminate\\\\Mail\\\\SendQueuedMailable\",\"command\":\"O:34:\\\"Illuminate\\\\Mail\\\\SendQueuedMailable\\\":15:{s:8:\\\"mailable\\\";O:28:\\\"App\\\\Mail\\\\InvoiceEmailManager\\\":3:{s:5:\\\"array\\\";a:4:{s:4:\\\"view\\\";s:14:\\\"emails.invoice\\\";s:7:\\\"subject\\\";s:44:\\\"Thank you for your order - 20250418-10044998\\\";s:4:\\\"from\\\";s:23:\\\"jisha.tomsher@gmail.com\\\";s:5:\\\"order\\\";O:16:\\\"App\\\\Models\\\\Order\\\":30:{s:13:\\\"\\u0000*\\u0000connection\\\";s:5:\\\"mysql\\\";s:8:\\\"\\u0000*\\u0000table\\\";s:6:\\\"orders\\\";s:13:\\\"\\u0000*\\u0000primaryKey\\\";s:2:\\\"id\\\";s:10:\\\"\\u0000*\\u0000keyType\\\";s:3:\\\"int\\\";s:12:\\\"incrementing\\\";b:1;s:7:\\\"\\u0000*\\u0000with\\\";a:0:{}s:12:\\\"\\u0000*\\u0000withCount\\\";a:0:{}s:19:\\\"preventsLazyLoading\\\";b:0;s:10:\\\"\\u0000*\\u0000perPage\\\";i:15;s:6:\\\"exists\\\";b:1;s:18:\\\"wasRecentlyCreated\\\";b:1;s:28:\\\"\\u0000*\\u0000escapeWhenCastingToString\\\";b:0;s:13:\\\"\\u0000*\\u0000attributes\\\";a:20:{s:7:\\\"user_id\\\";i:68;s:16:\\\"shipping_address\\\";s:216:\\\"{\\\"name\\\":\\\"New Name\\\",\\\"email\\\":\\\"jisha.tomsher@gmail.com\\\",\\\"address\\\":\\\"Wafi residence Newwwwwww,\\\\r\\\\nDubai Healthcare City\\\",\\\"zipcode\\\":\\\"000\\\",\\\"city\\\":\\\"Oud Metha\\\",\\\"state\\\":\\\"Dubai\\\",\\\"country\\\":\\\"United Arab Emirates\\\",\\\"phone\\\":\\\"11111\\\"}\\\";s:15:\\\"billing_address\\\";s:216:\\\"{\\\"name\\\":\\\"New Name\\\",\\\"email\\\":\\\"jisha.tomsher@gmail.com\\\",\\\"address\\\":\\\"Wafi residence Newwwwwww,\\\\r\\\\nDubai Healthcare City\\\",\\\"zipcode\\\":\\\"000\\\",\\\"city\\\":\\\"Oud Metha\\\",\\\"state\\\":\\\"Dubai\\\",\\\"country\\\":\\\"United Arab Emirates\\\",\\\"phone\\\":\\\"11111\\\"}\\\";s:11:\\\"order_notes\\\";s:0:\\\"\\\";s:13:\\\"shipping_type\\\";s:9:\\\"flat_rate\\\";s:13:\\\"shipping_cost\\\";d:20;s:15:\\\"delivery_status\\\";s:7:\\\"pending\\\";s:12:\\\"payment_type\\\";s:3:\\\"cod\\\";s:14:\\\"payment_status\\\";s:7:\\\"un_paid\\\";s:11:\\\"grand_total\\\";d:419;s:3:\\\"tax\\\";d:0;s:9:\\\"sub_total\\\";d:499;s:14:\\\"offer_discount\\\";d:100;s:15:\\\"coupon_discount\\\";d:0;s:4:\\\"code\\\";s:17:\\\"20250418-10044998\\\";s:4:\\\"date\\\";i:1744956289;s:10:\\\"updated_at\\\";s:19:\\\"2025-04-18 10:04:49\\\";s:10:\\\"created_at\\\";s:19:\\\"2025-04-18 10:04:49\\\";s:2:\\\"id\\\";i:26;s:11:\\\"coupon_code\\\";N;}s:11:\\\"\\u0000*\\u0000original\\\";a:20:{s:7:\\\"user_id\\\";i:68;s:16:\\\"shipping_address\\\";s:216:\\\"{\\\"name\\\":\\\"New Name\\\",\\\"email\\\":\\\"jisha.tomsher@gmail.com\\\",\\\"address\\\":\\\"Wafi residence Newwwwwww,\\\\r\\\\nDubai Healthcare City\\\",\\\"zipcode\\\":\\\"000\\\",\\\"city\\\":\\\"Oud Metha\\\",\\\"state\\\":\\\"Dubai\\\",\\\"country\\\":\\\"United Arab Emirates\\\",\\\"phone\\\":\\\"11111\\\"}\\\";s:15:\\\"billing_address\\\";s:216:\\\"{\\\"name\\\":\\\"New Name\\\",\\\"email\\\":\\\"jisha.tomsher@gmail.com\\\",\\\"address\\\":\\\"Wafi residence Newwwwwww,\\\\r\\\\nDubai Healthcare City\\\",\\\"zipcode\\\":\\\"000\\\",\\\"city\\\":\\\"Oud Metha\\\",\\\"state\\\":\\\"Dubai\\\",\\\"country\\\":\\\"United Arab Emirates\\\",\\\"phone\\\":\\\"11111\\\"}\\\";s:11:\\\"order_notes\\\";s:0:\\\"\\\";s:13:\\\"shipping_type\\\";s:9:\\\"flat_rate\\\";s:13:\\\"shipping_cost\\\";d:20;s:15:\\\"delivery_status\\\";s:7:\\\"pending\\\";s:12:\\\"payment_type\\\";s:3:\\\"cod\\\";s:14:\\\"payment_status\\\";s:7:\\\"un_paid\\\";s:11:\\\"grand_total\\\";d:419;s:3:\\\"tax\\\";d:0;s:9:\\\"sub_total\\\";d:499;s:14:\\\"offer_discount\\\";d:100;s:15:\\\"coupon_discount\\\";d:0;s:4:\\\"code\\\";s:17:\\\"20250418-10044998\\\";s:4:\\\"date\\\";i:1744956289;s:10:\\\"updated_at\\\";s:19:\\\"2025-04-18 10:04:49\\\";s:10:\\\"created_at\\\";s:19:\\\"2025-04-18 10:04:49\\\";s:2:\\\"id\\\";i:26;s:11:\\\"coupon_code\\\";N;}s:10:\\\"\\u0000*\\u0000changes\\\";a:6:{s:13:\\\"shipping_type\\\";s:9:\\\"flat_rate\\\";s:13:\\\"shipping_cost\\\";d:20;s:11:\\\"grand_total\\\";d:419;s:9:\\\"sub_total\\\";d:499;s:14:\\\"offer_discount\\\";d:100;s:11:\\\"coupon_code\\\";N;}s:8:\\\"\\u0000*\\u0000casts\\\";a:0:{}s:17:\\\"\\u0000*\\u0000classCastCache\\\";a:0:{}s:21:\\\"\\u0000*\\u0000attributeCastCache\\\";a:0:{}s:13:\\\"\\u0000*\\u0000dateFormat\\\";N;s:10:\\\"\\u0000*\\u0000appends\\\";a:0:{}s:19:\\\"\\u0000*\\u0000dispatchesEvents\\\";a:0:{}s:14:\\\"\\u0000*\\u0000observables\\\";a:0:{}s:12:\\\"\\u0000*\\u0000relations\\\";a:1:{s:4:\\\"user\\\";O:15:\\\"App\\\\Models\\\\User\\\":32:{s:13:\\\"\\u0000*\\u0000connection\\\";s:5:\\\"mysql\\\";s:8:\\\"\\u0000*\\u0000table\\\";s:5:\\\"users\\\";s:13:\\\"\\u0000*\\u0000primaryKey\\\";s:2:\\\"id\\\";s:10:\\\"\\u0000*\\u0000keyType\\\";s:3:\\\"int\\\";s:12:\\\"incrementing\\\";b:1;s:7:\\\"\\u0000*\\u0000with\\\";a:0:{}s:12:\\\"\\u0000*\\u0000withCount\\\";a:0:{}s:19:\\\"preventsLazyLoading\\\";b:0;s:10:\\\"\\u0000*\\u0000perPage\\\";i:15;s:6:\\\"exists\\\";b:1;s:18:\\\"wasRecentlyCreated\\\";b:0;s:28:\\\"\\u0000*\\u0000escapeWhenCastingToString\\\";b:0;s:13:\\\"\\u0000*\\u0000attributes\\\";a:20:{s:2:\\\"id\\\";i:68;s:9:\\\"user_type\\\";s:8:\\\"customer\\\";s:4:\\\"name\\\";s:15:\\\"Nythika Renjith\\\";s:5:\\\"email\\\";s:23:\\\"jisha.tomsher@gmail.com\\\";s:5:\\\"phone\\\";s:12:\\\"971568650838\\\";s:6:\\\"banned\\\";i:0;s:8:\\\"password\\\";s:60:\\\"$2y$12$TJLFV0ymMSd4PLNrKM1WHe1UtBcCYbj9KVARdiuas2KlwgsPv6GIy\\\";s:14:\\\"remember_token\\\";s:60:\\\"NDCGvEimz6Qm42Xbo0f7RxtBgpdzbGTXHSijuAYkcQnkK4m6KkYPwcKpeTqK\\\";s:3:\\\"otp\\\";N;s:10:\\\"otp_expiry\\\";N;s:17:\\\"is_phone_verified\\\";i:0;s:17:\\\"email_verified_at\\\";N;s:17:\\\"verification_code\\\";N;s:6:\\\"status\\\";i:0;s:12:\\\"device_token\\\";N;s:6:\\\"avatar\\\";N;s:10:\\\"created_by\\\";N;s:10:\\\"updated_by\\\";N;s:10:\\\"created_at\\\";s:19:\\\"2025-03-22 05:36:38\\\";s:10:\\\"updated_at\\\";s:19:\\\"2025-04-17 16:59:32\\\";}s:11:\\\"\\u0000*\\u0000original\\\";a:20:{s:2:\\\"id\\\";i:68;s:9:\\\"user_type\\\";s:8:\\\"customer\\\";s:4:\\\"name\\\";s:15:\\\"Nythika Renjith\\\";s:5:\\\"email\\\";s:23:\\\"jisha.tomsher@gmail.com\\\";s:5:\\\"phone\\\";s:12:\\\"971568650838\\\";s:6:\\\"banned\\\";i:0;s:8:\\\"password\\\";s:60:\\\"$2y$12$TJLFV0ymMSd4PLNrKM1WHe1UtBcCYbj9KVARdiuas2KlwgsPv6GIy\\\";s:14:\\\"remember_token\\\";s:60:\\\"NDCGvEimz6Qm42Xbo0f7RxtBgpdzbGTXHSijuAYkcQnkK4m6KkYPwcKpeTqK\\\";s:3:\\\"otp\\\";N;s:10:\\\"otp_expiry\\\";N;s:17:\\\"is_phone_verified\\\";i:0;s:17:\\\"email_verified_at\\\";N;s:17:\\\"verification_code\\\";N;s:6:\\\"status\\\";i:0;s:12:\\\"device_token\\\";N;s:6:\\\"avatar\\\";N;s:10:\\\"created_by\\\";N;s:10:\\\"updated_by\\\";N;s:10:\\\"created_at\\\";s:19:\\\"2025-03-22 05:36:38\\\";s:10:\\\"updated_at\\\";s:19:\\\"2025-04-17 16:59:32\\\";}s:10:\\\"\\u0000*\\u0000changes\\\";a:0:{}s:8:\\\"\\u0000*\\u0000casts\\\";a:2:{s:17:\\\"email_verified_at\\\";s:8:\\\"datetime\\\";s:8:\\\"password\\\";s:6:\\\"hashed\\\";}s:17:\\\"\\u0000*\\u0000classCastCache\\\";a:0:{}s:21:\\\"\\u0000*\\u0000attributeCastCache\\\";a:0:{}s:13:\\\"\\u0000*\\u0000dateFormat\\\";N;s:10:\\\"\\u0000*\\u0000appends\\\";a:0:{}s:19:\\\"\\u0000*\\u0000dispatchesEvents\\\";a:0:{}s:14:\\\"\\u0000*\\u0000observables\\\";a:0:{}s:12:\\\"\\u0000*\\u0000relations\\\";a:0:{}s:10:\\\"\\u0000*\\u0000touches\\\";a:0:{}s:10:\\\"timestamps\\\";b:1;s:13:\\\"usesUniqueIds\\\";b:0;s:9:\\\"\\u0000*\\u0000hidden\\\";a:2:{i:0;s:8:\\\"password\\\";i:1;s:14:\\\"remember_token\\\";}s:10:\\\"\\u0000*\\u0000visible\\\";a:0:{}s:11:\\\"\\u0000*\\u0000fillable\\\";a:4:{i:0;s:4:\\\"name\\\";i:1;s:5:\\\"email\\\";i:2;s:5:\\\"phone\\\";i:3;s:8:\\\"password\\\";}s:10:\\\"\\u0000*\\u0000guarded\\\";a:1:{i:0;s:1:\\\"*\\\";}s:20:\\\"\\u0000*\\u0000rememberTokenName\\\";s:14:\\\"remember_token\\\";s:14:\\\"\\u0000*\\u0000accessToken\\\";N;}}s:10:\\\"\\u0000*\\u0000touches\\\";a:0:{}s:10:\\\"timestamps\\\";b:1;s:13:\\\"usesUniqueIds\\\";b:0;s:9:\\\"\\u0000*\\u0000hidden\\\";a:0:{}s:10:\\\"\\u0000*\\u0000visible\\\";a:0:{}s:11:\\\"\\u0000*\\u0000fillable\\\";a:27:{i:0;s:4:\\\"code\\\";i:1;s:7:\\\"user_id\\\";i:2;s:18:\\\"estimated_delivery\\\";i:3;s:16:\\\"shipping_address\\\";i:4;s:15:\\\"billing_address\\\";i:5;s:11:\\\"order_notes\\\";i:6;s:15:\\\"delivery_status\\\";i:7;s:12:\\\"payment_type\\\";i:8;s:14:\\\"payment_status\\\";i:9;s:15:\\\"payment_details\\\";i:10;s:19:\\\"payment_tracking_id\\\";i:11;s:13:\\\"shipping_type\\\";i:12;s:13:\\\"shipping_cost\\\";i:13;s:3:\\\"tax\\\";i:14;s:11:\\\"grand_total\\\";i:15;s:9:\\\"sub_total\\\";i:16;s:15:\\\"coupon_discount\\\";i:17;s:11:\\\"coupon_code\\\";i:18;s:14:\\\"offer_discount\\\";i:19;s:13:\\\"tracking_code\\\";i:20;s:23:\\\"delivery_completed_date\\\";i:21;s:4:\\\"date\\\";i:22;s:14:\\\"cancel_request\\\";i:23;s:19:\\\"cancel_request_date\\\";i:24;s:15:\\\"cancel_approval\\\";i:25;s:20:\\\"cancel_approval_date\\\";i:26;s:13:\\\"cancel_reason\\\";}s:10:\\\"\\u0000*\\u0000guarded\\\";a:1:{i:0;s:1:\\\"*\\\";}}}s:2:\\\"to\\\";a:1:{i:0;a:2:{s:4:\\\"name\\\";N;s:7:\\\"address\\\";s:23:\\\"jisha.tomsher@gmail.com\\\";}}s:6:\\\"mailer\\\";s:4:\\\"smtp\\\";}s:5:\\\"tries\\\";N;s:7:\\\"timeout\\\";N;s:13:\\\"maxExceptions\\\";N;s:17:\\\"shouldBeEncrypted\\\";b:0;s:10:\\\"connection\\\";N;s:5:\\\"queue\\\";N;s:15:\\\"chainConnection\\\";N;s:10:\\\"chainQueue\\\";N;s:19:\\\"chainCatchCallbacks\\\";N;s:5:\\\"delay\\\";N;s:11:\\\"afterCommit\\\";N;s:10:\\\"middleware\\\";a:0:{}s:7:\\\"chained\\\";a:0:{}s:3:\\\"job\\\";N;}\"}}',0,NULL,1744956289,1744956289),(51,'default','{\"uuid\":\"cf69cf0d-0a9a-4d30-b9a1-f2f08978fff1\",\"displayName\":\"App\\\\Mail\\\\InvoiceEmailManager\",\"job\":\"Illuminate\\\\Queue\\\\CallQueuedHandler@call\",\"maxTries\":null,\"maxExceptions\":null,\"failOnTimeout\":false,\"backoff\":null,\"timeout\":null,\"retryUntil\":null,\"data\":{\"commandName\":\"Illuminate\\\\Mail\\\\SendQueuedMailable\",\"command\":\"O:34:\\\"Illuminate\\\\Mail\\\\SendQueuedMailable\\\":15:{s:8:\\\"mailable\\\";O:28:\\\"App\\\\Mail\\\\InvoiceEmailManager\\\":3:{s:5:\\\"array\\\";a:4:{s:4:\\\"view\\\";s:14:\\\"emails.invoice\\\";s:7:\\\"subject\\\";s:47:\\\"A new order has been placed - 20250418-10044998\\\";s:4:\\\"from\\\";s:23:\\\"jisha.tomsher@gmail.com\\\";s:5:\\\"order\\\";O:16:\\\"App\\\\Models\\\\Order\\\":30:{s:13:\\\"\\u0000*\\u0000connection\\\";s:5:\\\"mysql\\\";s:8:\\\"\\u0000*\\u0000table\\\";s:6:\\\"orders\\\";s:13:\\\"\\u0000*\\u0000primaryKey\\\";s:2:\\\"id\\\";s:10:\\\"\\u0000*\\u0000keyType\\\";s:3:\\\"int\\\";s:12:\\\"incrementing\\\";b:1;s:7:\\\"\\u0000*\\u0000with\\\";a:0:{}s:12:\\\"\\u0000*\\u0000withCount\\\";a:0:{}s:19:\\\"preventsLazyLoading\\\";b:0;s:10:\\\"\\u0000*\\u0000perPage\\\";i:15;s:6:\\\"exists\\\";b:1;s:18:\\\"wasRecentlyCreated\\\";b:1;s:28:\\\"\\u0000*\\u0000escapeWhenCastingToString\\\";b:0;s:13:\\\"\\u0000*\\u0000attributes\\\";a:20:{s:7:\\\"user_id\\\";i:68;s:16:\\\"shipping_address\\\";s:216:\\\"{\\\"name\\\":\\\"New Name\\\",\\\"email\\\":\\\"jisha.tomsher@gmail.com\\\",\\\"address\\\":\\\"Wafi residence Newwwwwww,\\\\r\\\\nDubai Healthcare City\\\",\\\"zipcode\\\":\\\"000\\\",\\\"city\\\":\\\"Oud Metha\\\",\\\"state\\\":\\\"Dubai\\\",\\\"country\\\":\\\"United Arab Emirates\\\",\\\"phone\\\":\\\"11111\\\"}\\\";s:15:\\\"billing_address\\\";s:216:\\\"{\\\"name\\\":\\\"New Name\\\",\\\"email\\\":\\\"jisha.tomsher@gmail.com\\\",\\\"address\\\":\\\"Wafi residence Newwwwwww,\\\\r\\\\nDubai Healthcare City\\\",\\\"zipcode\\\":\\\"000\\\",\\\"city\\\":\\\"Oud Metha\\\",\\\"state\\\":\\\"Dubai\\\",\\\"country\\\":\\\"United Arab Emirates\\\",\\\"phone\\\":\\\"11111\\\"}\\\";s:11:\\\"order_notes\\\";s:0:\\\"\\\";s:13:\\\"shipping_type\\\";s:9:\\\"flat_rate\\\";s:13:\\\"shipping_cost\\\";d:20;s:15:\\\"delivery_status\\\";s:7:\\\"pending\\\";s:12:\\\"payment_type\\\";s:3:\\\"cod\\\";s:14:\\\"payment_status\\\";s:7:\\\"un_paid\\\";s:11:\\\"grand_total\\\";d:419;s:3:\\\"tax\\\";d:0;s:9:\\\"sub_total\\\";d:499;s:14:\\\"offer_discount\\\";d:100;s:15:\\\"coupon_discount\\\";d:0;s:4:\\\"code\\\";s:17:\\\"20250418-10044998\\\";s:4:\\\"date\\\";i:1744956289;s:10:\\\"updated_at\\\";s:19:\\\"2025-04-18 10:04:49\\\";s:10:\\\"created_at\\\";s:19:\\\"2025-04-18 10:04:49\\\";s:2:\\\"id\\\";i:26;s:11:\\\"coupon_code\\\";N;}s:11:\\\"\\u0000*\\u0000original\\\";a:20:{s:7:\\\"user_id\\\";i:68;s:16:\\\"shipping_address\\\";s:216:\\\"{\\\"name\\\":\\\"New Name\\\",\\\"email\\\":\\\"jisha.tomsher@gmail.com\\\",\\\"address\\\":\\\"Wafi residence Newwwwwww,\\\\r\\\\nDubai Healthcare City\\\",\\\"zipcode\\\":\\\"000\\\",\\\"city\\\":\\\"Oud Metha\\\",\\\"state\\\":\\\"Dubai\\\",\\\"country\\\":\\\"United Arab Emirates\\\",\\\"phone\\\":\\\"11111\\\"}\\\";s:15:\\\"billing_address\\\";s:216:\\\"{\\\"name\\\":\\\"New Name\\\",\\\"email\\\":\\\"jisha.tomsher@gmail.com\\\",\\\"address\\\":\\\"Wafi residence Newwwwwww,\\\\r\\\\nDubai Healthcare City\\\",\\\"zipcode\\\":\\\"000\\\",\\\"city\\\":\\\"Oud Metha\\\",\\\"state\\\":\\\"Dubai\\\",\\\"country\\\":\\\"United Arab Emirates\\\",\\\"phone\\\":\\\"11111\\\"}\\\";s:11:\\\"order_notes\\\";s:0:\\\"\\\";s:13:\\\"shipping_type\\\";s:9:\\\"flat_rate\\\";s:13:\\\"shipping_cost\\\";d:20;s:15:\\\"delivery_status\\\";s:7:\\\"pending\\\";s:12:\\\"payment_type\\\";s:3:\\\"cod\\\";s:14:\\\"payment_status\\\";s:7:\\\"un_paid\\\";s:11:\\\"grand_total\\\";d:419;s:3:\\\"tax\\\";d:0;s:9:\\\"sub_total\\\";d:499;s:14:\\\"offer_discount\\\";d:100;s:15:\\\"coupon_discount\\\";d:0;s:4:\\\"code\\\";s:17:\\\"20250418-10044998\\\";s:4:\\\"date\\\";i:1744956289;s:10:\\\"updated_at\\\";s:19:\\\"2025-04-18 10:04:49\\\";s:10:\\\"created_at\\\";s:19:\\\"2025-04-18 10:04:49\\\";s:2:\\\"id\\\";i:26;s:11:\\\"coupon_code\\\";N;}s:10:\\\"\\u0000*\\u0000changes\\\";a:6:{s:13:\\\"shipping_type\\\";s:9:\\\"flat_rate\\\";s:13:\\\"shipping_cost\\\";d:20;s:11:\\\"grand_total\\\";d:419;s:9:\\\"sub_total\\\";d:499;s:14:\\\"offer_discount\\\";d:100;s:11:\\\"coupon_code\\\";N;}s:8:\\\"\\u0000*\\u0000casts\\\";a:0:{}s:17:\\\"\\u0000*\\u0000classCastCache\\\";a:0:{}s:21:\\\"\\u0000*\\u0000attributeCastCache\\\";a:0:{}s:13:\\\"\\u0000*\\u0000dateFormat\\\";N;s:10:\\\"\\u0000*\\u0000appends\\\";a:0:{}s:19:\\\"\\u0000*\\u0000dispatchesEvents\\\";a:0:{}s:14:\\\"\\u0000*\\u0000observables\\\";a:0:{}s:12:\\\"\\u0000*\\u0000relations\\\";a:1:{s:4:\\\"user\\\";O:15:\\\"App\\\\Models\\\\User\\\":32:{s:13:\\\"\\u0000*\\u0000connection\\\";s:5:\\\"mysql\\\";s:8:\\\"\\u0000*\\u0000table\\\";s:5:\\\"users\\\";s:13:\\\"\\u0000*\\u0000primaryKey\\\";s:2:\\\"id\\\";s:10:\\\"\\u0000*\\u0000keyType\\\";s:3:\\\"int\\\";s:12:\\\"incrementing\\\";b:1;s:7:\\\"\\u0000*\\u0000with\\\";a:0:{}s:12:\\\"\\u0000*\\u0000withCount\\\";a:0:{}s:19:\\\"preventsLazyLoading\\\";b:0;s:10:\\\"\\u0000*\\u0000perPage\\\";i:15;s:6:\\\"exists\\\";b:1;s:18:\\\"wasRecentlyCreated\\\";b:0;s:28:\\\"\\u0000*\\u0000escapeWhenCastingToString\\\";b:0;s:13:\\\"\\u0000*\\u0000attributes\\\";a:20:{s:2:\\\"id\\\";i:68;s:9:\\\"user_type\\\";s:8:\\\"customer\\\";s:4:\\\"name\\\";s:15:\\\"Nythika Renjith\\\";s:5:\\\"email\\\";s:23:\\\"jisha.tomsher@gmail.com\\\";s:5:\\\"phone\\\";s:12:\\\"971568650838\\\";s:6:\\\"banned\\\";i:0;s:8:\\\"password\\\";s:60:\\\"$2y$12$TJLFV0ymMSd4PLNrKM1WHe1UtBcCYbj9KVARdiuas2KlwgsPv6GIy\\\";s:14:\\\"remember_token\\\";s:60:\\\"NDCGvEimz6Qm42Xbo0f7RxtBgpdzbGTXHSijuAYkcQnkK4m6KkYPwcKpeTqK\\\";s:3:\\\"otp\\\";N;s:10:\\\"otp_expiry\\\";N;s:17:\\\"is_phone_verified\\\";i:0;s:17:\\\"email_verified_at\\\";N;s:17:\\\"verification_code\\\";N;s:6:\\\"status\\\";i:0;s:12:\\\"device_token\\\";N;s:6:\\\"avatar\\\";N;s:10:\\\"created_by\\\";N;s:10:\\\"updated_by\\\";N;s:10:\\\"created_at\\\";s:19:\\\"2025-03-22 05:36:38\\\";s:10:\\\"updated_at\\\";s:19:\\\"2025-04-17 16:59:32\\\";}s:11:\\\"\\u0000*\\u0000original\\\";a:20:{s:2:\\\"id\\\";i:68;s:9:\\\"user_type\\\";s:8:\\\"customer\\\";s:4:\\\"name\\\";s:15:\\\"Nythika Renjith\\\";s:5:\\\"email\\\";s:23:\\\"jisha.tomsher@gmail.com\\\";s:5:\\\"phone\\\";s:12:\\\"971568650838\\\";s:6:\\\"banned\\\";i:0;s:8:\\\"password\\\";s:60:\\\"$2y$12$TJLFV0ymMSd4PLNrKM1WHe1UtBcCYbj9KVARdiuas2KlwgsPv6GIy\\\";s:14:\\\"remember_token\\\";s:60:\\\"NDCGvEimz6Qm42Xbo0f7RxtBgpdzbGTXHSijuAYkcQnkK4m6KkYPwcKpeTqK\\\";s:3:\\\"otp\\\";N;s:10:\\\"otp_expiry\\\";N;s:17:\\\"is_phone_verified\\\";i:0;s:17:\\\"email_verified_at\\\";N;s:17:\\\"verification_code\\\";N;s:6:\\\"status\\\";i:0;s:12:\\\"device_token\\\";N;s:6:\\\"avatar\\\";N;s:10:\\\"created_by\\\";N;s:10:\\\"updated_by\\\";N;s:10:\\\"created_at\\\";s:19:\\\"2025-03-22 05:36:38\\\";s:10:\\\"updated_at\\\";s:19:\\\"2025-04-17 16:59:32\\\";}s:10:\\\"\\u0000*\\u0000changes\\\";a:0:{}s:8:\\\"\\u0000*\\u0000casts\\\";a:2:{s:17:\\\"email_verified_at\\\";s:8:\\\"datetime\\\";s:8:\\\"password\\\";s:6:\\\"hashed\\\";}s:17:\\\"\\u0000*\\u0000classCastCache\\\";a:0:{}s:21:\\\"\\u0000*\\u0000attributeCastCache\\\";a:0:{}s:13:\\\"\\u0000*\\u0000dateFormat\\\";N;s:10:\\\"\\u0000*\\u0000appends\\\";a:0:{}s:19:\\\"\\u0000*\\u0000dispatchesEvents\\\";a:0:{}s:14:\\\"\\u0000*\\u0000observables\\\";a:0:{}s:12:\\\"\\u0000*\\u0000relations\\\";a:0:{}s:10:\\\"\\u0000*\\u0000touches\\\";a:0:{}s:10:\\\"timestamps\\\";b:1;s:13:\\\"usesUniqueIds\\\";b:0;s:9:\\\"\\u0000*\\u0000hidden\\\";a:2:{i:0;s:8:\\\"password\\\";i:1;s:14:\\\"remember_token\\\";}s:10:\\\"\\u0000*\\u0000visible\\\";a:0:{}s:11:\\\"\\u0000*\\u0000fillable\\\";a:4:{i:0;s:4:\\\"name\\\";i:1;s:5:\\\"email\\\";i:2;s:5:\\\"phone\\\";i:3;s:8:\\\"password\\\";}s:10:\\\"\\u0000*\\u0000guarded\\\";a:1:{i:0;s:1:\\\"*\\\";}s:20:\\\"\\u0000*\\u0000rememberTokenName\\\";s:14:\\\"remember_token\\\";s:14:\\\"\\u0000*\\u0000accessToken\\\";N;}}s:10:\\\"\\u0000*\\u0000touches\\\";a:0:{}s:10:\\\"timestamps\\\";b:1;s:13:\\\"usesUniqueIds\\\";b:0;s:9:\\\"\\u0000*\\u0000hidden\\\";a:0:{}s:10:\\\"\\u0000*\\u0000visible\\\";a:0:{}s:11:\\\"\\u0000*\\u0000fillable\\\";a:27:{i:0;s:4:\\\"code\\\";i:1;s:7:\\\"user_id\\\";i:2;s:18:\\\"estimated_delivery\\\";i:3;s:16:\\\"shipping_address\\\";i:4;s:15:\\\"billing_address\\\";i:5;s:11:\\\"order_notes\\\";i:6;s:15:\\\"delivery_status\\\";i:7;s:12:\\\"payment_type\\\";i:8;s:14:\\\"payment_status\\\";i:9;s:15:\\\"payment_details\\\";i:10;s:19:\\\"payment_tracking_id\\\";i:11;s:13:\\\"shipping_type\\\";i:12;s:13:\\\"shipping_cost\\\";i:13;s:3:\\\"tax\\\";i:14;s:11:\\\"grand_total\\\";i:15;s:9:\\\"sub_total\\\";i:16;s:15:\\\"coupon_discount\\\";i:17;s:11:\\\"coupon_code\\\";i:18;s:14:\\\"offer_discount\\\";i:19;s:13:\\\"tracking_code\\\";i:20;s:23:\\\"delivery_completed_date\\\";i:21;s:4:\\\"date\\\";i:22;s:14:\\\"cancel_request\\\";i:23;s:19:\\\"cancel_request_date\\\";i:24;s:15:\\\"cancel_approval\\\";i:25;s:20:\\\"cancel_approval_date\\\";i:26;s:13:\\\"cancel_reason\\\";}s:10:\\\"\\u0000*\\u0000guarded\\\";a:1:{i:0;s:1:\\\"*\\\";}}}s:2:\\\"to\\\";a:1:{i:0;a:2:{s:4:\\\"name\\\";N;s:7:\\\"address\\\";s:23:\\\"jisha.tomsher@gmail.com\\\";}}s:6:\\\"mailer\\\";s:4:\\\"smtp\\\";}s:5:\\\"tries\\\";N;s:7:\\\"timeout\\\";N;s:13:\\\"maxExceptions\\\";N;s:17:\\\"shouldBeEncrypted\\\";b:0;s:10:\\\"connection\\\";N;s:5:\\\"queue\\\";N;s:15:\\\"chainConnection\\\";N;s:10:\\\"chainQueue\\\";N;s:19:\\\"chainCatchCallbacks\\\";N;s:5:\\\"delay\\\";N;s:11:\\\"afterCommit\\\";N;s:10:\\\"middleware\\\";a:0:{}s:7:\\\"chained\\\";a:0:{}s:3:\\\"job\\\";N;}\"}}',0,NULL,1744956289,1744956289),(52,'default','{\"uuid\":\"26512903-14c3-4bf4-b3f0-3d027bc97774\",\"displayName\":\"App\\\\Mail\\\\InvoiceEmailManager\",\"job\":\"Illuminate\\\\Queue\\\\CallQueuedHandler@call\",\"maxTries\":null,\"maxExceptions\":null,\"failOnTimeout\":false,\"backoff\":null,\"timeout\":null,\"retryUntil\":null,\"data\":{\"commandName\":\"Illuminate\\\\Mail\\\\SendQueuedMailable\",\"command\":\"O:34:\\\"Illuminate\\\\Mail\\\\SendQueuedMailable\\\":15:{s:8:\\\"mailable\\\";O:28:\\\"App\\\\Mail\\\\InvoiceEmailManager\\\":3:{s:5:\\\"array\\\";a:4:{s:4:\\\"view\\\";s:14:\\\"emails.invoice\\\";s:7:\\\"subject\\\";s:44:\\\"Thank you for your order - 20250418-10051210\\\";s:4:\\\"from\\\";s:23:\\\"jisha.tomsher@gmail.com\\\";s:5:\\\"order\\\";O:16:\\\"App\\\\Models\\\\Order\\\":30:{s:13:\\\"\\u0000*\\u0000connection\\\";s:5:\\\"mysql\\\";s:8:\\\"\\u0000*\\u0000table\\\";s:6:\\\"orders\\\";s:13:\\\"\\u0000*\\u0000primaryKey\\\";s:2:\\\"id\\\";s:10:\\\"\\u0000*\\u0000keyType\\\";s:3:\\\"int\\\";s:12:\\\"incrementing\\\";b:1;s:7:\\\"\\u0000*\\u0000with\\\";a:0:{}s:12:\\\"\\u0000*\\u0000withCount\\\";a:0:{}s:19:\\\"preventsLazyLoading\\\";b:0;s:10:\\\"\\u0000*\\u0000perPage\\\";i:15;s:6:\\\"exists\\\";b:1;s:18:\\\"wasRecentlyCreated\\\";b:1;s:28:\\\"\\u0000*\\u0000escapeWhenCastingToString\\\";b:0;s:13:\\\"\\u0000*\\u0000attributes\\\";a:20:{s:7:\\\"user_id\\\";i:68;s:16:\\\"shipping_address\\\";s:179:\\\"{\\\"name\\\":\\\"Jisha P\\\",\\\"email\\\":\\\"jisha.tomsher@gmail.com\\\",\\\"address\\\":\\\"Flat No 303, Building name\\\",\\\"zipcode\\\":\\\"0000\\\",\\\"city\\\":\\\"Dubai\\\",\\\"state\\\":\\\"Dubai\\\",\\\"country\\\":\\\"UAE\\\",\\\"phone\\\":\\\"+971568650838\\\"}\\\";s:15:\\\"billing_address\\\";s:171:\\\"{\\\"name\\\":\\\"Nythika Renjith\\\",\\\"email\\\":\\\"jisha.tomsher@gmail.com\\\",\\\"address\\\":null,\\\"zipcode\\\":null,\\\"city\\\":null,\\\"state\\\":null,\\\"country\\\":\\\"United Arab Emirates\\\",\\\"phone\\\":\\\"971568650838\\\"}\\\";s:11:\\\"order_notes\\\";s:0:\\\"\\\";s:13:\\\"shipping_type\\\";s:9:\\\"flat_rate\\\";s:13:\\\"shipping_cost\\\";d:20;s:15:\\\"delivery_status\\\";s:7:\\\"pending\\\";s:12:\\\"payment_type\\\";s:3:\\\"cod\\\";s:14:\\\"payment_status\\\";s:7:\\\"un_paid\\\";s:11:\\\"grand_total\\\";d:270;s:3:\\\"tax\\\";d:0;s:9:\\\"sub_total\\\";d:250;s:14:\\\"offer_discount\\\";d:0;s:15:\\\"coupon_discount\\\";d:0;s:4:\\\"code\\\";s:17:\\\"20250418-10051210\\\";s:4:\\\"date\\\";i:1744956312;s:10:\\\"updated_at\\\";s:19:\\\"2025-04-18 10:05:12\\\";s:10:\\\"created_at\\\";s:19:\\\"2025-04-18 10:05:12\\\";s:2:\\\"id\\\";i:27;s:11:\\\"coupon_code\\\";N;}s:11:\\\"\\u0000*\\u0000original\\\";a:20:{s:7:\\\"user_id\\\";i:68;s:16:\\\"shipping_address\\\";s:179:\\\"{\\\"name\\\":\\\"Jisha P\\\",\\\"email\\\":\\\"jisha.tomsher@gmail.com\\\",\\\"address\\\":\\\"Flat No 303, Building name\\\",\\\"zipcode\\\":\\\"0000\\\",\\\"city\\\":\\\"Dubai\\\",\\\"state\\\":\\\"Dubai\\\",\\\"country\\\":\\\"UAE\\\",\\\"phone\\\":\\\"+971568650838\\\"}\\\";s:15:\\\"billing_address\\\";s:171:\\\"{\\\"name\\\":\\\"Nythika Renjith\\\",\\\"email\\\":\\\"jisha.tomsher@gmail.com\\\",\\\"address\\\":null,\\\"zipcode\\\":null,\\\"city\\\":null,\\\"state\\\":null,\\\"country\\\":\\\"United Arab Emirates\\\",\\\"phone\\\":\\\"971568650838\\\"}\\\";s:11:\\\"order_notes\\\";s:0:\\\"\\\";s:13:\\\"shipping_type\\\";s:9:\\\"flat_rate\\\";s:13:\\\"shipping_cost\\\";d:20;s:15:\\\"delivery_status\\\";s:7:\\\"pending\\\";s:12:\\\"payment_type\\\";s:3:\\\"cod\\\";s:14:\\\"payment_status\\\";s:7:\\\"un_paid\\\";s:11:\\\"grand_total\\\";d:270;s:3:\\\"tax\\\";d:0;s:9:\\\"sub_total\\\";d:250;s:14:\\\"offer_discount\\\";d:0;s:15:\\\"coupon_discount\\\";d:0;s:4:\\\"code\\\";s:17:\\\"20250418-10051210\\\";s:4:\\\"date\\\";i:1744956312;s:10:\\\"updated_at\\\";s:19:\\\"2025-04-18 10:05:12\\\";s:10:\\\"created_at\\\";s:19:\\\"2025-04-18 10:05:12\\\";s:2:\\\"id\\\";i:27;s:11:\\\"coupon_code\\\";N;}s:10:\\\"\\u0000*\\u0000changes\\\";a:5:{s:13:\\\"shipping_type\\\";s:9:\\\"flat_rate\\\";s:13:\\\"shipping_cost\\\";d:20;s:11:\\\"grand_total\\\";d:270;s:9:\\\"sub_total\\\";d:250;s:11:\\\"coupon_code\\\";N;}s:8:\\\"\\u0000*\\u0000casts\\\";a:0:{}s:17:\\\"\\u0000*\\u0000classCastCache\\\";a:0:{}s:21:\\\"\\u0000*\\u0000attributeCastCache\\\";a:0:{}s:13:\\\"\\u0000*\\u0000dateFormat\\\";N;s:10:\\\"\\u0000*\\u0000appends\\\";a:0:{}s:19:\\\"\\u0000*\\u0000dispatchesEvents\\\";a:0:{}s:14:\\\"\\u0000*\\u0000observables\\\";a:0:{}s:12:\\\"\\u0000*\\u0000relations\\\";a:1:{s:4:\\\"user\\\";O:15:\\\"App\\\\Models\\\\User\\\":32:{s:13:\\\"\\u0000*\\u0000connection\\\";s:5:\\\"mysql\\\";s:8:\\\"\\u0000*\\u0000table\\\";s:5:\\\"users\\\";s:13:\\\"\\u0000*\\u0000primaryKey\\\";s:2:\\\"id\\\";s:10:\\\"\\u0000*\\u0000keyType\\\";s:3:\\\"int\\\";s:12:\\\"incrementing\\\";b:1;s:7:\\\"\\u0000*\\u0000with\\\";a:0:{}s:12:\\\"\\u0000*\\u0000withCount\\\";a:0:{}s:19:\\\"preventsLazyLoading\\\";b:0;s:10:\\\"\\u0000*\\u0000perPage\\\";i:15;s:6:\\\"exists\\\";b:1;s:18:\\\"wasRecentlyCreated\\\";b:0;s:28:\\\"\\u0000*\\u0000escapeWhenCastingToString\\\";b:0;s:13:\\\"\\u0000*\\u0000attributes\\\";a:20:{s:2:\\\"id\\\";i:68;s:9:\\\"user_type\\\";s:8:\\\"customer\\\";s:4:\\\"name\\\";s:15:\\\"Nythika Renjith\\\";s:5:\\\"email\\\";s:23:\\\"jisha.tomsher@gmail.com\\\";s:5:\\\"phone\\\";s:12:\\\"971568650838\\\";s:6:\\\"banned\\\";i:0;s:8:\\\"password\\\";s:60:\\\"$2y$12$TJLFV0ymMSd4PLNrKM1WHe1UtBcCYbj9KVARdiuas2KlwgsPv6GIy\\\";s:14:\\\"remember_token\\\";s:60:\\\"NDCGvEimz6Qm42Xbo0f7RxtBgpdzbGTXHSijuAYkcQnkK4m6KkYPwcKpeTqK\\\";s:3:\\\"otp\\\";N;s:10:\\\"otp_expiry\\\";N;s:17:\\\"is_phone_verified\\\";i:0;s:17:\\\"email_verified_at\\\";N;s:17:\\\"verification_code\\\";N;s:6:\\\"status\\\";i:0;s:12:\\\"device_token\\\";N;s:6:\\\"avatar\\\";N;s:10:\\\"created_by\\\";N;s:10:\\\"updated_by\\\";N;s:10:\\\"created_at\\\";s:19:\\\"2025-03-22 05:36:38\\\";s:10:\\\"updated_at\\\";s:19:\\\"2025-04-17 16:59:32\\\";}s:11:\\\"\\u0000*\\u0000original\\\";a:20:{s:2:\\\"id\\\";i:68;s:9:\\\"user_type\\\";s:8:\\\"customer\\\";s:4:\\\"name\\\";s:15:\\\"Nythika Renjith\\\";s:5:\\\"email\\\";s:23:\\\"jisha.tomsher@gmail.com\\\";s:5:\\\"phone\\\";s:12:\\\"971568650838\\\";s:6:\\\"banned\\\";i:0;s:8:\\\"password\\\";s:60:\\\"$2y$12$TJLFV0ymMSd4PLNrKM1WHe1UtBcCYbj9KVARdiuas2KlwgsPv6GIy\\\";s:14:\\\"remember_token\\\";s:60:\\\"NDCGvEimz6Qm42Xbo0f7RxtBgpdzbGTXHSijuAYkcQnkK4m6KkYPwcKpeTqK\\\";s:3:\\\"otp\\\";N;s:10:\\\"otp_expiry\\\";N;s:17:\\\"is_phone_verified\\\";i:0;s:17:\\\"email_verified_at\\\";N;s:17:\\\"verification_code\\\";N;s:6:\\\"status\\\";i:0;s:12:\\\"device_token\\\";N;s:6:\\\"avatar\\\";N;s:10:\\\"created_by\\\";N;s:10:\\\"updated_by\\\";N;s:10:\\\"created_at\\\";s:19:\\\"2025-03-22 05:36:38\\\";s:10:\\\"updated_at\\\";s:19:\\\"2025-04-17 16:59:32\\\";}s:10:\\\"\\u0000*\\u0000changes\\\";a:0:{}s:8:\\\"\\u0000*\\u0000casts\\\";a:2:{s:17:\\\"email_verified_at\\\";s:8:\\\"datetime\\\";s:8:\\\"password\\\";s:6:\\\"hashed\\\";}s:17:\\\"\\u0000*\\u0000classCastCache\\\";a:0:{}s:21:\\\"\\u0000*\\u0000attributeCastCache\\\";a:0:{}s:13:\\\"\\u0000*\\u0000dateFormat\\\";N;s:10:\\\"\\u0000*\\u0000appends\\\";a:0:{}s:19:\\\"\\u0000*\\u0000dispatchesEvents\\\";a:0:{}s:14:\\\"\\u0000*\\u0000observables\\\";a:0:{}s:12:\\\"\\u0000*\\u0000relations\\\";a:0:{}s:10:\\\"\\u0000*\\u0000touches\\\";a:0:{}s:10:\\\"timestamps\\\";b:1;s:13:\\\"usesUniqueIds\\\";b:0;s:9:\\\"\\u0000*\\u0000hidden\\\";a:2:{i:0;s:8:\\\"password\\\";i:1;s:14:\\\"remember_token\\\";}s:10:\\\"\\u0000*\\u0000visible\\\";a:0:{}s:11:\\\"\\u0000*\\u0000fillable\\\";a:4:{i:0;s:4:\\\"name\\\";i:1;s:5:\\\"email\\\";i:2;s:5:\\\"phone\\\";i:3;s:8:\\\"password\\\";}s:10:\\\"\\u0000*\\u0000guarded\\\";a:1:{i:0;s:1:\\\"*\\\";}s:20:\\\"\\u0000*\\u0000rememberTokenName\\\";s:14:\\\"remember_token\\\";s:14:\\\"\\u0000*\\u0000accessToken\\\";N;}}s:10:\\\"\\u0000*\\u0000touches\\\";a:0:{}s:10:\\\"timestamps\\\";b:1;s:13:\\\"usesUniqueIds\\\";b:0;s:9:\\\"\\u0000*\\u0000hidden\\\";a:0:{}s:10:\\\"\\u0000*\\u0000visible\\\";a:0:{}s:11:\\\"\\u0000*\\u0000fillable\\\";a:27:{i:0;s:4:\\\"code\\\";i:1;s:7:\\\"user_id\\\";i:2;s:18:\\\"estimated_delivery\\\";i:3;s:16:\\\"shipping_address\\\";i:4;s:15:\\\"billing_address\\\";i:5;s:11:\\\"order_notes\\\";i:6;s:15:\\\"delivery_status\\\";i:7;s:12:\\\"payment_type\\\";i:8;s:14:\\\"payment_status\\\";i:9;s:15:\\\"payment_details\\\";i:10;s:19:\\\"payment_tracking_id\\\";i:11;s:13:\\\"shipping_type\\\";i:12;s:13:\\\"shipping_cost\\\";i:13;s:3:\\\"tax\\\";i:14;s:11:\\\"grand_total\\\";i:15;s:9:\\\"sub_total\\\";i:16;s:15:\\\"coupon_discount\\\";i:17;s:11:\\\"coupon_code\\\";i:18;s:14:\\\"offer_discount\\\";i:19;s:13:\\\"tracking_code\\\";i:20;s:23:\\\"delivery_completed_date\\\";i:21;s:4:\\\"date\\\";i:22;s:14:\\\"cancel_request\\\";i:23;s:19:\\\"cancel_request_date\\\";i:24;s:15:\\\"cancel_approval\\\";i:25;s:20:\\\"cancel_approval_date\\\";i:26;s:13:\\\"cancel_reason\\\";}s:10:\\\"\\u0000*\\u0000guarded\\\";a:1:{i:0;s:1:\\\"*\\\";}}}s:2:\\\"to\\\";a:1:{i:0;a:2:{s:4:\\\"name\\\";N;s:7:\\\"address\\\";s:23:\\\"jisha.tomsher@gmail.com\\\";}}s:6:\\\"mailer\\\";s:4:\\\"smtp\\\";}s:5:\\\"tries\\\";N;s:7:\\\"timeout\\\";N;s:13:\\\"maxExceptions\\\";N;s:17:\\\"shouldBeEncrypted\\\";b:0;s:10:\\\"connection\\\";N;s:5:\\\"queue\\\";N;s:15:\\\"chainConnection\\\";N;s:10:\\\"chainQueue\\\";N;s:19:\\\"chainCatchCallbacks\\\";N;s:5:\\\"delay\\\";N;s:11:\\\"afterCommit\\\";N;s:10:\\\"middleware\\\";a:0:{}s:7:\\\"chained\\\";a:0:{}s:3:\\\"job\\\";N;}\"}}',0,NULL,1744956312,1744956312),(53,'default','{\"uuid\":\"8ea8a024-c492-4e93-a3d5-4d6f27205131\",\"displayName\":\"App\\\\Mail\\\\InvoiceEmailManager\",\"job\":\"Illuminate\\\\Queue\\\\CallQueuedHandler@call\",\"maxTries\":null,\"maxExceptions\":null,\"failOnTimeout\":false,\"backoff\":null,\"timeout\":null,\"retryUntil\":null,\"data\":{\"commandName\":\"Illuminate\\\\Mail\\\\SendQueuedMailable\",\"command\":\"O:34:\\\"Illuminate\\\\Mail\\\\SendQueuedMailable\\\":15:{s:8:\\\"mailable\\\";O:28:\\\"App\\\\Mail\\\\InvoiceEmailManager\\\":3:{s:5:\\\"array\\\";a:4:{s:4:\\\"view\\\";s:14:\\\"emails.invoice\\\";s:7:\\\"subject\\\";s:47:\\\"A new order has been placed - 20250418-10051210\\\";s:4:\\\"from\\\";s:23:\\\"jisha.tomsher@gmail.com\\\";s:5:\\\"order\\\";O:16:\\\"App\\\\Models\\\\Order\\\":30:{s:13:\\\"\\u0000*\\u0000connection\\\";s:5:\\\"mysql\\\";s:8:\\\"\\u0000*\\u0000table\\\";s:6:\\\"orders\\\";s:13:\\\"\\u0000*\\u0000primaryKey\\\";s:2:\\\"id\\\";s:10:\\\"\\u0000*\\u0000keyType\\\";s:3:\\\"int\\\";s:12:\\\"incrementing\\\";b:1;s:7:\\\"\\u0000*\\u0000with\\\";a:0:{}s:12:\\\"\\u0000*\\u0000withCount\\\";a:0:{}s:19:\\\"preventsLazyLoading\\\";b:0;s:10:\\\"\\u0000*\\u0000perPage\\\";i:15;s:6:\\\"exists\\\";b:1;s:18:\\\"wasRecentlyCreated\\\";b:1;s:28:\\\"\\u0000*\\u0000escapeWhenCastingToString\\\";b:0;s:13:\\\"\\u0000*\\u0000attributes\\\";a:20:{s:7:\\\"user_id\\\";i:68;s:16:\\\"shipping_address\\\";s:179:\\\"{\\\"name\\\":\\\"Jisha P\\\",\\\"email\\\":\\\"jisha.tomsher@gmail.com\\\",\\\"address\\\":\\\"Flat No 303, Building name\\\",\\\"zipcode\\\":\\\"0000\\\",\\\"city\\\":\\\"Dubai\\\",\\\"state\\\":\\\"Dubai\\\",\\\"country\\\":\\\"UAE\\\",\\\"phone\\\":\\\"+971568650838\\\"}\\\";s:15:\\\"billing_address\\\";s:171:\\\"{\\\"name\\\":\\\"Nythika Renjith\\\",\\\"email\\\":\\\"jisha.tomsher@gmail.com\\\",\\\"address\\\":null,\\\"zipcode\\\":null,\\\"city\\\":null,\\\"state\\\":null,\\\"country\\\":\\\"United Arab Emirates\\\",\\\"phone\\\":\\\"971568650838\\\"}\\\";s:11:\\\"order_notes\\\";s:0:\\\"\\\";s:13:\\\"shipping_type\\\";s:9:\\\"flat_rate\\\";s:13:\\\"shipping_cost\\\";d:20;s:15:\\\"delivery_status\\\";s:7:\\\"pending\\\";s:12:\\\"payment_type\\\";s:3:\\\"cod\\\";s:14:\\\"payment_status\\\";s:7:\\\"un_paid\\\";s:11:\\\"grand_total\\\";d:270;s:3:\\\"tax\\\";d:0;s:9:\\\"sub_total\\\";d:250;s:14:\\\"offer_discount\\\";d:0;s:15:\\\"coupon_discount\\\";d:0;s:4:\\\"code\\\";s:17:\\\"20250418-10051210\\\";s:4:\\\"date\\\";i:1744956312;s:10:\\\"updated_at\\\";s:19:\\\"2025-04-18 10:05:12\\\";s:10:\\\"created_at\\\";s:19:\\\"2025-04-18 10:05:12\\\";s:2:\\\"id\\\";i:27;s:11:\\\"coupon_code\\\";N;}s:11:\\\"\\u0000*\\u0000original\\\";a:20:{s:7:\\\"user_id\\\";i:68;s:16:\\\"shipping_address\\\";s:179:\\\"{\\\"name\\\":\\\"Jisha P\\\",\\\"email\\\":\\\"jisha.tomsher@gmail.com\\\",\\\"address\\\":\\\"Flat No 303, Building name\\\",\\\"zipcode\\\":\\\"0000\\\",\\\"city\\\":\\\"Dubai\\\",\\\"state\\\":\\\"Dubai\\\",\\\"country\\\":\\\"UAE\\\",\\\"phone\\\":\\\"+971568650838\\\"}\\\";s:15:\\\"billing_address\\\";s:171:\\\"{\\\"name\\\":\\\"Nythika Renjith\\\",\\\"email\\\":\\\"jisha.tomsher@gmail.com\\\",\\\"address\\\":null,\\\"zipcode\\\":null,\\\"city\\\":null,\\\"state\\\":null,\\\"country\\\":\\\"United Arab Emirates\\\",\\\"phone\\\":\\\"971568650838\\\"}\\\";s:11:\\\"order_notes\\\";s:0:\\\"\\\";s:13:\\\"shipping_type\\\";s:9:\\\"flat_rate\\\";s:13:\\\"shipping_cost\\\";d:20;s:15:\\\"delivery_status\\\";s:7:\\\"pending\\\";s:12:\\\"payment_type\\\";s:3:\\\"cod\\\";s:14:\\\"payment_status\\\";s:7:\\\"un_paid\\\";s:11:\\\"grand_total\\\";d:270;s:3:\\\"tax\\\";d:0;s:9:\\\"sub_total\\\";d:250;s:14:\\\"offer_discount\\\";d:0;s:15:\\\"coupon_discount\\\";d:0;s:4:\\\"code\\\";s:17:\\\"20250418-10051210\\\";s:4:\\\"date\\\";i:1744956312;s:10:\\\"updated_at\\\";s:19:\\\"2025-04-18 10:05:12\\\";s:10:\\\"created_at\\\";s:19:\\\"2025-04-18 10:05:12\\\";s:2:\\\"id\\\";i:27;s:11:\\\"coupon_code\\\";N;}s:10:\\\"\\u0000*\\u0000changes\\\";a:5:{s:13:\\\"shipping_type\\\";s:9:\\\"flat_rate\\\";s:13:\\\"shipping_cost\\\";d:20;s:11:\\\"grand_total\\\";d:270;s:9:\\\"sub_total\\\";d:250;s:11:\\\"coupon_code\\\";N;}s:8:\\\"\\u0000*\\u0000casts\\\";a:0:{}s:17:\\\"\\u0000*\\u0000classCastCache\\\";a:0:{}s:21:\\\"\\u0000*\\u0000attributeCastCache\\\";a:0:{}s:13:\\\"\\u0000*\\u0000dateFormat\\\";N;s:10:\\\"\\u0000*\\u0000appends\\\";a:0:{}s:19:\\\"\\u0000*\\u0000dispatchesEvents\\\";a:0:{}s:14:\\\"\\u0000*\\u0000observables\\\";a:0:{}s:12:\\\"\\u0000*\\u0000relations\\\";a:1:{s:4:\\\"user\\\";O:15:\\\"App\\\\Models\\\\User\\\":32:{s:13:\\\"\\u0000*\\u0000connection\\\";s:5:\\\"mysql\\\";s:8:\\\"\\u0000*\\u0000table\\\";s:5:\\\"users\\\";s:13:\\\"\\u0000*\\u0000primaryKey\\\";s:2:\\\"id\\\";s:10:\\\"\\u0000*\\u0000keyType\\\";s:3:\\\"int\\\";s:12:\\\"incrementing\\\";b:1;s:7:\\\"\\u0000*\\u0000with\\\";a:0:{}s:12:\\\"\\u0000*\\u0000withCount\\\";a:0:{}s:19:\\\"preventsLazyLoading\\\";b:0;s:10:\\\"\\u0000*\\u0000perPage\\\";i:15;s:6:\\\"exists\\\";b:1;s:18:\\\"wasRecentlyCreated\\\";b:0;s:28:\\\"\\u0000*\\u0000escapeWhenCastingToString\\\";b:0;s:13:\\\"\\u0000*\\u0000attributes\\\";a:20:{s:2:\\\"id\\\";i:68;s:9:\\\"user_type\\\";s:8:\\\"customer\\\";s:4:\\\"name\\\";s:15:\\\"Nythika Renjith\\\";s:5:\\\"email\\\";s:23:\\\"jisha.tomsher@gmail.com\\\";s:5:\\\"phone\\\";s:12:\\\"971568650838\\\";s:6:\\\"banned\\\";i:0;s:8:\\\"password\\\";s:60:\\\"$2y$12$TJLFV0ymMSd4PLNrKM1WHe1UtBcCYbj9KVARdiuas2KlwgsPv6GIy\\\";s:14:\\\"remember_token\\\";s:60:\\\"NDCGvEimz6Qm42Xbo0f7RxtBgpdzbGTXHSijuAYkcQnkK4m6KkYPwcKpeTqK\\\";s:3:\\\"otp\\\";N;s:10:\\\"otp_expiry\\\";N;s:17:\\\"is_phone_verified\\\";i:0;s:17:\\\"email_verified_at\\\";N;s:17:\\\"verification_code\\\";N;s:6:\\\"status\\\";i:0;s:12:\\\"device_token\\\";N;s:6:\\\"avatar\\\";N;s:10:\\\"created_by\\\";N;s:10:\\\"updated_by\\\";N;s:10:\\\"created_at\\\";s:19:\\\"2025-03-22 05:36:38\\\";s:10:\\\"updated_at\\\";s:19:\\\"2025-04-17 16:59:32\\\";}s:11:\\\"\\u0000*\\u0000original\\\";a:20:{s:2:\\\"id\\\";i:68;s:9:\\\"user_type\\\";s:8:\\\"customer\\\";s:4:\\\"name\\\";s:15:\\\"Nythika Renjith\\\";s:5:\\\"email\\\";s:23:\\\"jisha.tomsher@gmail.com\\\";s:5:\\\"phone\\\";s:12:\\\"971568650838\\\";s:6:\\\"banned\\\";i:0;s:8:\\\"password\\\";s:60:\\\"$2y$12$TJLFV0ymMSd4PLNrKM1WHe1UtBcCYbj9KVARdiuas2KlwgsPv6GIy\\\";s:14:\\\"remember_token\\\";s:60:\\\"NDCGvEimz6Qm42Xbo0f7RxtBgpdzbGTXHSijuAYkcQnkK4m6KkYPwcKpeTqK\\\";s:3:\\\"otp\\\";N;s:10:\\\"otp_expiry\\\";N;s:17:\\\"is_phone_verified\\\";i:0;s:17:\\\"email_verified_at\\\";N;s:17:\\\"verification_code\\\";N;s:6:\\\"status\\\";i:0;s:12:\\\"device_token\\\";N;s:6:\\\"avatar\\\";N;s:10:\\\"created_by\\\";N;s:10:\\\"updated_by\\\";N;s:10:\\\"created_at\\\";s:19:\\\"2025-03-22 05:36:38\\\";s:10:\\\"updated_at\\\";s:19:\\\"2025-04-17 16:59:32\\\";}s:10:\\\"\\u0000*\\u0000changes\\\";a:0:{}s:8:\\\"\\u0000*\\u0000casts\\\";a:2:{s:17:\\\"email_verified_at\\\";s:8:\\\"datetime\\\";s:8:\\\"password\\\";s:6:\\\"hashed\\\";}s:17:\\\"\\u0000*\\u0000classCastCache\\\";a:0:{}s:21:\\\"\\u0000*\\u0000attributeCastCache\\\";a:0:{}s:13:\\\"\\u0000*\\u0000dateFormat\\\";N;s:10:\\\"\\u0000*\\u0000appends\\\";a:0:{}s:19:\\\"\\u0000*\\u0000dispatchesEvents\\\";a:0:{}s:14:\\\"\\u0000*\\u0000observables\\\";a:0:{}s:12:\\\"\\u0000*\\u0000relations\\\";a:0:{}s:10:\\\"\\u0000*\\u0000touches\\\";a:0:{}s:10:\\\"timestamps\\\";b:1;s:13:\\\"usesUniqueIds\\\";b:0;s:9:\\\"\\u0000*\\u0000hidden\\\";a:2:{i:0;s:8:\\\"password\\\";i:1;s:14:\\\"remember_token\\\";}s:10:\\\"\\u0000*\\u0000visible\\\";a:0:{}s:11:\\\"\\u0000*\\u0000fillable\\\";a:4:{i:0;s:4:\\\"name\\\";i:1;s:5:\\\"email\\\";i:2;s:5:\\\"phone\\\";i:3;s:8:\\\"password\\\";}s:10:\\\"\\u0000*\\u0000guarded\\\";a:1:{i:0;s:1:\\\"*\\\";}s:20:\\\"\\u0000*\\u0000rememberTokenName\\\";s:14:\\\"remember_token\\\";s:14:\\\"\\u0000*\\u0000accessToken\\\";N;}}s:10:\\\"\\u0000*\\u0000touches\\\";a:0:{}s:10:\\\"timestamps\\\";b:1;s:13:\\\"usesUniqueIds\\\";b:0;s:9:\\\"\\u0000*\\u0000hidden\\\";a:0:{}s:10:\\\"\\u0000*\\u0000visible\\\";a:0:{}s:11:\\\"\\u0000*\\u0000fillable\\\";a:27:{i:0;s:4:\\\"code\\\";i:1;s:7:\\\"user_id\\\";i:2;s:18:\\\"estimated_delivery\\\";i:3;s:16:\\\"shipping_address\\\";i:4;s:15:\\\"billing_address\\\";i:5;s:11:\\\"order_notes\\\";i:6;s:15:\\\"delivery_status\\\";i:7;s:12:\\\"payment_type\\\";i:8;s:14:\\\"payment_status\\\";i:9;s:15:\\\"payment_details\\\";i:10;s:19:\\\"payment_tracking_id\\\";i:11;s:13:\\\"shipping_type\\\";i:12;s:13:\\\"shipping_cost\\\";i:13;s:3:\\\"tax\\\";i:14;s:11:\\\"grand_total\\\";i:15;s:9:\\\"sub_total\\\";i:16;s:15:\\\"coupon_discount\\\";i:17;s:11:\\\"coupon_code\\\";i:18;s:14:\\\"offer_discount\\\";i:19;s:13:\\\"tracking_code\\\";i:20;s:23:\\\"delivery_completed_date\\\";i:21;s:4:\\\"date\\\";i:22;s:14:\\\"cancel_request\\\";i:23;s:19:\\\"cancel_request_date\\\";i:24;s:15:\\\"cancel_approval\\\";i:25;s:20:\\\"cancel_approval_date\\\";i:26;s:13:\\\"cancel_reason\\\";}s:10:\\\"\\u0000*\\u0000guarded\\\";a:1:{i:0;s:1:\\\"*\\\";}}}s:2:\\\"to\\\";a:1:{i:0;a:2:{s:4:\\\"name\\\";N;s:7:\\\"address\\\";s:23:\\\"jisha.tomsher@gmail.com\\\";}}s:6:\\\"mailer\\\";s:4:\\\"smtp\\\";}s:5:\\\"tries\\\";N;s:7:\\\"timeout\\\";N;s:13:\\\"maxExceptions\\\";N;s:17:\\\"shouldBeEncrypted\\\";b:0;s:10:\\\"connection\\\";N;s:5:\\\"queue\\\";N;s:15:\\\"chainConnection\\\";N;s:10:\\\"chainQueue\\\";N;s:19:\\\"chainCatchCallbacks\\\";N;s:5:\\\"delay\\\";N;s:11:\\\"afterCommit\\\";N;s:10:\\\"middleware\\\";a:0:{}s:7:\\\"chained\\\";a:0:{}s:3:\\\"job\\\";N;}\"}}',0,NULL,1744956312,1744956312),(54,'default','{\"uuid\":\"8482ed1f-28cb-4658-9215-cfdbbce43b56\",\"displayName\":\"App\\\\Mail\\\\InvoiceEmailManager\",\"job\":\"Illuminate\\\\Queue\\\\CallQueuedHandler@call\",\"maxTries\":null,\"maxExceptions\":null,\"failOnTimeout\":false,\"backoff\":null,\"timeout\":null,\"retryUntil\":null,\"data\":{\"commandName\":\"Illuminate\\\\Mail\\\\SendQueuedMailable\",\"command\":\"O:34:\\\"Illuminate\\\\Mail\\\\SendQueuedMailable\\\":15:{s:8:\\\"mailable\\\";O:28:\\\"App\\\\Mail\\\\InvoiceEmailManager\\\":3:{s:5:\\\"array\\\";a:4:{s:4:\\\"view\\\";s:14:\\\"emails.invoice\\\";s:7:\\\"subject\\\";s:44:\\\"Thank you for your order - 20250418-10054134\\\";s:4:\\\"from\\\";s:23:\\\"jisha.tomsher@gmail.com\\\";s:5:\\\"order\\\";O:16:\\\"App\\\\Models\\\\Order\\\":30:{s:13:\\\"\\u0000*\\u0000connection\\\";s:5:\\\"mysql\\\";s:8:\\\"\\u0000*\\u0000table\\\";s:6:\\\"orders\\\";s:13:\\\"\\u0000*\\u0000primaryKey\\\";s:2:\\\"id\\\";s:10:\\\"\\u0000*\\u0000keyType\\\";s:3:\\\"int\\\";s:12:\\\"incrementing\\\";b:1;s:7:\\\"\\u0000*\\u0000with\\\";a:0:{}s:12:\\\"\\u0000*\\u0000withCount\\\";a:0:{}s:19:\\\"preventsLazyLoading\\\";b:0;s:10:\\\"\\u0000*\\u0000perPage\\\";i:15;s:6:\\\"exists\\\";b:1;s:18:\\\"wasRecentlyCreated\\\";b:1;s:28:\\\"\\u0000*\\u0000escapeWhenCastingToString\\\";b:0;s:13:\\\"\\u0000*\\u0000attributes\\\";a:20:{s:7:\\\"user_id\\\";i:68;s:16:\\\"shipping_address\\\";s:214:\\\"{\\\"name\\\":\\\"Jisha P\\\",\\\"email\\\":\\\"jisha.tomsher@gmail.com\\\",\\\"address\\\":\\\"Flat number 606, 184th floor, Burj khalifa\\\",\\\"zipcode\\\":null,\\\"city\\\":\\\"Burj Park\\\",\\\"state\\\":\\\"Dubai\\\",\\\"country\\\":\\\"United Arab Emirates\\\",\\\"phone\\\":\\\"+971568656856\\\"}\\\";s:15:\\\"billing_address\\\";s:171:\\\"{\\\"name\\\":\\\"Nythika Renjith\\\",\\\"email\\\":\\\"jisha.tomsher@gmail.com\\\",\\\"address\\\":null,\\\"zipcode\\\":null,\\\"city\\\":null,\\\"state\\\":null,\\\"country\\\":\\\"United Arab Emirates\\\",\\\"phone\\\":\\\"971568650838\\\"}\\\";s:11:\\\"order_notes\\\";s:0:\\\"\\\";s:13:\\\"shipping_type\\\";s:9:\\\"flat_rate\\\";s:13:\\\"shipping_cost\\\";d:20;s:15:\\\"delivery_status\\\";s:7:\\\"pending\\\";s:12:\\\"payment_type\\\";s:3:\\\"cod\\\";s:14:\\\"payment_status\\\";s:7:\\\"un_paid\\\";s:11:\\\"grand_total\\\";d:270;s:3:\\\"tax\\\";d:0;s:9:\\\"sub_total\\\";d:250;s:14:\\\"offer_discount\\\";d:0;s:15:\\\"coupon_discount\\\";d:0;s:4:\\\"code\\\";s:17:\\\"20250418-10054134\\\";s:4:\\\"date\\\";i:1744956341;s:10:\\\"updated_at\\\";s:19:\\\"2025-04-18 10:05:41\\\";s:10:\\\"created_at\\\";s:19:\\\"2025-04-18 10:05:41\\\";s:2:\\\"id\\\";i:28;s:11:\\\"coupon_code\\\";N;}s:11:\\\"\\u0000*\\u0000original\\\";a:20:{s:7:\\\"user_id\\\";i:68;s:16:\\\"shipping_address\\\";s:214:\\\"{\\\"name\\\":\\\"Jisha P\\\",\\\"email\\\":\\\"jisha.tomsher@gmail.com\\\",\\\"address\\\":\\\"Flat number 606, 184th floor, Burj khalifa\\\",\\\"zipcode\\\":null,\\\"city\\\":\\\"Burj Park\\\",\\\"state\\\":\\\"Dubai\\\",\\\"country\\\":\\\"United Arab Emirates\\\",\\\"phone\\\":\\\"+971568656856\\\"}\\\";s:15:\\\"billing_address\\\";s:171:\\\"{\\\"name\\\":\\\"Nythika Renjith\\\",\\\"email\\\":\\\"jisha.tomsher@gmail.com\\\",\\\"address\\\":null,\\\"zipcode\\\":null,\\\"city\\\":null,\\\"state\\\":null,\\\"country\\\":\\\"United Arab Emirates\\\",\\\"phone\\\":\\\"971568650838\\\"}\\\";s:11:\\\"order_notes\\\";s:0:\\\"\\\";s:13:\\\"shipping_type\\\";s:9:\\\"flat_rate\\\";s:13:\\\"shipping_cost\\\";d:20;s:15:\\\"delivery_status\\\";s:7:\\\"pending\\\";s:12:\\\"payment_type\\\";s:3:\\\"cod\\\";s:14:\\\"payment_status\\\";s:7:\\\"un_paid\\\";s:11:\\\"grand_total\\\";d:270;s:3:\\\"tax\\\";d:0;s:9:\\\"sub_total\\\";d:250;s:14:\\\"offer_discount\\\";d:0;s:15:\\\"coupon_discount\\\";d:0;s:4:\\\"code\\\";s:17:\\\"20250418-10054134\\\";s:4:\\\"date\\\";i:1744956341;s:10:\\\"updated_at\\\";s:19:\\\"2025-04-18 10:05:41\\\";s:10:\\\"created_at\\\";s:19:\\\"2025-04-18 10:05:41\\\";s:2:\\\"id\\\";i:28;s:11:\\\"coupon_code\\\";N;}s:10:\\\"\\u0000*\\u0000changes\\\";a:5:{s:13:\\\"shipping_type\\\";s:9:\\\"flat_rate\\\";s:13:\\\"shipping_cost\\\";d:20;s:11:\\\"grand_total\\\";d:270;s:9:\\\"sub_total\\\";d:250;s:11:\\\"coupon_code\\\";N;}s:8:\\\"\\u0000*\\u0000casts\\\";a:0:{}s:17:\\\"\\u0000*\\u0000classCastCache\\\";a:0:{}s:21:\\\"\\u0000*\\u0000attributeCastCache\\\";a:0:{}s:13:\\\"\\u0000*\\u0000dateFormat\\\";N;s:10:\\\"\\u0000*\\u0000appends\\\";a:0:{}s:19:\\\"\\u0000*\\u0000dispatchesEvents\\\";a:0:{}s:14:\\\"\\u0000*\\u0000observables\\\";a:0:{}s:12:\\\"\\u0000*\\u0000relations\\\";a:1:{s:4:\\\"user\\\";O:15:\\\"App\\\\Models\\\\User\\\":32:{s:13:\\\"\\u0000*\\u0000connection\\\";s:5:\\\"mysql\\\";s:8:\\\"\\u0000*\\u0000table\\\";s:5:\\\"users\\\";s:13:\\\"\\u0000*\\u0000primaryKey\\\";s:2:\\\"id\\\";s:10:\\\"\\u0000*\\u0000keyType\\\";s:3:\\\"int\\\";s:12:\\\"incrementing\\\";b:1;s:7:\\\"\\u0000*\\u0000with\\\";a:0:{}s:12:\\\"\\u0000*\\u0000withCount\\\";a:0:{}s:19:\\\"preventsLazyLoading\\\";b:0;s:10:\\\"\\u0000*\\u0000perPage\\\";i:15;s:6:\\\"exists\\\";b:1;s:18:\\\"wasRecentlyCreated\\\";b:0;s:28:\\\"\\u0000*\\u0000escapeWhenCastingToString\\\";b:0;s:13:\\\"\\u0000*\\u0000attributes\\\";a:20:{s:2:\\\"id\\\";i:68;s:9:\\\"user_type\\\";s:8:\\\"customer\\\";s:4:\\\"name\\\";s:15:\\\"Nythika Renjith\\\";s:5:\\\"email\\\";s:23:\\\"jisha.tomsher@gmail.com\\\";s:5:\\\"phone\\\";s:12:\\\"971568650838\\\";s:6:\\\"banned\\\";i:0;s:8:\\\"password\\\";s:60:\\\"$2y$12$TJLFV0ymMSd4PLNrKM1WHe1UtBcCYbj9KVARdiuas2KlwgsPv6GIy\\\";s:14:\\\"remember_token\\\";s:60:\\\"NDCGvEimz6Qm42Xbo0f7RxtBgpdzbGTXHSijuAYkcQnkK4m6KkYPwcKpeTqK\\\";s:3:\\\"otp\\\";N;s:10:\\\"otp_expiry\\\";N;s:17:\\\"is_phone_verified\\\";i:0;s:17:\\\"email_verified_at\\\";N;s:17:\\\"verification_code\\\";N;s:6:\\\"status\\\";i:0;s:12:\\\"device_token\\\";N;s:6:\\\"avatar\\\";N;s:10:\\\"created_by\\\";N;s:10:\\\"updated_by\\\";N;s:10:\\\"created_at\\\";s:19:\\\"2025-03-22 05:36:38\\\";s:10:\\\"updated_at\\\";s:19:\\\"2025-04-17 16:59:32\\\";}s:11:\\\"\\u0000*\\u0000original\\\";a:20:{s:2:\\\"id\\\";i:68;s:9:\\\"user_type\\\";s:8:\\\"customer\\\";s:4:\\\"name\\\";s:15:\\\"Nythika Renjith\\\";s:5:\\\"email\\\";s:23:\\\"jisha.tomsher@gmail.com\\\";s:5:\\\"phone\\\";s:12:\\\"971568650838\\\";s:6:\\\"banned\\\";i:0;s:8:\\\"password\\\";s:60:\\\"$2y$12$TJLFV0ymMSd4PLNrKM1WHe1UtBcCYbj9KVARdiuas2KlwgsPv6GIy\\\";s:14:\\\"remember_token\\\";s:60:\\\"NDCGvEimz6Qm42Xbo0f7RxtBgpdzbGTXHSijuAYkcQnkK4m6KkYPwcKpeTqK\\\";s:3:\\\"otp\\\";N;s:10:\\\"otp_expiry\\\";N;s:17:\\\"is_phone_verified\\\";i:0;s:17:\\\"email_verified_at\\\";N;s:17:\\\"verification_code\\\";N;s:6:\\\"status\\\";i:0;s:12:\\\"device_token\\\";N;s:6:\\\"avatar\\\";N;s:10:\\\"created_by\\\";N;s:10:\\\"updated_by\\\";N;s:10:\\\"created_at\\\";s:19:\\\"2025-03-22 05:36:38\\\";s:10:\\\"updated_at\\\";s:19:\\\"2025-04-17 16:59:32\\\";}s:10:\\\"\\u0000*\\u0000changes\\\";a:0:{}s:8:\\\"\\u0000*\\u0000casts\\\";a:2:{s:17:\\\"email_verified_at\\\";s:8:\\\"datetime\\\";s:8:\\\"password\\\";s:6:\\\"hashed\\\";}s:17:\\\"\\u0000*\\u0000classCastCache\\\";a:0:{}s:21:\\\"\\u0000*\\u0000attributeCastCache\\\";a:0:{}s:13:\\\"\\u0000*\\u0000dateFormat\\\";N;s:10:\\\"\\u0000*\\u0000appends\\\";a:0:{}s:19:\\\"\\u0000*\\u0000dispatchesEvents\\\";a:0:{}s:14:\\\"\\u0000*\\u0000observables\\\";a:0:{}s:12:\\\"\\u0000*\\u0000relations\\\";a:0:{}s:10:\\\"\\u0000*\\u0000touches\\\";a:0:{}s:10:\\\"timestamps\\\";b:1;s:13:\\\"usesUniqueIds\\\";b:0;s:9:\\\"\\u0000*\\u0000hidden\\\";a:2:{i:0;s:8:\\\"password\\\";i:1;s:14:\\\"remember_token\\\";}s:10:\\\"\\u0000*\\u0000visible\\\";a:0:{}s:11:\\\"\\u0000*\\u0000fillable\\\";a:4:{i:0;s:4:\\\"name\\\";i:1;s:5:\\\"email\\\";i:2;s:5:\\\"phone\\\";i:3;s:8:\\\"password\\\";}s:10:\\\"\\u0000*\\u0000guarded\\\";a:1:{i:0;s:1:\\\"*\\\";}s:20:\\\"\\u0000*\\u0000rememberTokenName\\\";s:14:\\\"remember_token\\\";s:14:\\\"\\u0000*\\u0000accessToken\\\";N;}}s:10:\\\"\\u0000*\\u0000touches\\\";a:0:{}s:10:\\\"timestamps\\\";b:1;s:13:\\\"usesUniqueIds\\\";b:0;s:9:\\\"\\u0000*\\u0000hidden\\\";a:0:{}s:10:\\\"\\u0000*\\u0000visible\\\";a:0:{}s:11:\\\"\\u0000*\\u0000fillable\\\";a:27:{i:0;s:4:\\\"code\\\";i:1;s:7:\\\"user_id\\\";i:2;s:18:\\\"estimated_delivery\\\";i:3;s:16:\\\"shipping_address\\\";i:4;s:15:\\\"billing_address\\\";i:5;s:11:\\\"order_notes\\\";i:6;s:15:\\\"delivery_status\\\";i:7;s:12:\\\"payment_type\\\";i:8;s:14:\\\"payment_status\\\";i:9;s:15:\\\"payment_details\\\";i:10;s:19:\\\"payment_tracking_id\\\";i:11;s:13:\\\"shipping_type\\\";i:12;s:13:\\\"shipping_cost\\\";i:13;s:3:\\\"tax\\\";i:14;s:11:\\\"grand_total\\\";i:15;s:9:\\\"sub_total\\\";i:16;s:15:\\\"coupon_discount\\\";i:17;s:11:\\\"coupon_code\\\";i:18;s:14:\\\"offer_discount\\\";i:19;s:13:\\\"tracking_code\\\";i:20;s:23:\\\"delivery_completed_date\\\";i:21;s:4:\\\"date\\\";i:22;s:14:\\\"cancel_request\\\";i:23;s:19:\\\"cancel_request_date\\\";i:24;s:15:\\\"cancel_approval\\\";i:25;s:20:\\\"cancel_approval_date\\\";i:26;s:13:\\\"cancel_reason\\\";}s:10:\\\"\\u0000*\\u0000guarded\\\";a:1:{i:0;s:1:\\\"*\\\";}}}s:2:\\\"to\\\";a:1:{i:0;a:2:{s:4:\\\"name\\\";N;s:7:\\\"address\\\";s:23:\\\"jisha.tomsher@gmail.com\\\";}}s:6:\\\"mailer\\\";s:4:\\\"smtp\\\";}s:5:\\\"tries\\\";N;s:7:\\\"timeout\\\";N;s:13:\\\"maxExceptions\\\";N;s:17:\\\"shouldBeEncrypted\\\";b:0;s:10:\\\"connection\\\";N;s:5:\\\"queue\\\";N;s:15:\\\"chainConnection\\\";N;s:10:\\\"chainQueue\\\";N;s:19:\\\"chainCatchCallbacks\\\";N;s:5:\\\"delay\\\";N;s:11:\\\"afterCommit\\\";N;s:10:\\\"middleware\\\";a:0:{}s:7:\\\"chained\\\";a:0:{}s:3:\\\"job\\\";N;}\"}}',0,NULL,1744956341,1744956341),(55,'default','{\"uuid\":\"84030697-8047-4265-a127-4c43d8550143\",\"displayName\":\"App\\\\Mail\\\\InvoiceEmailManager\",\"job\":\"Illuminate\\\\Queue\\\\CallQueuedHandler@call\",\"maxTries\":null,\"maxExceptions\":null,\"failOnTimeout\":false,\"backoff\":null,\"timeout\":null,\"retryUntil\":null,\"data\":{\"commandName\":\"Illuminate\\\\Mail\\\\SendQueuedMailable\",\"command\":\"O:34:\\\"Illuminate\\\\Mail\\\\SendQueuedMailable\\\":15:{s:8:\\\"mailable\\\";O:28:\\\"App\\\\Mail\\\\InvoiceEmailManager\\\":3:{s:5:\\\"array\\\";a:4:{s:4:\\\"view\\\";s:14:\\\"emails.invoice\\\";s:7:\\\"subject\\\";s:47:\\\"A new order has been placed - 20250418-10054134\\\";s:4:\\\"from\\\";s:23:\\\"jisha.tomsher@gmail.com\\\";s:5:\\\"order\\\";O:16:\\\"App\\\\Models\\\\Order\\\":30:{s:13:\\\"\\u0000*\\u0000connection\\\";s:5:\\\"mysql\\\";s:8:\\\"\\u0000*\\u0000table\\\";s:6:\\\"orders\\\";s:13:\\\"\\u0000*\\u0000primaryKey\\\";s:2:\\\"id\\\";s:10:\\\"\\u0000*\\u0000keyType\\\";s:3:\\\"int\\\";s:12:\\\"incrementing\\\";b:1;s:7:\\\"\\u0000*\\u0000with\\\";a:0:{}s:12:\\\"\\u0000*\\u0000withCount\\\";a:0:{}s:19:\\\"preventsLazyLoading\\\";b:0;s:10:\\\"\\u0000*\\u0000perPage\\\";i:15;s:6:\\\"exists\\\";b:1;s:18:\\\"wasRecentlyCreated\\\";b:1;s:28:\\\"\\u0000*\\u0000escapeWhenCastingToString\\\";b:0;s:13:\\\"\\u0000*\\u0000attributes\\\";a:20:{s:7:\\\"user_id\\\";i:68;s:16:\\\"shipping_address\\\";s:214:\\\"{\\\"name\\\":\\\"Jisha P\\\",\\\"email\\\":\\\"jisha.tomsher@gmail.com\\\",\\\"address\\\":\\\"Flat number 606, 184th floor, Burj khalifa\\\",\\\"zipcode\\\":null,\\\"city\\\":\\\"Burj Park\\\",\\\"state\\\":\\\"Dubai\\\",\\\"country\\\":\\\"United Arab Emirates\\\",\\\"phone\\\":\\\"+971568656856\\\"}\\\";s:15:\\\"billing_address\\\";s:171:\\\"{\\\"name\\\":\\\"Nythika Renjith\\\",\\\"email\\\":\\\"jisha.tomsher@gmail.com\\\",\\\"address\\\":null,\\\"zipcode\\\":null,\\\"city\\\":null,\\\"state\\\":null,\\\"country\\\":\\\"United Arab Emirates\\\",\\\"phone\\\":\\\"971568650838\\\"}\\\";s:11:\\\"order_notes\\\";s:0:\\\"\\\";s:13:\\\"shipping_type\\\";s:9:\\\"flat_rate\\\";s:13:\\\"shipping_cost\\\";d:20;s:15:\\\"delivery_status\\\";s:7:\\\"pending\\\";s:12:\\\"payment_type\\\";s:3:\\\"cod\\\";s:14:\\\"payment_status\\\";s:7:\\\"un_paid\\\";s:11:\\\"grand_total\\\";d:270;s:3:\\\"tax\\\";d:0;s:9:\\\"sub_total\\\";d:250;s:14:\\\"offer_discount\\\";d:0;s:15:\\\"coupon_discount\\\";d:0;s:4:\\\"code\\\";s:17:\\\"20250418-10054134\\\";s:4:\\\"date\\\";i:1744956341;s:10:\\\"updated_at\\\";s:19:\\\"2025-04-18 10:05:41\\\";s:10:\\\"created_at\\\";s:19:\\\"2025-04-18 10:05:41\\\";s:2:\\\"id\\\";i:28;s:11:\\\"coupon_code\\\";N;}s:11:\\\"\\u0000*\\u0000original\\\";a:20:{s:7:\\\"user_id\\\";i:68;s:16:\\\"shipping_address\\\";s:214:\\\"{\\\"name\\\":\\\"Jisha P\\\",\\\"email\\\":\\\"jisha.tomsher@gmail.com\\\",\\\"address\\\":\\\"Flat number 606, 184th floor, Burj khalifa\\\",\\\"zipcode\\\":null,\\\"city\\\":\\\"Burj Park\\\",\\\"state\\\":\\\"Dubai\\\",\\\"country\\\":\\\"United Arab Emirates\\\",\\\"phone\\\":\\\"+971568656856\\\"}\\\";s:15:\\\"billing_address\\\";s:171:\\\"{\\\"name\\\":\\\"Nythika Renjith\\\",\\\"email\\\":\\\"jisha.tomsher@gmail.com\\\",\\\"address\\\":null,\\\"zipcode\\\":null,\\\"city\\\":null,\\\"state\\\":null,\\\"country\\\":\\\"United Arab Emirates\\\",\\\"phone\\\":\\\"971568650838\\\"}\\\";s:11:\\\"order_notes\\\";s:0:\\\"\\\";s:13:\\\"shipping_type\\\";s:9:\\\"flat_rate\\\";s:13:\\\"shipping_cost\\\";d:20;s:15:\\\"delivery_status\\\";s:7:\\\"pending\\\";s:12:\\\"payment_type\\\";s:3:\\\"cod\\\";s:14:\\\"payment_status\\\";s:7:\\\"un_paid\\\";s:11:\\\"grand_total\\\";d:270;s:3:\\\"tax\\\";d:0;s:9:\\\"sub_total\\\";d:250;s:14:\\\"offer_discount\\\";d:0;s:15:\\\"coupon_discount\\\";d:0;s:4:\\\"code\\\";s:17:\\\"20250418-10054134\\\";s:4:\\\"date\\\";i:1744956341;s:10:\\\"updated_at\\\";s:19:\\\"2025-04-18 10:05:41\\\";s:10:\\\"created_at\\\";s:19:\\\"2025-04-18 10:05:41\\\";s:2:\\\"id\\\";i:28;s:11:\\\"coupon_code\\\";N;}s:10:\\\"\\u0000*\\u0000changes\\\";a:5:{s:13:\\\"shipping_type\\\";s:9:\\\"flat_rate\\\";s:13:\\\"shipping_cost\\\";d:20;s:11:\\\"grand_total\\\";d:270;s:9:\\\"sub_total\\\";d:250;s:11:\\\"coupon_code\\\";N;}s:8:\\\"\\u0000*\\u0000casts\\\";a:0:{}s:17:\\\"\\u0000*\\u0000classCastCache\\\";a:0:{}s:21:\\\"\\u0000*\\u0000attributeCastCache\\\";a:0:{}s:13:\\\"\\u0000*\\u0000dateFormat\\\";N;s:10:\\\"\\u0000*\\u0000appends\\\";a:0:{}s:19:\\\"\\u0000*\\u0000dispatchesEvents\\\";a:0:{}s:14:\\\"\\u0000*\\u0000observables\\\";a:0:{}s:12:\\\"\\u0000*\\u0000relations\\\";a:1:{s:4:\\\"user\\\";O:15:\\\"App\\\\Models\\\\User\\\":32:{s:13:\\\"\\u0000*\\u0000connection\\\";s:5:\\\"mysql\\\";s:8:\\\"\\u0000*\\u0000table\\\";s:5:\\\"users\\\";s:13:\\\"\\u0000*\\u0000primaryKey\\\";s:2:\\\"id\\\";s:10:\\\"\\u0000*\\u0000keyType\\\";s:3:\\\"int\\\";s:12:\\\"incrementing\\\";b:1;s:7:\\\"\\u0000*\\u0000with\\\";a:0:{}s:12:\\\"\\u0000*\\u0000withCount\\\";a:0:{}s:19:\\\"preventsLazyLoading\\\";b:0;s:10:\\\"\\u0000*\\u0000perPage\\\";i:15;s:6:\\\"exists\\\";b:1;s:18:\\\"wasRecentlyCreated\\\";b:0;s:28:\\\"\\u0000*\\u0000escapeWhenCastingToString\\\";b:0;s:13:\\\"\\u0000*\\u0000attributes\\\";a:20:{s:2:\\\"id\\\";i:68;s:9:\\\"user_type\\\";s:8:\\\"customer\\\";s:4:\\\"name\\\";s:15:\\\"Nythika Renjith\\\";s:5:\\\"email\\\";s:23:\\\"jisha.tomsher@gmail.com\\\";s:5:\\\"phone\\\";s:12:\\\"971568650838\\\";s:6:\\\"banned\\\";i:0;s:8:\\\"password\\\";s:60:\\\"$2y$12$TJLFV0ymMSd4PLNrKM1WHe1UtBcCYbj9KVARdiuas2KlwgsPv6GIy\\\";s:14:\\\"remember_token\\\";s:60:\\\"NDCGvEimz6Qm42Xbo0f7RxtBgpdzbGTXHSijuAYkcQnkK4m6KkYPwcKpeTqK\\\";s:3:\\\"otp\\\";N;s:10:\\\"otp_expiry\\\";N;s:17:\\\"is_phone_verified\\\";i:0;s:17:\\\"email_verified_at\\\";N;s:17:\\\"verification_code\\\";N;s:6:\\\"status\\\";i:0;s:12:\\\"device_token\\\";N;s:6:\\\"avatar\\\";N;s:10:\\\"created_by\\\";N;s:10:\\\"updated_by\\\";N;s:10:\\\"created_at\\\";s:19:\\\"2025-03-22 05:36:38\\\";s:10:\\\"updated_at\\\";s:19:\\\"2025-04-17 16:59:32\\\";}s:11:\\\"\\u0000*\\u0000original\\\";a:20:{s:2:\\\"id\\\";i:68;s:9:\\\"user_type\\\";s:8:\\\"customer\\\";s:4:\\\"name\\\";s:15:\\\"Nythika Renjith\\\";s:5:\\\"email\\\";s:23:\\\"jisha.tomsher@gmail.com\\\";s:5:\\\"phone\\\";s:12:\\\"971568650838\\\";s:6:\\\"banned\\\";i:0;s:8:\\\"password\\\";s:60:\\\"$2y$12$TJLFV0ymMSd4PLNrKM1WHe1UtBcCYbj9KVARdiuas2KlwgsPv6GIy\\\";s:14:\\\"remember_token\\\";s:60:\\\"NDCGvEimz6Qm42Xbo0f7RxtBgpdzbGTXHSijuAYkcQnkK4m6KkYPwcKpeTqK\\\";s:3:\\\"otp\\\";N;s:10:\\\"otp_expiry\\\";N;s:17:\\\"is_phone_verified\\\";i:0;s:17:\\\"email_verified_at\\\";N;s:17:\\\"verification_code\\\";N;s:6:\\\"status\\\";i:0;s:12:\\\"device_token\\\";N;s:6:\\\"avatar\\\";N;s:10:\\\"created_by\\\";N;s:10:\\\"updated_by\\\";N;s:10:\\\"created_at\\\";s:19:\\\"2025-03-22 05:36:38\\\";s:10:\\\"updated_at\\\";s:19:\\\"2025-04-17 16:59:32\\\";}s:10:\\\"\\u0000*\\u0000changes\\\";a:0:{}s:8:\\\"\\u0000*\\u0000casts\\\";a:2:{s:17:\\\"email_verified_at\\\";s:8:\\\"datetime\\\";s:8:\\\"password\\\";s:6:\\\"hashed\\\";}s:17:\\\"\\u0000*\\u0000classCastCache\\\";a:0:{}s:21:\\\"\\u0000*\\u0000attributeCastCache\\\";a:0:{}s:13:\\\"\\u0000*\\u0000dateFormat\\\";N;s:10:\\\"\\u0000*\\u0000appends\\\";a:0:{}s:19:\\\"\\u0000*\\u0000dispatchesEvents\\\";a:0:{}s:14:\\\"\\u0000*\\u0000observables\\\";a:0:{}s:12:\\\"\\u0000*\\u0000relations\\\";a:0:{}s:10:\\\"\\u0000*\\u0000touches\\\";a:0:{}s:10:\\\"timestamps\\\";b:1;s:13:\\\"usesUniqueIds\\\";b:0;s:9:\\\"\\u0000*\\u0000hidden\\\";a:2:{i:0;s:8:\\\"password\\\";i:1;s:14:\\\"remember_token\\\";}s:10:\\\"\\u0000*\\u0000visible\\\";a:0:{}s:11:\\\"\\u0000*\\u0000fillable\\\";a:4:{i:0;s:4:\\\"name\\\";i:1;s:5:\\\"email\\\";i:2;s:5:\\\"phone\\\";i:3;s:8:\\\"password\\\";}s:10:\\\"\\u0000*\\u0000guarded\\\";a:1:{i:0;s:1:\\\"*\\\";}s:20:\\\"\\u0000*\\u0000rememberTokenName\\\";s:14:\\\"remember_token\\\";s:14:\\\"\\u0000*\\u0000accessToken\\\";N;}}s:10:\\\"\\u0000*\\u0000touches\\\";a:0:{}s:10:\\\"timestamps\\\";b:1;s:13:\\\"usesUniqueIds\\\";b:0;s:9:\\\"\\u0000*\\u0000hidden\\\";a:0:{}s:10:\\\"\\u0000*\\u0000visible\\\";a:0:{}s:11:\\\"\\u0000*\\u0000fillable\\\";a:27:{i:0;s:4:\\\"code\\\";i:1;s:7:\\\"user_id\\\";i:2;s:18:\\\"estimated_delivery\\\";i:3;s:16:\\\"shipping_address\\\";i:4;s:15:\\\"billing_address\\\";i:5;s:11:\\\"order_notes\\\";i:6;s:15:\\\"delivery_status\\\";i:7;s:12:\\\"payment_type\\\";i:8;s:14:\\\"payment_status\\\";i:9;s:15:\\\"payment_details\\\";i:10;s:19:\\\"payment_tracking_id\\\";i:11;s:13:\\\"shipping_type\\\";i:12;s:13:\\\"shipping_cost\\\";i:13;s:3:\\\"tax\\\";i:14;s:11:\\\"grand_total\\\";i:15;s:9:\\\"sub_total\\\";i:16;s:15:\\\"coupon_discount\\\";i:17;s:11:\\\"coupon_code\\\";i:18;s:14:\\\"offer_discount\\\";i:19;s:13:\\\"tracking_code\\\";i:20;s:23:\\\"delivery_completed_date\\\";i:21;s:4:\\\"date\\\";i:22;s:14:\\\"cancel_request\\\";i:23;s:19:\\\"cancel_request_date\\\";i:24;s:15:\\\"cancel_approval\\\";i:25;s:20:\\\"cancel_approval_date\\\";i:26;s:13:\\\"cancel_reason\\\";}s:10:\\\"\\u0000*\\u0000guarded\\\";a:1:{i:0;s:1:\\\"*\\\";}}}s:2:\\\"to\\\";a:1:{i:0;a:2:{s:4:\\\"name\\\";N;s:7:\\\"address\\\";s:23:\\\"jisha.tomsher@gmail.com\\\";}}s:6:\\\"mailer\\\";s:4:\\\"smtp\\\";}s:5:\\\"tries\\\";N;s:7:\\\"timeout\\\";N;s:13:\\\"maxExceptions\\\";N;s:17:\\\"shouldBeEncrypted\\\";b:0;s:10:\\\"connection\\\";N;s:5:\\\"queue\\\";N;s:15:\\\"chainConnection\\\";N;s:10:\\\"chainQueue\\\";N;s:19:\\\"chainCatchCallbacks\\\";N;s:5:\\\"delay\\\";N;s:11:\\\"afterCommit\\\";N;s:10:\\\"middleware\\\";a:0:{}s:7:\\\"chained\\\";a:0:{}s:3:\\\"job\\\";N;}\"}}',0,NULL,1744956341,1744956341),(56,'default','{\"uuid\":\"07907af3-d390-4adf-b4c1-6d1b755d6acb\",\"displayName\":\"App\\\\Mail\\\\InvoiceEmailManager\",\"job\":\"Illuminate\\\\Queue\\\\CallQueuedHandler@call\",\"maxTries\":null,\"maxExceptions\":null,\"failOnTimeout\":false,\"backoff\":null,\"timeout\":null,\"retryUntil\":null,\"data\":{\"commandName\":\"Illuminate\\\\Mail\\\\SendQueuedMailable\",\"command\":\"O:34:\\\"Illuminate\\\\Mail\\\\SendQueuedMailable\\\":15:{s:8:\\\"mailable\\\";O:28:\\\"App\\\\Mail\\\\InvoiceEmailManager\\\":3:{s:5:\\\"array\\\";a:4:{s:4:\\\"view\\\";s:14:\\\"emails.invoice\\\";s:7:\\\"subject\\\";s:44:\\\"Thank you for your order - 20250418-10095156\\\";s:4:\\\"from\\\";s:23:\\\"jisha.tomsher@gmail.com\\\";s:5:\\\"order\\\";O:16:\\\"App\\\\Models\\\\Order\\\":30:{s:13:\\\"\\u0000*\\u0000connection\\\";s:5:\\\"mysql\\\";s:8:\\\"\\u0000*\\u0000table\\\";s:6:\\\"orders\\\";s:13:\\\"\\u0000*\\u0000primaryKey\\\";s:2:\\\"id\\\";s:10:\\\"\\u0000*\\u0000keyType\\\";s:3:\\\"int\\\";s:12:\\\"incrementing\\\";b:1;s:7:\\\"\\u0000*\\u0000with\\\";a:0:{}s:12:\\\"\\u0000*\\u0000withCount\\\";a:0:{}s:19:\\\"preventsLazyLoading\\\";b:0;s:10:\\\"\\u0000*\\u0000perPage\\\";i:15;s:6:\\\"exists\\\";b:1;s:18:\\\"wasRecentlyCreated\\\";b:1;s:28:\\\"\\u0000*\\u0000escapeWhenCastingToString\\\";b:0;s:13:\\\"\\u0000*\\u0000attributes\\\";a:20:{s:7:\\\"user_id\\\";i:68;s:16:\\\"shipping_address\\\";s:214:\\\"{\\\"name\\\":\\\"Jisha P\\\",\\\"email\\\":\\\"jisha.tomsher@gmail.com\\\",\\\"address\\\":\\\"Flat number 606, 184th floor, Burj khalifa\\\",\\\"zipcode\\\":null,\\\"city\\\":\\\"Burj Park\\\",\\\"state\\\":\\\"Dubai\\\",\\\"country\\\":\\\"United Arab Emirates\\\",\\\"phone\\\":\\\"+971568656856\\\"}\\\";s:15:\\\"billing_address\\\";s:221:\\\"{\\\"name\\\":\\\"Nythika Renjith\\\",\\\"email\\\":\\\"jisha.tomsher@gmail.com\\\",\\\"address\\\":\\\"Flat number 606, 184th floor, Burj khalifa\\\",\\\"zipcode\\\":null,\\\"city\\\":\\\"Burj Park\\\",\\\"state\\\":\\\"Dubai\\\",\\\"country\\\":\\\"United Arab Emirates\\\",\\\"phone\\\":\\\"971568650838\\\"}\\\";s:11:\\\"order_notes\\\";s:0:\\\"\\\";s:13:\\\"shipping_type\\\";s:9:\\\"flat_rate\\\";s:13:\\\"shipping_cost\\\";d:20;s:15:\\\"delivery_status\\\";s:7:\\\"pending\\\";s:12:\\\"payment_type\\\";s:3:\\\"cod\\\";s:14:\\\"payment_status\\\";s:7:\\\"un_paid\\\";s:11:\\\"grand_total\\\";d:419;s:3:\\\"tax\\\";d:0;s:9:\\\"sub_total\\\";d:499;s:14:\\\"offer_discount\\\";d:100;s:15:\\\"coupon_discount\\\";d:0;s:4:\\\"code\\\";s:17:\\\"20250418-10095156\\\";s:4:\\\"date\\\";i:1744956591;s:10:\\\"updated_at\\\";s:19:\\\"2025-04-18 10:09:51\\\";s:10:\\\"created_at\\\";s:19:\\\"2025-04-18 10:09:51\\\";s:2:\\\"id\\\";i:29;s:11:\\\"coupon_code\\\";N;}s:11:\\\"\\u0000*\\u0000original\\\";a:20:{s:7:\\\"user_id\\\";i:68;s:16:\\\"shipping_address\\\";s:214:\\\"{\\\"name\\\":\\\"Jisha P\\\",\\\"email\\\":\\\"jisha.tomsher@gmail.com\\\",\\\"address\\\":\\\"Flat number 606, 184th floor, Burj khalifa\\\",\\\"zipcode\\\":null,\\\"city\\\":\\\"Burj Park\\\",\\\"state\\\":\\\"Dubai\\\",\\\"country\\\":\\\"United Arab Emirates\\\",\\\"phone\\\":\\\"+971568656856\\\"}\\\";s:15:\\\"billing_address\\\";s:221:\\\"{\\\"name\\\":\\\"Nythika Renjith\\\",\\\"email\\\":\\\"jisha.tomsher@gmail.com\\\",\\\"address\\\":\\\"Flat number 606, 184th floor, Burj khalifa\\\",\\\"zipcode\\\":null,\\\"city\\\":\\\"Burj Park\\\",\\\"state\\\":\\\"Dubai\\\",\\\"country\\\":\\\"United Arab Emirates\\\",\\\"phone\\\":\\\"971568650838\\\"}\\\";s:11:\\\"order_notes\\\";s:0:\\\"\\\";s:13:\\\"shipping_type\\\";s:9:\\\"flat_rate\\\";s:13:\\\"shipping_cost\\\";d:20;s:15:\\\"delivery_status\\\";s:7:\\\"pending\\\";s:12:\\\"payment_type\\\";s:3:\\\"cod\\\";s:14:\\\"payment_status\\\";s:7:\\\"un_paid\\\";s:11:\\\"grand_total\\\";d:419;s:3:\\\"tax\\\";d:0;s:9:\\\"sub_total\\\";d:499;s:14:\\\"offer_discount\\\";d:100;s:15:\\\"coupon_discount\\\";d:0;s:4:\\\"code\\\";s:17:\\\"20250418-10095156\\\";s:4:\\\"date\\\";i:1744956591;s:10:\\\"updated_at\\\";s:19:\\\"2025-04-18 10:09:51\\\";s:10:\\\"created_at\\\";s:19:\\\"2025-04-18 10:09:51\\\";s:2:\\\"id\\\";i:29;s:11:\\\"coupon_code\\\";N;}s:10:\\\"\\u0000*\\u0000changes\\\";a:6:{s:13:\\\"shipping_type\\\";s:9:\\\"flat_rate\\\";s:13:\\\"shipping_cost\\\";d:20;s:11:\\\"grand_total\\\";d:419;s:9:\\\"sub_total\\\";d:499;s:14:\\\"offer_discount\\\";d:100;s:11:\\\"coupon_code\\\";N;}s:8:\\\"\\u0000*\\u0000casts\\\";a:0:{}s:17:\\\"\\u0000*\\u0000classCastCache\\\";a:0:{}s:21:\\\"\\u0000*\\u0000attributeCastCache\\\";a:0:{}s:13:\\\"\\u0000*\\u0000dateFormat\\\";N;s:10:\\\"\\u0000*\\u0000appends\\\";a:0:{}s:19:\\\"\\u0000*\\u0000dispatchesEvents\\\";a:0:{}s:14:\\\"\\u0000*\\u0000observables\\\";a:0:{}s:12:\\\"\\u0000*\\u0000relations\\\";a:1:{s:4:\\\"user\\\";O:15:\\\"App\\\\Models\\\\User\\\":32:{s:13:\\\"\\u0000*\\u0000connection\\\";s:5:\\\"mysql\\\";s:8:\\\"\\u0000*\\u0000table\\\";s:5:\\\"users\\\";s:13:\\\"\\u0000*\\u0000primaryKey\\\";s:2:\\\"id\\\";s:10:\\\"\\u0000*\\u0000keyType\\\";s:3:\\\"int\\\";s:12:\\\"incrementing\\\";b:1;s:7:\\\"\\u0000*\\u0000with\\\";a:0:{}s:12:\\\"\\u0000*\\u0000withCount\\\";a:0:{}s:19:\\\"preventsLazyLoading\\\";b:0;s:10:\\\"\\u0000*\\u0000perPage\\\";i:15;s:6:\\\"exists\\\";b:1;s:18:\\\"wasRecentlyCreated\\\";b:0;s:28:\\\"\\u0000*\\u0000escapeWhenCastingToString\\\";b:0;s:13:\\\"\\u0000*\\u0000attributes\\\";a:20:{s:2:\\\"id\\\";i:68;s:9:\\\"user_type\\\";s:8:\\\"customer\\\";s:4:\\\"name\\\";s:15:\\\"Nythika Renjith\\\";s:5:\\\"email\\\";s:23:\\\"jisha.tomsher@gmail.com\\\";s:5:\\\"phone\\\";s:12:\\\"971568650838\\\";s:6:\\\"banned\\\";i:0;s:8:\\\"password\\\";s:60:\\\"$2y$12$TJLFV0ymMSd4PLNrKM1WHe1UtBcCYbj9KVARdiuas2KlwgsPv6GIy\\\";s:14:\\\"remember_token\\\";s:60:\\\"NDCGvEimz6Qm42Xbo0f7RxtBgpdzbGTXHSijuAYkcQnkK4m6KkYPwcKpeTqK\\\";s:3:\\\"otp\\\";N;s:10:\\\"otp_expiry\\\";N;s:17:\\\"is_phone_verified\\\";i:0;s:17:\\\"email_verified_at\\\";N;s:17:\\\"verification_code\\\";N;s:6:\\\"status\\\";i:0;s:12:\\\"device_token\\\";N;s:6:\\\"avatar\\\";N;s:10:\\\"created_by\\\";N;s:10:\\\"updated_by\\\";N;s:10:\\\"created_at\\\";s:19:\\\"2025-03-22 05:36:38\\\";s:10:\\\"updated_at\\\";s:19:\\\"2025-04-17 16:59:32\\\";}s:11:\\\"\\u0000*\\u0000original\\\";a:20:{s:2:\\\"id\\\";i:68;s:9:\\\"user_type\\\";s:8:\\\"customer\\\";s:4:\\\"name\\\";s:15:\\\"Nythika Renjith\\\";s:5:\\\"email\\\";s:23:\\\"jisha.tomsher@gmail.com\\\";s:5:\\\"phone\\\";s:12:\\\"971568650838\\\";s:6:\\\"banned\\\";i:0;s:8:\\\"password\\\";s:60:\\\"$2y$12$TJLFV0ymMSd4PLNrKM1WHe1UtBcCYbj9KVARdiuas2KlwgsPv6GIy\\\";s:14:\\\"remember_token\\\";s:60:\\\"NDCGvEimz6Qm42Xbo0f7RxtBgpdzbGTXHSijuAYkcQnkK4m6KkYPwcKpeTqK\\\";s:3:\\\"otp\\\";N;s:10:\\\"otp_expiry\\\";N;s:17:\\\"is_phone_verified\\\";i:0;s:17:\\\"email_verified_at\\\";N;s:17:\\\"verification_code\\\";N;s:6:\\\"status\\\";i:0;s:12:\\\"device_token\\\";N;s:6:\\\"avatar\\\";N;s:10:\\\"created_by\\\";N;s:10:\\\"updated_by\\\";N;s:10:\\\"created_at\\\";s:19:\\\"2025-03-22 05:36:38\\\";s:10:\\\"updated_at\\\";s:19:\\\"2025-04-17 16:59:32\\\";}s:10:\\\"\\u0000*\\u0000changes\\\";a:0:{}s:8:\\\"\\u0000*\\u0000casts\\\";a:2:{s:17:\\\"email_verified_at\\\";s:8:\\\"datetime\\\";s:8:\\\"password\\\";s:6:\\\"hashed\\\";}s:17:\\\"\\u0000*\\u0000classCastCache\\\";a:0:{}s:21:\\\"\\u0000*\\u0000attributeCastCache\\\";a:0:{}s:13:\\\"\\u0000*\\u0000dateFormat\\\";N;s:10:\\\"\\u0000*\\u0000appends\\\";a:0:{}s:19:\\\"\\u0000*\\u0000dispatchesEvents\\\";a:0:{}s:14:\\\"\\u0000*\\u0000observables\\\";a:0:{}s:12:\\\"\\u0000*\\u0000relations\\\";a:0:{}s:10:\\\"\\u0000*\\u0000touches\\\";a:0:{}s:10:\\\"timestamps\\\";b:1;s:13:\\\"usesUniqueIds\\\";b:0;s:9:\\\"\\u0000*\\u0000hidden\\\";a:2:{i:0;s:8:\\\"password\\\";i:1;s:14:\\\"remember_token\\\";}s:10:\\\"\\u0000*\\u0000visible\\\";a:0:{}s:11:\\\"\\u0000*\\u0000fillable\\\";a:4:{i:0;s:4:\\\"name\\\";i:1;s:5:\\\"email\\\";i:2;s:5:\\\"phone\\\";i:3;s:8:\\\"password\\\";}s:10:\\\"\\u0000*\\u0000guarded\\\";a:1:{i:0;s:1:\\\"*\\\";}s:20:\\\"\\u0000*\\u0000rememberTokenName\\\";s:14:\\\"remember_token\\\";s:14:\\\"\\u0000*\\u0000accessToken\\\";N;}}s:10:\\\"\\u0000*\\u0000touches\\\";a:0:{}s:10:\\\"timestamps\\\";b:1;s:13:\\\"usesUniqueIds\\\";b:0;s:9:\\\"\\u0000*\\u0000hidden\\\";a:0:{}s:10:\\\"\\u0000*\\u0000visible\\\";a:0:{}s:11:\\\"\\u0000*\\u0000fillable\\\";a:27:{i:0;s:4:\\\"code\\\";i:1;s:7:\\\"user_id\\\";i:2;s:18:\\\"estimated_delivery\\\";i:3;s:16:\\\"shipping_address\\\";i:4;s:15:\\\"billing_address\\\";i:5;s:11:\\\"order_notes\\\";i:6;s:15:\\\"delivery_status\\\";i:7;s:12:\\\"payment_type\\\";i:8;s:14:\\\"payment_status\\\";i:9;s:15:\\\"payment_details\\\";i:10;s:19:\\\"payment_tracking_id\\\";i:11;s:13:\\\"shipping_type\\\";i:12;s:13:\\\"shipping_cost\\\";i:13;s:3:\\\"tax\\\";i:14;s:11:\\\"grand_total\\\";i:15;s:9:\\\"sub_total\\\";i:16;s:15:\\\"coupon_discount\\\";i:17;s:11:\\\"coupon_code\\\";i:18;s:14:\\\"offer_discount\\\";i:19;s:13:\\\"tracking_code\\\";i:20;s:23:\\\"delivery_completed_date\\\";i:21;s:4:\\\"date\\\";i:22;s:14:\\\"cancel_request\\\";i:23;s:19:\\\"cancel_request_date\\\";i:24;s:15:\\\"cancel_approval\\\";i:25;s:20:\\\"cancel_approval_date\\\";i:26;s:13:\\\"cancel_reason\\\";}s:10:\\\"\\u0000*\\u0000guarded\\\";a:1:{i:0;s:1:\\\"*\\\";}}}s:2:\\\"to\\\";a:1:{i:0;a:2:{s:4:\\\"name\\\";N;s:7:\\\"address\\\";s:23:\\\"jisha.tomsher@gmail.com\\\";}}s:6:\\\"mailer\\\";s:4:\\\"smtp\\\";}s:5:\\\"tries\\\";N;s:7:\\\"timeout\\\";N;s:13:\\\"maxExceptions\\\";N;s:17:\\\"shouldBeEncrypted\\\";b:0;s:10:\\\"connection\\\";N;s:5:\\\"queue\\\";N;s:15:\\\"chainConnection\\\";N;s:10:\\\"chainQueue\\\";N;s:19:\\\"chainCatchCallbacks\\\";N;s:5:\\\"delay\\\";N;s:11:\\\"afterCommit\\\";N;s:10:\\\"middleware\\\";a:0:{}s:7:\\\"chained\\\";a:0:{}s:3:\\\"job\\\";N;}\"}}',0,NULL,1744956591,1744956591),(57,'default','{\"uuid\":\"33f29b9d-db39-4612-8fd5-e73f6f448c8a\",\"displayName\":\"App\\\\Mail\\\\InvoiceEmailManager\",\"job\":\"Illuminate\\\\Queue\\\\CallQueuedHandler@call\",\"maxTries\":null,\"maxExceptions\":null,\"failOnTimeout\":false,\"backoff\":null,\"timeout\":null,\"retryUntil\":null,\"data\":{\"commandName\":\"Illuminate\\\\Mail\\\\SendQueuedMailable\",\"command\":\"O:34:\\\"Illuminate\\\\Mail\\\\SendQueuedMailable\\\":15:{s:8:\\\"mailable\\\";O:28:\\\"App\\\\Mail\\\\InvoiceEmailManager\\\":3:{s:5:\\\"array\\\";a:4:{s:4:\\\"view\\\";s:14:\\\"emails.invoice\\\";s:7:\\\"subject\\\";s:47:\\\"A new order has been placed - 20250418-10095156\\\";s:4:\\\"from\\\";s:23:\\\"jisha.tomsher@gmail.com\\\";s:5:\\\"order\\\";O:16:\\\"App\\\\Models\\\\Order\\\":30:{s:13:\\\"\\u0000*\\u0000connection\\\";s:5:\\\"mysql\\\";s:8:\\\"\\u0000*\\u0000table\\\";s:6:\\\"orders\\\";s:13:\\\"\\u0000*\\u0000primaryKey\\\";s:2:\\\"id\\\";s:10:\\\"\\u0000*\\u0000keyType\\\";s:3:\\\"int\\\";s:12:\\\"incrementing\\\";b:1;s:7:\\\"\\u0000*\\u0000with\\\";a:0:{}s:12:\\\"\\u0000*\\u0000withCount\\\";a:0:{}s:19:\\\"preventsLazyLoading\\\";b:0;s:10:\\\"\\u0000*\\u0000perPage\\\";i:15;s:6:\\\"exists\\\";b:1;s:18:\\\"wasRecentlyCreated\\\";b:1;s:28:\\\"\\u0000*\\u0000escapeWhenCastingToString\\\";b:0;s:13:\\\"\\u0000*\\u0000attributes\\\";a:20:{s:7:\\\"user_id\\\";i:68;s:16:\\\"shipping_address\\\";s:214:\\\"{\\\"name\\\":\\\"Jisha P\\\",\\\"email\\\":\\\"jisha.tomsher@gmail.com\\\",\\\"address\\\":\\\"Flat number 606, 184th floor, Burj khalifa\\\",\\\"zipcode\\\":null,\\\"city\\\":\\\"Burj Park\\\",\\\"state\\\":\\\"Dubai\\\",\\\"country\\\":\\\"United Arab Emirates\\\",\\\"phone\\\":\\\"+971568656856\\\"}\\\";s:15:\\\"billing_address\\\";s:221:\\\"{\\\"name\\\":\\\"Nythika Renjith\\\",\\\"email\\\":\\\"jisha.tomsher@gmail.com\\\",\\\"address\\\":\\\"Flat number 606, 184th floor, Burj khalifa\\\",\\\"zipcode\\\":null,\\\"city\\\":\\\"Burj Park\\\",\\\"state\\\":\\\"Dubai\\\",\\\"country\\\":\\\"United Arab Emirates\\\",\\\"phone\\\":\\\"971568650838\\\"}\\\";s:11:\\\"order_notes\\\";s:0:\\\"\\\";s:13:\\\"shipping_type\\\";s:9:\\\"flat_rate\\\";s:13:\\\"shipping_cost\\\";d:20;s:15:\\\"delivery_status\\\";s:7:\\\"pending\\\";s:12:\\\"payment_type\\\";s:3:\\\"cod\\\";s:14:\\\"payment_status\\\";s:7:\\\"un_paid\\\";s:11:\\\"grand_total\\\";d:419;s:3:\\\"tax\\\";d:0;s:9:\\\"sub_total\\\";d:499;s:14:\\\"offer_discount\\\";d:100;s:15:\\\"coupon_discount\\\";d:0;s:4:\\\"code\\\";s:17:\\\"20250418-10095156\\\";s:4:\\\"date\\\";i:1744956591;s:10:\\\"updated_at\\\";s:19:\\\"2025-04-18 10:09:51\\\";s:10:\\\"created_at\\\";s:19:\\\"2025-04-18 10:09:51\\\";s:2:\\\"id\\\";i:29;s:11:\\\"coupon_code\\\";N;}s:11:\\\"\\u0000*\\u0000original\\\";a:20:{s:7:\\\"user_id\\\";i:68;s:16:\\\"shipping_address\\\";s:214:\\\"{\\\"name\\\":\\\"Jisha P\\\",\\\"email\\\":\\\"jisha.tomsher@gmail.com\\\",\\\"address\\\":\\\"Flat number 606, 184th floor, Burj khalifa\\\",\\\"zipcode\\\":null,\\\"city\\\":\\\"Burj Park\\\",\\\"state\\\":\\\"Dubai\\\",\\\"country\\\":\\\"United Arab Emirates\\\",\\\"phone\\\":\\\"+971568656856\\\"}\\\";s:15:\\\"billing_address\\\";s:221:\\\"{\\\"name\\\":\\\"Nythika Renjith\\\",\\\"email\\\":\\\"jisha.tomsher@gmail.com\\\",\\\"address\\\":\\\"Flat number 606, 184th floor, Burj khalifa\\\",\\\"zipcode\\\":null,\\\"city\\\":\\\"Burj Park\\\",\\\"state\\\":\\\"Dubai\\\",\\\"country\\\":\\\"United Arab Emirates\\\",\\\"phone\\\":\\\"971568650838\\\"}\\\";s:11:\\\"order_notes\\\";s:0:\\\"\\\";s:13:\\\"shipping_type\\\";s:9:\\\"flat_rate\\\";s:13:\\\"shipping_cost\\\";d:20;s:15:\\\"delivery_status\\\";s:7:\\\"pending\\\";s:12:\\\"payment_type\\\";s:3:\\\"cod\\\";s:14:\\\"payment_status\\\";s:7:\\\"un_paid\\\";s:11:\\\"grand_total\\\";d:419;s:3:\\\"tax\\\";d:0;s:9:\\\"sub_total\\\";d:499;s:14:\\\"offer_discount\\\";d:100;s:15:\\\"coupon_discount\\\";d:0;s:4:\\\"code\\\";s:17:\\\"20250418-10095156\\\";s:4:\\\"date\\\";i:1744956591;s:10:\\\"updated_at\\\";s:19:\\\"2025-04-18 10:09:51\\\";s:10:\\\"created_at\\\";s:19:\\\"2025-04-18 10:09:51\\\";s:2:\\\"id\\\";i:29;s:11:\\\"coupon_code\\\";N;}s:10:\\\"\\u0000*\\u0000changes\\\";a:6:{s:13:\\\"shipping_type\\\";s:9:\\\"flat_rate\\\";s:13:\\\"shipping_cost\\\";d:20;s:11:\\\"grand_total\\\";d:419;s:9:\\\"sub_total\\\";d:499;s:14:\\\"offer_discount\\\";d:100;s:11:\\\"coupon_code\\\";N;}s:8:\\\"\\u0000*\\u0000casts\\\";a:0:{}s:17:\\\"\\u0000*\\u0000classCastCache\\\";a:0:{}s:21:\\\"\\u0000*\\u0000attributeCastCache\\\";a:0:{}s:13:\\\"\\u0000*\\u0000dateFormat\\\";N;s:10:\\\"\\u0000*\\u0000appends\\\";a:0:{}s:19:\\\"\\u0000*\\u0000dispatchesEvents\\\";a:0:{}s:14:\\\"\\u0000*\\u0000observables\\\";a:0:{}s:12:\\\"\\u0000*\\u0000relations\\\";a:1:{s:4:\\\"user\\\";O:15:\\\"App\\\\Models\\\\User\\\":32:{s:13:\\\"\\u0000*\\u0000connection\\\";s:5:\\\"mysql\\\";s:8:\\\"\\u0000*\\u0000table\\\";s:5:\\\"users\\\";s:13:\\\"\\u0000*\\u0000primaryKey\\\";s:2:\\\"id\\\";s:10:\\\"\\u0000*\\u0000keyType\\\";s:3:\\\"int\\\";s:12:\\\"incrementing\\\";b:1;s:7:\\\"\\u0000*\\u0000with\\\";a:0:{}s:12:\\\"\\u0000*\\u0000withCount\\\";a:0:{}s:19:\\\"preventsLazyLoading\\\";b:0;s:10:\\\"\\u0000*\\u0000perPage\\\";i:15;s:6:\\\"exists\\\";b:1;s:18:\\\"wasRecentlyCreated\\\";b:0;s:28:\\\"\\u0000*\\u0000escapeWhenCastingToString\\\";b:0;s:13:\\\"\\u0000*\\u0000attributes\\\";a:20:{s:2:\\\"id\\\";i:68;s:9:\\\"user_type\\\";s:8:\\\"customer\\\";s:4:\\\"name\\\";s:15:\\\"Nythika Renjith\\\";s:5:\\\"email\\\";s:23:\\\"jisha.tomsher@gmail.com\\\";s:5:\\\"phone\\\";s:12:\\\"971568650838\\\";s:6:\\\"banned\\\";i:0;s:8:\\\"password\\\";s:60:\\\"$2y$12$TJLFV0ymMSd4PLNrKM1WHe1UtBcCYbj9KVARdiuas2KlwgsPv6GIy\\\";s:14:\\\"remember_token\\\";s:60:\\\"NDCGvEimz6Qm42Xbo0f7RxtBgpdzbGTXHSijuAYkcQnkK4m6KkYPwcKpeTqK\\\";s:3:\\\"otp\\\";N;s:10:\\\"otp_expiry\\\";N;s:17:\\\"is_phone_verified\\\";i:0;s:17:\\\"email_verified_at\\\";N;s:17:\\\"verification_code\\\";N;s:6:\\\"status\\\";i:0;s:12:\\\"device_token\\\";N;s:6:\\\"avatar\\\";N;s:10:\\\"created_by\\\";N;s:10:\\\"updated_by\\\";N;s:10:\\\"created_at\\\";s:19:\\\"2025-03-22 05:36:38\\\";s:10:\\\"updated_at\\\";s:19:\\\"2025-04-17 16:59:32\\\";}s:11:\\\"\\u0000*\\u0000original\\\";a:20:{s:2:\\\"id\\\";i:68;s:9:\\\"user_type\\\";s:8:\\\"customer\\\";s:4:\\\"name\\\";s:15:\\\"Nythika Renjith\\\";s:5:\\\"email\\\";s:23:\\\"jisha.tomsher@gmail.com\\\";s:5:\\\"phone\\\";s:12:\\\"971568650838\\\";s:6:\\\"banned\\\";i:0;s:8:\\\"password\\\";s:60:\\\"$2y$12$TJLFV0ymMSd4PLNrKM1WHe1UtBcCYbj9KVARdiuas2KlwgsPv6GIy\\\";s:14:\\\"remember_token\\\";s:60:\\\"NDCGvEimz6Qm42Xbo0f7RxtBgpdzbGTXHSijuAYkcQnkK4m6KkYPwcKpeTqK\\\";s:3:\\\"otp\\\";N;s:10:\\\"otp_expiry\\\";N;s:17:\\\"is_phone_verified\\\";i:0;s:17:\\\"email_verified_at\\\";N;s:17:\\\"verification_code\\\";N;s:6:\\\"status\\\";i:0;s:12:\\\"device_token\\\";N;s:6:\\\"avatar\\\";N;s:10:\\\"created_by\\\";N;s:10:\\\"updated_by\\\";N;s:10:\\\"created_at\\\";s:19:\\\"2025-03-22 05:36:38\\\";s:10:\\\"updated_at\\\";s:19:\\\"2025-04-17 16:59:32\\\";}s:10:\\\"\\u0000*\\u0000changes\\\";a:0:{}s:8:\\\"\\u0000*\\u0000casts\\\";a:2:{s:17:\\\"email_verified_at\\\";s:8:\\\"datetime\\\";s:8:\\\"password\\\";s:6:\\\"hashed\\\";}s:17:\\\"\\u0000*\\u0000classCastCache\\\";a:0:{}s:21:\\\"\\u0000*\\u0000attributeCastCache\\\";a:0:{}s:13:\\\"\\u0000*\\u0000dateFormat\\\";N;s:10:\\\"\\u0000*\\u0000appends\\\";a:0:{}s:19:\\\"\\u0000*\\u0000dispatchesEvents\\\";a:0:{}s:14:\\\"\\u0000*\\u0000observables\\\";a:0:{}s:12:\\\"\\u0000*\\u0000relations\\\";a:0:{}s:10:\\\"\\u0000*\\u0000touches\\\";a:0:{}s:10:\\\"timestamps\\\";b:1;s:13:\\\"usesUniqueIds\\\";b:0;s:9:\\\"\\u0000*\\u0000hidden\\\";a:2:{i:0;s:8:\\\"password\\\";i:1;s:14:\\\"remember_token\\\";}s:10:\\\"\\u0000*\\u0000visible\\\";a:0:{}s:11:\\\"\\u0000*\\u0000fillable\\\";a:4:{i:0;s:4:\\\"name\\\";i:1;s:5:\\\"email\\\";i:2;s:5:\\\"phone\\\";i:3;s:8:\\\"password\\\";}s:10:\\\"\\u0000*\\u0000guarded\\\";a:1:{i:0;s:1:\\\"*\\\";}s:20:\\\"\\u0000*\\u0000rememberTokenName\\\";s:14:\\\"remember_token\\\";s:14:\\\"\\u0000*\\u0000accessToken\\\";N;}}s:10:\\\"\\u0000*\\u0000touches\\\";a:0:{}s:10:\\\"timestamps\\\";b:1;s:13:\\\"usesUniqueIds\\\";b:0;s:9:\\\"\\u0000*\\u0000hidden\\\";a:0:{}s:10:\\\"\\u0000*\\u0000visible\\\";a:0:{}s:11:\\\"\\u0000*\\u0000fillable\\\";a:27:{i:0;s:4:\\\"code\\\";i:1;s:7:\\\"user_id\\\";i:2;s:18:\\\"estimated_delivery\\\";i:3;s:16:\\\"shipping_address\\\";i:4;s:15:\\\"billing_address\\\";i:5;s:11:\\\"order_notes\\\";i:6;s:15:\\\"delivery_status\\\";i:7;s:12:\\\"payment_type\\\";i:8;s:14:\\\"payment_status\\\";i:9;s:15:\\\"payment_details\\\";i:10;s:19:\\\"payment_tracking_id\\\";i:11;s:13:\\\"shipping_type\\\";i:12;s:13:\\\"shipping_cost\\\";i:13;s:3:\\\"tax\\\";i:14;s:11:\\\"grand_total\\\";i:15;s:9:\\\"sub_total\\\";i:16;s:15:\\\"coupon_discount\\\";i:17;s:11:\\\"coupon_code\\\";i:18;s:14:\\\"offer_discount\\\";i:19;s:13:\\\"tracking_code\\\";i:20;s:23:\\\"delivery_completed_date\\\";i:21;s:4:\\\"date\\\";i:22;s:14:\\\"cancel_request\\\";i:23;s:19:\\\"cancel_request_date\\\";i:24;s:15:\\\"cancel_approval\\\";i:25;s:20:\\\"cancel_approval_date\\\";i:26;s:13:\\\"cancel_reason\\\";}s:10:\\\"\\u0000*\\u0000guarded\\\";a:1:{i:0;s:1:\\\"*\\\";}}}s:2:\\\"to\\\";a:1:{i:0;a:2:{s:4:\\\"name\\\";N;s:7:\\\"address\\\";s:23:\\\"jisha.tomsher@gmail.com\\\";}}s:6:\\\"mailer\\\";s:4:\\\"smtp\\\";}s:5:\\\"tries\\\";N;s:7:\\\"timeout\\\";N;s:13:\\\"maxExceptions\\\";N;s:17:\\\"shouldBeEncrypted\\\";b:0;s:10:\\\"connection\\\";N;s:5:\\\"queue\\\";N;s:15:\\\"chainConnection\\\";N;s:10:\\\"chainQueue\\\";N;s:19:\\\"chainCatchCallbacks\\\";N;s:5:\\\"delay\\\";N;s:11:\\\"afterCommit\\\";N;s:10:\\\"middleware\\\";a:0:{}s:7:\\\"chained\\\";a:0:{}s:3:\\\"job\\\";N;}\"}}',0,NULL,1744956591,1744956591),(58,'default','{\"uuid\":\"254dca3c-bebf-40ab-ab1c-f27fefc7ec37\",\"displayName\":\"App\\\\Mail\\\\InvoiceEmailManager\",\"job\":\"Illuminate\\\\Queue\\\\CallQueuedHandler@call\",\"maxTries\":null,\"maxExceptions\":null,\"failOnTimeout\":false,\"backoff\":null,\"timeout\":null,\"retryUntil\":null,\"data\":{\"commandName\":\"Illuminate\\\\Mail\\\\SendQueuedMailable\",\"command\":\"O:34:\\\"Illuminate\\\\Mail\\\\SendQueuedMailable\\\":15:{s:8:\\\"mailable\\\";O:28:\\\"App\\\\Mail\\\\InvoiceEmailManager\\\":3:{s:5:\\\"array\\\";a:4:{s:4:\\\"view\\\";s:14:\\\"emails.invoice\\\";s:7:\\\"subject\\\";s:44:\\\"Thank you for your order - 20250418-11220948\\\";s:4:\\\"from\\\";s:23:\\\"jisha.tomsher@gmail.com\\\";s:5:\\\"order\\\";O:16:\\\"App\\\\Models\\\\Order\\\":30:{s:13:\\\"\\u0000*\\u0000connection\\\";s:5:\\\"mysql\\\";s:8:\\\"\\u0000*\\u0000table\\\";s:6:\\\"orders\\\";s:13:\\\"\\u0000*\\u0000primaryKey\\\";s:2:\\\"id\\\";s:10:\\\"\\u0000*\\u0000keyType\\\";s:3:\\\"int\\\";s:12:\\\"incrementing\\\";b:1;s:7:\\\"\\u0000*\\u0000with\\\";a:0:{}s:12:\\\"\\u0000*\\u0000withCount\\\";a:0:{}s:19:\\\"preventsLazyLoading\\\";b:0;s:10:\\\"\\u0000*\\u0000perPage\\\";i:15;s:6:\\\"exists\\\";b:1;s:18:\\\"wasRecentlyCreated\\\";b:1;s:28:\\\"\\u0000*\\u0000escapeWhenCastingToString\\\";b:0;s:13:\\\"\\u0000*\\u0000attributes\\\";a:20:{s:7:\\\"user_id\\\";i:68;s:16:\\\"shipping_address\\\";s:214:\\\"{\\\"name\\\":\\\"Jisha P\\\",\\\"email\\\":\\\"jisha.tomsher@gmail.com\\\",\\\"address\\\":\\\"Flat number 606, 184th floor, Burj khalifa\\\",\\\"zipcode\\\":null,\\\"city\\\":\\\"Burj Park\\\",\\\"state\\\":\\\"Dubai\\\",\\\"country\\\":\\\"United Arab Emirates\\\",\\\"phone\\\":\\\"+971568656856\\\"}\\\";s:15:\\\"billing_address\\\";s:214:\\\"{\\\"name\\\":\\\"Jisha P\\\",\\\"email\\\":\\\"jisha.tomsher@gmail.com\\\",\\\"address\\\":\\\"Flat number 606, 184th floor, Burj khalifa\\\",\\\"zipcode\\\":null,\\\"city\\\":\\\"Burj Park\\\",\\\"state\\\":\\\"Dubai\\\",\\\"country\\\":\\\"United Arab Emirates\\\",\\\"phone\\\":\\\"+971568656856\\\"}\\\";s:11:\\\"order_notes\\\";s:0:\\\"\\\";s:13:\\\"shipping_type\\\";s:13:\\\"free_shipping\\\";s:13:\\\"shipping_cost\\\";d:0;s:15:\\\"delivery_status\\\";s:7:\\\"pending\\\";s:12:\\\"payment_type\\\";s:3:\\\"cod\\\";s:14:\\\"payment_status\\\";s:7:\\\"un_paid\\\";s:11:\\\"grand_total\\\";d:13043.88;s:3:\\\"tax\\\";d:449.88;s:9:\\\"sub_total\\\";d:12594;s:14:\\\"offer_discount\\\";d:0;s:15:\\\"coupon_discount\\\";d:0;s:4:\\\"code\\\";s:17:\\\"20250418-11220948\\\";s:4:\\\"date\\\";i:1744960929;s:10:\\\"updated_at\\\";s:19:\\\"2025-04-18 11:22:09\\\";s:10:\\\"created_at\\\";s:19:\\\"2025-04-18 11:22:09\\\";s:2:\\\"id\\\";i:30;s:11:\\\"coupon_code\\\";N;}s:11:\\\"\\u0000*\\u0000original\\\";a:20:{s:7:\\\"user_id\\\";i:68;s:16:\\\"shipping_address\\\";s:214:\\\"{\\\"name\\\":\\\"Jisha P\\\",\\\"email\\\":\\\"jisha.tomsher@gmail.com\\\",\\\"address\\\":\\\"Flat number 606, 184th floor, Burj khalifa\\\",\\\"zipcode\\\":null,\\\"city\\\":\\\"Burj Park\\\",\\\"state\\\":\\\"Dubai\\\",\\\"country\\\":\\\"United Arab Emirates\\\",\\\"phone\\\":\\\"+971568656856\\\"}\\\";s:15:\\\"billing_address\\\";s:214:\\\"{\\\"name\\\":\\\"Jisha P\\\",\\\"email\\\":\\\"jisha.tomsher@gmail.com\\\",\\\"address\\\":\\\"Flat number 606, 184th floor, Burj khalifa\\\",\\\"zipcode\\\":null,\\\"city\\\":\\\"Burj Park\\\",\\\"state\\\":\\\"Dubai\\\",\\\"country\\\":\\\"United Arab Emirates\\\",\\\"phone\\\":\\\"+971568656856\\\"}\\\";s:11:\\\"order_notes\\\";s:0:\\\"\\\";s:13:\\\"shipping_type\\\";s:13:\\\"free_shipping\\\";s:13:\\\"shipping_cost\\\";d:0;s:15:\\\"delivery_status\\\";s:7:\\\"pending\\\";s:12:\\\"payment_type\\\";s:3:\\\"cod\\\";s:14:\\\"payment_status\\\";s:7:\\\"un_paid\\\";s:11:\\\"grand_total\\\";d:13043.88;s:3:\\\"tax\\\";d:449.88;s:9:\\\"sub_total\\\";d:12594;s:14:\\\"offer_discount\\\";d:0;s:15:\\\"coupon_discount\\\";d:0;s:4:\\\"code\\\";s:17:\\\"20250418-11220948\\\";s:4:\\\"date\\\";i:1744960929;s:10:\\\"updated_at\\\";s:19:\\\"2025-04-18 11:22:09\\\";s:10:\\\"created_at\\\";s:19:\\\"2025-04-18 11:22:09\\\";s:2:\\\"id\\\";i:30;s:11:\\\"coupon_code\\\";N;}s:10:\\\"\\u0000*\\u0000changes\\\";a:4:{s:11:\\\"grand_total\\\";d:13043.88;s:3:\\\"tax\\\";d:449.88;s:9:\\\"sub_total\\\";d:12594;s:11:\\\"coupon_code\\\";N;}s:8:\\\"\\u0000*\\u0000casts\\\";a:0:{}s:17:\\\"\\u0000*\\u0000classCastCache\\\";a:0:{}s:21:\\\"\\u0000*\\u0000attributeCastCache\\\";a:0:{}s:13:\\\"\\u0000*\\u0000dateFormat\\\";N;s:10:\\\"\\u0000*\\u0000appends\\\";a:0:{}s:19:\\\"\\u0000*\\u0000dispatchesEvents\\\";a:0:{}s:14:\\\"\\u0000*\\u0000observables\\\";a:0:{}s:12:\\\"\\u0000*\\u0000relations\\\";a:1:{s:4:\\\"user\\\";O:15:\\\"App\\\\Models\\\\User\\\":32:{s:13:\\\"\\u0000*\\u0000connection\\\";s:5:\\\"mysql\\\";s:8:\\\"\\u0000*\\u0000table\\\";s:5:\\\"users\\\";s:13:\\\"\\u0000*\\u0000primaryKey\\\";s:2:\\\"id\\\";s:10:\\\"\\u0000*\\u0000keyType\\\";s:3:\\\"int\\\";s:12:\\\"incrementing\\\";b:1;s:7:\\\"\\u0000*\\u0000with\\\";a:0:{}s:12:\\\"\\u0000*\\u0000withCount\\\";a:0:{}s:19:\\\"preventsLazyLoading\\\";b:0;s:10:\\\"\\u0000*\\u0000perPage\\\";i:15;s:6:\\\"exists\\\";b:1;s:18:\\\"wasRecentlyCreated\\\";b:0;s:28:\\\"\\u0000*\\u0000escapeWhenCastingToString\\\";b:0;s:13:\\\"\\u0000*\\u0000attributes\\\";a:20:{s:2:\\\"id\\\";i:68;s:9:\\\"user_type\\\";s:8:\\\"customer\\\";s:4:\\\"name\\\";s:15:\\\"Nythika Renjith\\\";s:5:\\\"email\\\";s:23:\\\"jisha.tomsher@gmail.com\\\";s:5:\\\"phone\\\";s:12:\\\"971568650838\\\";s:6:\\\"banned\\\";i:0;s:8:\\\"password\\\";s:60:\\\"$2y$12$TJLFV0ymMSd4PLNrKM1WHe1UtBcCYbj9KVARdiuas2KlwgsPv6GIy\\\";s:14:\\\"remember_token\\\";s:60:\\\"NDCGvEimz6Qm42Xbo0f7RxtBgpdzbGTXHSijuAYkcQnkK4m6KkYPwcKpeTqK\\\";s:3:\\\"otp\\\";N;s:10:\\\"otp_expiry\\\";N;s:17:\\\"is_phone_verified\\\";i:0;s:17:\\\"email_verified_at\\\";N;s:17:\\\"verification_code\\\";N;s:6:\\\"status\\\";i:0;s:12:\\\"device_token\\\";N;s:6:\\\"avatar\\\";N;s:10:\\\"created_by\\\";N;s:10:\\\"updated_by\\\";N;s:10:\\\"created_at\\\";s:19:\\\"2025-03-22 05:36:38\\\";s:10:\\\"updated_at\\\";s:19:\\\"2025-04-17 16:59:32\\\";}s:11:\\\"\\u0000*\\u0000original\\\";a:20:{s:2:\\\"id\\\";i:68;s:9:\\\"user_type\\\";s:8:\\\"customer\\\";s:4:\\\"name\\\";s:15:\\\"Nythika Renjith\\\";s:5:\\\"email\\\";s:23:\\\"jisha.tomsher@gmail.com\\\";s:5:\\\"phone\\\";s:12:\\\"971568650838\\\";s:6:\\\"banned\\\";i:0;s:8:\\\"password\\\";s:60:\\\"$2y$12$TJLFV0ymMSd4PLNrKM1WHe1UtBcCYbj9KVARdiuas2KlwgsPv6GIy\\\";s:14:\\\"remember_token\\\";s:60:\\\"NDCGvEimz6Qm42Xbo0f7RxtBgpdzbGTXHSijuAYkcQnkK4m6KkYPwcKpeTqK\\\";s:3:\\\"otp\\\";N;s:10:\\\"otp_expiry\\\";N;s:17:\\\"is_phone_verified\\\";i:0;s:17:\\\"email_verified_at\\\";N;s:17:\\\"verification_code\\\";N;s:6:\\\"status\\\";i:0;s:12:\\\"device_token\\\";N;s:6:\\\"avatar\\\";N;s:10:\\\"created_by\\\";N;s:10:\\\"updated_by\\\";N;s:10:\\\"created_at\\\";s:19:\\\"2025-03-22 05:36:38\\\";s:10:\\\"updated_at\\\";s:19:\\\"2025-04-17 16:59:32\\\";}s:10:\\\"\\u0000*\\u0000changes\\\";a:0:{}s:8:\\\"\\u0000*\\u0000casts\\\";a:2:{s:17:\\\"email_verified_at\\\";s:8:\\\"datetime\\\";s:8:\\\"password\\\";s:6:\\\"hashed\\\";}s:17:\\\"\\u0000*\\u0000classCastCache\\\";a:0:{}s:21:\\\"\\u0000*\\u0000attributeCastCache\\\";a:0:{}s:13:\\\"\\u0000*\\u0000dateFormat\\\";N;s:10:\\\"\\u0000*\\u0000appends\\\";a:0:{}s:19:\\\"\\u0000*\\u0000dispatchesEvents\\\";a:0:{}s:14:\\\"\\u0000*\\u0000observables\\\";a:0:{}s:12:\\\"\\u0000*\\u0000relations\\\";a:0:{}s:10:\\\"\\u0000*\\u0000touches\\\";a:0:{}s:10:\\\"timestamps\\\";b:1;s:13:\\\"usesUniqueIds\\\";b:0;s:9:\\\"\\u0000*\\u0000hidden\\\";a:2:{i:0;s:8:\\\"password\\\";i:1;s:14:\\\"remember_token\\\";}s:10:\\\"\\u0000*\\u0000visible\\\";a:0:{}s:11:\\\"\\u0000*\\u0000fillable\\\";a:4:{i:0;s:4:\\\"name\\\";i:1;s:5:\\\"email\\\";i:2;s:5:\\\"phone\\\";i:3;s:8:\\\"password\\\";}s:10:\\\"\\u0000*\\u0000guarded\\\";a:1:{i:0;s:1:\\\"*\\\";}s:20:\\\"\\u0000*\\u0000rememberTokenName\\\";s:14:\\\"remember_token\\\";s:14:\\\"\\u0000*\\u0000accessToken\\\";N;}}s:10:\\\"\\u0000*\\u0000touches\\\";a:0:{}s:10:\\\"timestamps\\\";b:1;s:13:\\\"usesUniqueIds\\\";b:0;s:9:\\\"\\u0000*\\u0000hidden\\\";a:0:{}s:10:\\\"\\u0000*\\u0000visible\\\";a:0:{}s:11:\\\"\\u0000*\\u0000fillable\\\";a:27:{i:0;s:4:\\\"code\\\";i:1;s:7:\\\"user_id\\\";i:2;s:18:\\\"estimated_delivery\\\";i:3;s:16:\\\"shipping_address\\\";i:4;s:15:\\\"billing_address\\\";i:5;s:11:\\\"order_notes\\\";i:6;s:15:\\\"delivery_status\\\";i:7;s:12:\\\"payment_type\\\";i:8;s:14:\\\"payment_status\\\";i:9;s:15:\\\"payment_details\\\";i:10;s:19:\\\"payment_tracking_id\\\";i:11;s:13:\\\"shipping_type\\\";i:12;s:13:\\\"shipping_cost\\\";i:13;s:3:\\\"tax\\\";i:14;s:11:\\\"grand_total\\\";i:15;s:9:\\\"sub_total\\\";i:16;s:15:\\\"coupon_discount\\\";i:17;s:11:\\\"coupon_code\\\";i:18;s:14:\\\"offer_discount\\\";i:19;s:13:\\\"tracking_code\\\";i:20;s:23:\\\"delivery_completed_date\\\";i:21;s:4:\\\"date\\\";i:22;s:14:\\\"cancel_request\\\";i:23;s:19:\\\"cancel_request_date\\\";i:24;s:15:\\\"cancel_approval\\\";i:25;s:20:\\\"cancel_approval_date\\\";i:26;s:13:\\\"cancel_reason\\\";}s:10:\\\"\\u0000*\\u0000guarded\\\";a:1:{i:0;s:1:\\\"*\\\";}}}s:2:\\\"to\\\";a:1:{i:0;a:2:{s:4:\\\"name\\\";N;s:7:\\\"address\\\";s:23:\\\"jisha.tomsher@gmail.com\\\";}}s:6:\\\"mailer\\\";s:4:\\\"smtp\\\";}s:5:\\\"tries\\\";N;s:7:\\\"timeout\\\";N;s:13:\\\"maxExceptions\\\";N;s:17:\\\"shouldBeEncrypted\\\";b:0;s:10:\\\"connection\\\";N;s:5:\\\"queue\\\";N;s:15:\\\"chainConnection\\\";N;s:10:\\\"chainQueue\\\";N;s:19:\\\"chainCatchCallbacks\\\";N;s:5:\\\"delay\\\";N;s:11:\\\"afterCommit\\\";N;s:10:\\\"middleware\\\";a:0:{}s:7:\\\"chained\\\";a:0:{}s:3:\\\"job\\\";N;}\"}}',0,NULL,1744960929,1744960929),(59,'default','{\"uuid\":\"1b14a6de-e80b-47fe-b662-fbfecd84ae9a\",\"displayName\":\"App\\\\Mail\\\\InvoiceEmailManager\",\"job\":\"Illuminate\\\\Queue\\\\CallQueuedHandler@call\",\"maxTries\":null,\"maxExceptions\":null,\"failOnTimeout\":false,\"backoff\":null,\"timeout\":null,\"retryUntil\":null,\"data\":{\"commandName\":\"Illuminate\\\\Mail\\\\SendQueuedMailable\",\"command\":\"O:34:\\\"Illuminate\\\\Mail\\\\SendQueuedMailable\\\":15:{s:8:\\\"mailable\\\";O:28:\\\"App\\\\Mail\\\\InvoiceEmailManager\\\":3:{s:5:\\\"array\\\";a:4:{s:4:\\\"view\\\";s:14:\\\"emails.invoice\\\";s:7:\\\"subject\\\";s:47:\\\"A new order has been placed - 20250418-11220948\\\";s:4:\\\"from\\\";s:23:\\\"jisha.tomsher@gmail.com\\\";s:5:\\\"order\\\";O:16:\\\"App\\\\Models\\\\Order\\\":30:{s:13:\\\"\\u0000*\\u0000connection\\\";s:5:\\\"mysql\\\";s:8:\\\"\\u0000*\\u0000table\\\";s:6:\\\"orders\\\";s:13:\\\"\\u0000*\\u0000primaryKey\\\";s:2:\\\"id\\\";s:10:\\\"\\u0000*\\u0000keyType\\\";s:3:\\\"int\\\";s:12:\\\"incrementing\\\";b:1;s:7:\\\"\\u0000*\\u0000with\\\";a:0:{}s:12:\\\"\\u0000*\\u0000withCount\\\";a:0:{}s:19:\\\"preventsLazyLoading\\\";b:0;s:10:\\\"\\u0000*\\u0000perPage\\\";i:15;s:6:\\\"exists\\\";b:1;s:18:\\\"wasRecentlyCreated\\\";b:1;s:28:\\\"\\u0000*\\u0000escapeWhenCastingToString\\\";b:0;s:13:\\\"\\u0000*\\u0000attributes\\\";a:20:{s:7:\\\"user_id\\\";i:68;s:16:\\\"shipping_address\\\";s:214:\\\"{\\\"name\\\":\\\"Jisha P\\\",\\\"email\\\":\\\"jisha.tomsher@gmail.com\\\",\\\"address\\\":\\\"Flat number 606, 184th floor, Burj khalifa\\\",\\\"zipcode\\\":null,\\\"city\\\":\\\"Burj Park\\\",\\\"state\\\":\\\"Dubai\\\",\\\"country\\\":\\\"United Arab Emirates\\\",\\\"phone\\\":\\\"+971568656856\\\"}\\\";s:15:\\\"billing_address\\\";s:214:\\\"{\\\"name\\\":\\\"Jisha P\\\",\\\"email\\\":\\\"jisha.tomsher@gmail.com\\\",\\\"address\\\":\\\"Flat number 606, 184th floor, Burj khalifa\\\",\\\"zipcode\\\":null,\\\"city\\\":\\\"Burj Park\\\",\\\"state\\\":\\\"Dubai\\\",\\\"country\\\":\\\"United Arab Emirates\\\",\\\"phone\\\":\\\"+971568656856\\\"}\\\";s:11:\\\"order_notes\\\";s:0:\\\"\\\";s:13:\\\"shipping_type\\\";s:13:\\\"free_shipping\\\";s:13:\\\"shipping_cost\\\";d:0;s:15:\\\"delivery_status\\\";s:7:\\\"pending\\\";s:12:\\\"payment_type\\\";s:3:\\\"cod\\\";s:14:\\\"payment_status\\\";s:7:\\\"un_paid\\\";s:11:\\\"grand_total\\\";d:13043.88;s:3:\\\"tax\\\";d:449.88;s:9:\\\"sub_total\\\";d:12594;s:14:\\\"offer_discount\\\";d:0;s:15:\\\"coupon_discount\\\";d:0;s:4:\\\"code\\\";s:17:\\\"20250418-11220948\\\";s:4:\\\"date\\\";i:1744960929;s:10:\\\"updated_at\\\";s:19:\\\"2025-04-18 11:22:09\\\";s:10:\\\"created_at\\\";s:19:\\\"2025-04-18 11:22:09\\\";s:2:\\\"id\\\";i:30;s:11:\\\"coupon_code\\\";N;}s:11:\\\"\\u0000*\\u0000original\\\";a:20:{s:7:\\\"user_id\\\";i:68;s:16:\\\"shipping_address\\\";s:214:\\\"{\\\"name\\\":\\\"Jisha P\\\",\\\"email\\\":\\\"jisha.tomsher@gmail.com\\\",\\\"address\\\":\\\"Flat number 606, 184th floor, Burj khalifa\\\",\\\"zipcode\\\":null,\\\"city\\\":\\\"Burj Park\\\",\\\"state\\\":\\\"Dubai\\\",\\\"country\\\":\\\"United Arab Emirates\\\",\\\"phone\\\":\\\"+971568656856\\\"}\\\";s:15:\\\"billing_address\\\";s:214:\\\"{\\\"name\\\":\\\"Jisha P\\\",\\\"email\\\":\\\"jisha.tomsher@gmail.com\\\",\\\"address\\\":\\\"Flat number 606, 184th floor, Burj khalifa\\\",\\\"zipcode\\\":null,\\\"city\\\":\\\"Burj Park\\\",\\\"state\\\":\\\"Dubai\\\",\\\"country\\\":\\\"United Arab Emirates\\\",\\\"phone\\\":\\\"+971568656856\\\"}\\\";s:11:\\\"order_notes\\\";s:0:\\\"\\\";s:13:\\\"shipping_type\\\";s:13:\\\"free_shipping\\\";s:13:\\\"shipping_cost\\\";d:0;s:15:\\\"delivery_status\\\";s:7:\\\"pending\\\";s:12:\\\"payment_type\\\";s:3:\\\"cod\\\";s:14:\\\"payment_status\\\";s:7:\\\"un_paid\\\";s:11:\\\"grand_total\\\";d:13043.88;s:3:\\\"tax\\\";d:449.88;s:9:\\\"sub_total\\\";d:12594;s:14:\\\"offer_discount\\\";d:0;s:15:\\\"coupon_discount\\\";d:0;s:4:\\\"code\\\";s:17:\\\"20250418-11220948\\\";s:4:\\\"date\\\";i:1744960929;s:10:\\\"updated_at\\\";s:19:\\\"2025-04-18 11:22:09\\\";s:10:\\\"created_at\\\";s:19:\\\"2025-04-18 11:22:09\\\";s:2:\\\"id\\\";i:30;s:11:\\\"coupon_code\\\";N;}s:10:\\\"\\u0000*\\u0000changes\\\";a:4:{s:11:\\\"grand_total\\\";d:13043.88;s:3:\\\"tax\\\";d:449.88;s:9:\\\"sub_total\\\";d:12594;s:11:\\\"coupon_code\\\";N;}s:8:\\\"\\u0000*\\u0000casts\\\";a:0:{}s:17:\\\"\\u0000*\\u0000classCastCache\\\";a:0:{}s:21:\\\"\\u0000*\\u0000attributeCastCache\\\";a:0:{}s:13:\\\"\\u0000*\\u0000dateFormat\\\";N;s:10:\\\"\\u0000*\\u0000appends\\\";a:0:{}s:19:\\\"\\u0000*\\u0000dispatchesEvents\\\";a:0:{}s:14:\\\"\\u0000*\\u0000observables\\\";a:0:{}s:12:\\\"\\u0000*\\u0000relations\\\";a:1:{s:4:\\\"user\\\";O:15:\\\"App\\\\Models\\\\User\\\":32:{s:13:\\\"\\u0000*\\u0000connection\\\";s:5:\\\"mysql\\\";s:8:\\\"\\u0000*\\u0000table\\\";s:5:\\\"users\\\";s:13:\\\"\\u0000*\\u0000primaryKey\\\";s:2:\\\"id\\\";s:10:\\\"\\u0000*\\u0000keyType\\\";s:3:\\\"int\\\";s:12:\\\"incrementing\\\";b:1;s:7:\\\"\\u0000*\\u0000with\\\";a:0:{}s:12:\\\"\\u0000*\\u0000withCount\\\";a:0:{}s:19:\\\"preventsLazyLoading\\\";b:0;s:10:\\\"\\u0000*\\u0000perPage\\\";i:15;s:6:\\\"exists\\\";b:1;s:18:\\\"wasRecentlyCreated\\\";b:0;s:28:\\\"\\u0000*\\u0000escapeWhenCastingToString\\\";b:0;s:13:\\\"\\u0000*\\u0000attributes\\\";a:20:{s:2:\\\"id\\\";i:68;s:9:\\\"user_type\\\";s:8:\\\"customer\\\";s:4:\\\"name\\\";s:15:\\\"Nythika Renjith\\\";s:5:\\\"email\\\";s:23:\\\"jisha.tomsher@gmail.com\\\";s:5:\\\"phone\\\";s:12:\\\"971568650838\\\";s:6:\\\"banned\\\";i:0;s:8:\\\"password\\\";s:60:\\\"$2y$12$TJLFV0ymMSd4PLNrKM1WHe1UtBcCYbj9KVARdiuas2KlwgsPv6GIy\\\";s:14:\\\"remember_token\\\";s:60:\\\"NDCGvEimz6Qm42Xbo0f7RxtBgpdzbGTXHSijuAYkcQnkK4m6KkYPwcKpeTqK\\\";s:3:\\\"otp\\\";N;s:10:\\\"otp_expiry\\\";N;s:17:\\\"is_phone_verified\\\";i:0;s:17:\\\"email_verified_at\\\";N;s:17:\\\"verification_code\\\";N;s:6:\\\"status\\\";i:0;s:12:\\\"device_token\\\";N;s:6:\\\"avatar\\\";N;s:10:\\\"created_by\\\";N;s:10:\\\"updated_by\\\";N;s:10:\\\"created_at\\\";s:19:\\\"2025-03-22 05:36:38\\\";s:10:\\\"updated_at\\\";s:19:\\\"2025-04-17 16:59:32\\\";}s:11:\\\"\\u0000*\\u0000original\\\";a:20:{s:2:\\\"id\\\";i:68;s:9:\\\"user_type\\\";s:8:\\\"customer\\\";s:4:\\\"name\\\";s:15:\\\"Nythika Renjith\\\";s:5:\\\"email\\\";s:23:\\\"jisha.tomsher@gmail.com\\\";s:5:\\\"phone\\\";s:12:\\\"971568650838\\\";s:6:\\\"banned\\\";i:0;s:8:\\\"password\\\";s:60:\\\"$2y$12$TJLFV0ymMSd4PLNrKM1WHe1UtBcCYbj9KVARdiuas2KlwgsPv6GIy\\\";s:14:\\\"remember_token\\\";s:60:\\\"NDCGvEimz6Qm42Xbo0f7RxtBgpdzbGTXHSijuAYkcQnkK4m6KkYPwcKpeTqK\\\";s:3:\\\"otp\\\";N;s:10:\\\"otp_expiry\\\";N;s:17:\\\"is_phone_verified\\\";i:0;s:17:\\\"email_verified_at\\\";N;s:17:\\\"verification_code\\\";N;s:6:\\\"status\\\";i:0;s:12:\\\"device_token\\\";N;s:6:\\\"avatar\\\";N;s:10:\\\"created_by\\\";N;s:10:\\\"updated_by\\\";N;s:10:\\\"created_at\\\";s:19:\\\"2025-03-22 05:36:38\\\";s:10:\\\"updated_at\\\";s:19:\\\"2025-04-17 16:59:32\\\";}s:10:\\\"\\u0000*\\u0000changes\\\";a:0:{}s:8:\\\"\\u0000*\\u0000casts\\\";a:2:{s:17:\\\"email_verified_at\\\";s:8:\\\"datetime\\\";s:8:\\\"password\\\";s:6:\\\"hashed\\\";}s:17:\\\"\\u0000*\\u0000classCastCache\\\";a:0:{}s:21:\\\"\\u0000*\\u0000attributeCastCache\\\";a:0:{}s:13:\\\"\\u0000*\\u0000dateFormat\\\";N;s:10:\\\"\\u0000*\\u0000appends\\\";a:0:{}s:19:\\\"\\u0000*\\u0000dispatchesEvents\\\";a:0:{}s:14:\\\"\\u0000*\\u0000observables\\\";a:0:{}s:12:\\\"\\u0000*\\u0000relations\\\";a:0:{}s:10:\\\"\\u0000*\\u0000touches\\\";a:0:{}s:10:\\\"timestamps\\\";b:1;s:13:\\\"usesUniqueIds\\\";b:0;s:9:\\\"\\u0000*\\u0000hidden\\\";a:2:{i:0;s:8:\\\"password\\\";i:1;s:14:\\\"remember_token\\\";}s:10:\\\"\\u0000*\\u0000visible\\\";a:0:{}s:11:\\\"\\u0000*\\u0000fillable\\\";a:4:{i:0;s:4:\\\"name\\\";i:1;s:5:\\\"email\\\";i:2;s:5:\\\"phone\\\";i:3;s:8:\\\"password\\\";}s:10:\\\"\\u0000*\\u0000guarded\\\";a:1:{i:0;s:1:\\\"*\\\";}s:20:\\\"\\u0000*\\u0000rememberTokenName\\\";s:14:\\\"remember_token\\\";s:14:\\\"\\u0000*\\u0000accessToken\\\";N;}}s:10:\\\"\\u0000*\\u0000touches\\\";a:0:{}s:10:\\\"timestamps\\\";b:1;s:13:\\\"usesUniqueIds\\\";b:0;s:9:\\\"\\u0000*\\u0000hidden\\\";a:0:{}s:10:\\\"\\u0000*\\u0000visible\\\";a:0:{}s:11:\\\"\\u0000*\\u0000fillable\\\";a:27:{i:0;s:4:\\\"code\\\";i:1;s:7:\\\"user_id\\\";i:2;s:18:\\\"estimated_delivery\\\";i:3;s:16:\\\"shipping_address\\\";i:4;s:15:\\\"billing_address\\\";i:5;s:11:\\\"order_notes\\\";i:6;s:15:\\\"delivery_status\\\";i:7;s:12:\\\"payment_type\\\";i:8;s:14:\\\"payment_status\\\";i:9;s:15:\\\"payment_details\\\";i:10;s:19:\\\"payment_tracking_id\\\";i:11;s:13:\\\"shipping_type\\\";i:12;s:13:\\\"shipping_cost\\\";i:13;s:3:\\\"tax\\\";i:14;s:11:\\\"grand_total\\\";i:15;s:9:\\\"sub_total\\\";i:16;s:15:\\\"coupon_discount\\\";i:17;s:11:\\\"coupon_code\\\";i:18;s:14:\\\"offer_discount\\\";i:19;s:13:\\\"tracking_code\\\";i:20;s:23:\\\"delivery_completed_date\\\";i:21;s:4:\\\"date\\\";i:22;s:14:\\\"cancel_request\\\";i:23;s:19:\\\"cancel_request_date\\\";i:24;s:15:\\\"cancel_approval\\\";i:25;s:20:\\\"cancel_approval_date\\\";i:26;s:13:\\\"cancel_reason\\\";}s:10:\\\"\\u0000*\\u0000guarded\\\";a:1:{i:0;s:1:\\\"*\\\";}}}s:2:\\\"to\\\";a:1:{i:0;a:2:{s:4:\\\"name\\\";N;s:7:\\\"address\\\";s:23:\\\"jisha.tomsher@gmail.com\\\";}}s:6:\\\"mailer\\\";s:4:\\\"smtp\\\";}s:5:\\\"tries\\\";N;s:7:\\\"timeout\\\";N;s:13:\\\"maxExceptions\\\";N;s:17:\\\"shouldBeEncrypted\\\";b:0;s:10:\\\"connection\\\";N;s:5:\\\"queue\\\";N;s:15:\\\"chainConnection\\\";N;s:10:\\\"chainQueue\\\";N;s:19:\\\"chainCatchCallbacks\\\";N;s:5:\\\"delay\\\";N;s:11:\\\"afterCommit\\\";N;s:10:\\\"middleware\\\";a:0:{}s:7:\\\"chained\\\";a:0:{}s:3:\\\"job\\\";N;}\"}}',0,NULL,1744960929,1744960929),(60,'default','{\"uuid\":\"59323ce2-610e-4f5e-b376-2d0bdababc09\",\"displayName\":\"App\\\\Mail\\\\ContactEnquiry\",\"job\":\"Illuminate\\\\Queue\\\\CallQueuedHandler@call\",\"maxTries\":null,\"maxExceptions\":null,\"failOnTimeout\":false,\"backoff\":null,\"timeout\":null,\"retryUntil\":null,\"data\":{\"commandName\":\"Illuminate\\\\Mail\\\\SendQueuedMailable\",\"command\":\"O:34:\\\"Illuminate\\\\Mail\\\\SendQueuedMailable\\\":15:{s:8:\\\"mailable\\\";O:23:\\\"App\\\\Mail\\\\ContactEnquiry\\\":3:{s:7:\\\"contact\\\";O:45:\\\"Illuminate\\\\Contracts\\\\Database\\\\ModelIdentifier\\\":5:{s:5:\\\"class\\\";s:19:\\\"App\\\\Models\\\\Contacts\\\";s:2:\\\"id\\\";i:3;s:9:\\\"relations\\\";a:0:{}s:10:\\\"connection\\\";s:5:\\\"mysql\\\";s:15:\\\"collectionClass\\\";N;}s:2:\\\"to\\\";a:1:{i:0;a:2:{s:4:\\\"name\\\";N;s:7:\\\"address\\\";s:12:\\\"ho@gmail.com\\\";}}s:6:\\\"mailer\\\";s:4:\\\"smtp\\\";}s:5:\\\"tries\\\";N;s:7:\\\"timeout\\\";N;s:13:\\\"maxExceptions\\\";N;s:17:\\\"shouldBeEncrypted\\\";b:0;s:10:\\\"connection\\\";N;s:5:\\\"queue\\\";N;s:15:\\\"chainConnection\\\";N;s:10:\\\"chainQueue\\\";N;s:19:\\\"chainCatchCallbacks\\\";N;s:5:\\\"delay\\\";N;s:11:\\\"afterCommit\\\";N;s:10:\\\"middleware\\\";a:0:{}s:7:\\\"chained\\\";a:0:{}s:3:\\\"job\\\";N;}\"}}',0,NULL,1752748145,1752748145);
/*!40000 ALTER TABLE `jobs` ENABLE KEYS */;
UNLOCK TABLES;

--
-- Table structure for table `languages`
--

DROP TABLE IF EXISTS `languages`;
/*!40101 SET @saved_cs_client     = @@character_set_client */;
/*!50503 SET character_set_client = utf8mb4 */;
CREATE TABLE `languages` (
  `id` int NOT NULL AUTO_INCREMENT,
  `name` varchar(100) CHARACTER SET utf8mb3 COLLATE utf8mb3_unicode_ci NOT NULL,
  `code` varchar(100) CHARACTER SET utf8mb3 COLLATE utf8mb3_unicode_ci NOT NULL,
  `app_lang_code` varchar(255) CHARACTER SET utf8mb3 COLLATE utf8mb3_unicode_ci DEFAULT 'en',
  `rtl` int NOT NULL DEFAULT '0',
  `status` tinyint(1) NOT NULL DEFAULT '1',
  `created_at` timestamp NOT NULL DEFAULT CURRENT_TIMESTAMP,
  `updated_at` timestamp NOT NULL DEFAULT CURRENT_TIMESTAMP,
  PRIMARY KEY (`id`)
) ENGINE=InnoDB AUTO_INCREMENT=5 DEFAULT CHARSET=utf8mb3 COLLATE=utf8mb3_unicode_ci;
/*!40101 SET character_set_client = @saved_cs_client */;

--
-- Dumping data for table `languages`
--

LOCK TABLES `languages` WRITE;
/*!40000 ALTER TABLE `languages` DISABLE KEYS */;
INSERT INTO `languages` VALUES (1,'English','en','en',0,1,'2019-01-20 20:13:20','2019-01-20 20:13:20');
/*!40000 ALTER TABLE `languages` ENABLE KEYS */;
UNLOCK TABLES;

--
-- Table structure for table `menu_items`
--

DROP TABLE IF EXISTS `menu_items`;
/*!40101 SET @saved_cs_client     = @@character_set_client */;
/*!50503 SET character_set_client = utf8mb4 */;
CREATE TABLE `menu_items` (
  `id` bigint unsigned NOT NULL AUTO_INCREMENT,
  `label` varchar(191) COLLATE utf8mb4_unicode_ci NOT NULL,
  `link` varchar(191) COLLATE utf8mb4_unicode_ci DEFAULT NULL,
  `class` varchar(191) COLLATE utf8mb4_unicode_ci DEFAULT NULL,
  `parent_id` bigint unsigned DEFAULT NULL,
  `sort` int NOT NULL DEFAULT '0',
  `menu` varchar(191) COLLATE utf8mb4_unicode_ci NOT NULL DEFAULT 'header',
  `depth` int NOT NULL DEFAULT '0',
  `created_at` timestamp NULL DEFAULT NULL,
  `updated_at` timestamp NULL DEFAULT NULL,
  PRIMARY KEY (`id`),
  KEY `menu_items_parent_id_foreign` (`parent_id`),
  CONSTRAINT `menu_items_parent_id_foreign` FOREIGN KEY (`parent_id`) REFERENCES `menu_items` (`id`) ON DELETE CASCADE
) ENGINE=InnoDB AUTO_INCREMENT=7 DEFAULT CHARSET=utf8mb4 COLLATE=utf8mb4_unicode_ci;
/*!40101 SET character_set_client = @saved_cs_client */;

--
-- Dumping data for table `menu_items`
--

LOCK TABLES `menu_items` WRITE;
/*!40000 ALTER TABLE `menu_items` DISABLE KEYS */;
INSERT INTO `menu_items` VALUES (1,'Test','Test',NULL,NULL,0,'header',0,'2025-07-15 10:34:38','2025-07-15 10:34:38'),(2,'Test','Test',NULL,NULL,0,'header',0,'2025-07-15 10:34:57','2025-07-15 10:34:57'),(4,'New',NULL,NULL,1,0,'header',1,'2025-07-15 10:35:47','2025-07-15 10:35:47'),(5,'New',NULL,NULL,2,0,'header',1,'2025-07-15 10:35:54','2025-07-15 10:35:54'),(6,'Test 1',NULL,NULL,1,0,'header',1,'2025-07-15 10:41:41','2025-07-15 10:41:41');
/*!40000 ALTER TABLE `menu_items` ENABLE KEYS */;
UNLOCK TABLES;

--
-- Table structure for table `migrations`
--

DROP TABLE IF EXISTS `migrations`;
/*!40101 SET @saved_cs_client     = @@character_set_client */;
/*!50503 SET character_set_client = utf8mb4 */;
CREATE TABLE `migrations` (
  `id` int unsigned NOT NULL AUTO_INCREMENT,
  `migration` varchar(191) CHARACTER SET utf8mb3 COLLATE utf8mb3_unicode_ci NOT NULL,
  `batch` int NOT NULL,
  PRIMARY KEY (`id`)
) ENGINE=InnoDB AUTO_INCREMENT=47 DEFAULT CHARSET=utf8mb3 COLLATE=utf8mb3_unicode_ci;
/*!40101 SET character_set_client = @saved_cs_client */;

--
-- Dumping data for table `migrations`
--

LOCK TABLES `migrations` WRITE;
/*!40000 ALTER TABLE `migrations` DISABLE KEYS */;
INSERT INTO `migrations` VALUES (1,'2014_10_12_000000_create_users_table',1),(2,'2014_10_12_100000_create_password_resets_table',1),(3,'2019_12_14_000001_create_personal_access_tokens_table',1),(4,'2021_06_07_000000_create_payku_transactions_table',1),(6,'2023_02_28_135108_add_seo_details_to_categories_table',3),(7,'2023_03_01_080538_create_product_seos_table',4),(8,'2023_03_30_111242_modify_searches_table',5),(10,'2023_03_31_063525_add_status_to_carts_table',6),(11,'2023_04_03_161531_add_fields_to_categories_table',7),(13,'2023_04_04_163348_add_seo_columns_to_brands_tabel',8),(14,'2023_04_29_163626_add_sku_to_products',9),(15,'2023_05_01_115940_add_one_time_to_coupons_table',10),(16,'2023_05_01_135457_drop_categories_table',11),(19,'2023_05_01_140058_create_shops_table',12),(20,'2023_05_01_145207_create_shop_user_pivot_table',13),(21,'2023_05_02_010248_add_details_to_shops_table',14),(22,'2023_05_16_174900_add_name_ar_to_shops_table',15),(23,'2023_05_16_181622_add_created_at_to_shop_users_table',16),(24,'2023_05_17_150736_create_shop_users_table',17),(25,'2023_05_18_152741_alter_table_shops_change_delivery_pickup_latitude',18),(28,'2023_05_22_145513_create_order_transfers_table',19),(30,'2023_05_22_170938_add_original_price_to_order_details_table',20),(31,'2014_10_12_100000_create_password_reset_tokens_table',21),(32,'2014_10_12_200000_add_two_factor_columns_to_users_table',21),(33,'2019_08_19_000000_create_failed_jobs_table',21),(34,'2022_05_25_122618_add_details_to_users_table',21),(35,'2024_02_24_125355_create_permission_tables',22),(36,'2025_02_17_065329_create_faq_categories_table',23),(37,'2025_02_17_065400_create_faqs_table',23),(38,'2025_07_14_164049_add_expires_at_to_personal_access_tokens_table',24),(39,'2025_07_14_173035_add_page_id_to_collection_products_table',25),(40,'2025_07_15_141022_create_menu_items_table',26),(41,'2025_07_15_141817_add_sort_to_menu_items_table',27),(42,'2025_07_15_142118_create_menu_items_table',28),(43,'2017_08_11_073824_create_menus_wp_table',29),(44,'2017_08_11_074006_create_menu_items_wp_table',29),(45,'2025_07_16_101025_add_video_to_home_sliders_table',30),(46,'2025_07_17_112400_create_tutorials_table',31);
/*!40000 ALTER TABLE `migrations` ENABLE KEYS */;
UNLOCK TABLES;

--
-- Table structure for table `model_has_permissions`
--

DROP TABLE IF EXISTS `model_has_permissions`;
/*!40101 SET @saved_cs_client     = @@character_set_client */;
/*!50503 SET character_set_client = utf8mb4 */;
CREATE TABLE `model_has_permissions` (
  `permission_id` bigint unsigned NOT NULL,
  `model_type` varchar(191) CHARACTER SET utf8mb4 COLLATE utf8mb4_unicode_ci NOT NULL,
  `model_id` bigint unsigned NOT NULL,
  PRIMARY KEY (`permission_id`,`model_id`,`model_type`),
  KEY `model_has_permissions_model_id_model_type_index` (`model_id`,`model_type`),
  CONSTRAINT `model_has_permissions_permission_id_foreign` FOREIGN KEY (`permission_id`) REFERENCES `permissions` (`id`) ON DELETE CASCADE
) ENGINE=InnoDB DEFAULT CHARSET=utf8mb4 COLLATE=utf8mb4_unicode_ci ROW_FORMAT=DYNAMIC;
/*!40101 SET character_set_client = @saved_cs_client */;

--
-- Dumping data for table `model_has_permissions`
--

LOCK TABLES `model_has_permissions` WRITE;
/*!40000 ALTER TABLE `model_has_permissions` DISABLE KEYS */;
/*!40000 ALTER TABLE `model_has_permissions` ENABLE KEYS */;
UNLOCK TABLES;

--
-- Table structure for table `model_has_roles`
--

DROP TABLE IF EXISTS `model_has_roles`;
/*!40101 SET @saved_cs_client     = @@character_set_client */;
/*!50503 SET character_set_client = utf8mb4 */;
CREATE TABLE `model_has_roles` (
  `role_id` bigint unsigned NOT NULL,
  `model_type` varchar(191) CHARACTER SET utf8mb4 COLLATE utf8mb4_unicode_ci NOT NULL,
  `model_id` bigint unsigned NOT NULL,
  PRIMARY KEY (`role_id`,`model_id`,`model_type`),
  KEY `model_has_roles_model_id_model_type_index` (`model_id`,`model_type`),
  CONSTRAINT `model_has_roles_role_id_foreign` FOREIGN KEY (`role_id`) REFERENCES `roles` (`id`) ON DELETE CASCADE
) ENGINE=InnoDB DEFAULT CHARSET=utf8mb4 COLLATE=utf8mb4_unicode_ci ROW_FORMAT=DYNAMIC;
/*!40101 SET character_set_client = @saved_cs_client */;

--
-- Dumping data for table `model_has_roles`
--

LOCK TABLES `model_has_roles` WRITE;
/*!40000 ALTER TABLE `model_has_roles` DISABLE KEYS */;
INSERT INTO `model_has_roles` VALUES (1,'App\\Models\\User',1);
/*!40000 ALTER TABLE `model_has_roles` ENABLE KEYS */;
UNLOCK TABLES;

--
-- Table structure for table `notifications`
--

DROP TABLE IF EXISTS `notifications`;
/*!40101 SET @saved_cs_client     = @@character_set_client */;
/*!50503 SET character_set_client = utf8mb4 */;
CREATE TABLE `notifications` (
  `id` char(36) CHARACTER SET utf8mb3 COLLATE utf8mb3_unicode_ci NOT NULL,
  `type` varchar(191) CHARACTER SET utf8mb3 COLLATE utf8mb3_unicode_ci NOT NULL,
  `notifiable_type` varchar(191) CHARACTER SET utf8mb3 COLLATE utf8mb3_unicode_ci NOT NULL,
  `notifiable_id` bigint unsigned NOT NULL,
  `data` text CHARACTER SET utf8mb3 COLLATE utf8mb3_unicode_ci NOT NULL,
  `read_at` timestamp NULL DEFAULT NULL,
  `created_at` timestamp NULL DEFAULT NULL,
  `updated_at` timestamp NULL DEFAULT NULL,
  PRIMARY KEY (`id`),
  KEY `notifications_notifiable_type_notifiable_id_index` (`notifiable_type`,`notifiable_id`)
) ENGINE=InnoDB DEFAULT CHARSET=utf8mb3 COLLATE=utf8mb3_unicode_ci;
/*!40101 SET character_set_client = @saved_cs_client */;

--
-- Dumping data for table `notifications`
--

LOCK TABLES `notifications` WRITE;
/*!40000 ALTER TABLE `notifications` DISABLE KEYS */;
INSERT INTO `notifications` VALUES ('0509d8dc-3d1c-4890-9ceb-825d79ea6148','App\\Notifications\\NewOrderNotification','App\\Models\\User',1,'{\"order_id\":31,\"user_name\":\"Mohammed\",\"message\":\"New order placed by Mohammed\"}','2025-07-16 07:05:50','2025-07-15 14:38:32','2025-07-16 07:05:50'),('12a17ae8-0415-467f-aca7-ea08fc9ef571','App\\Notifications\\NewOrderNotification','App\\Models\\User',1,'{\"order_id\":21,\"user_name\":\"Nythika Renjith\",\"message\":\"New order placed by Nythika Renjith\"}','2025-07-16 07:05:50','2025-04-17 14:19:24','2025-07-16 07:05:50'),('1583821a-cdfb-412e-a2d6-7675ab9036ea','App\\Notifications\\NewOrderNotification','App\\Models\\User',1,'{\"order_id\":23,\"user_name\":\"admin\",\"message\":\"New order placed by admin\"}','2025-07-16 07:05:50','2025-04-18 05:56:25','2025-07-16 07:05:50'),('2089e3ce-bd62-4759-9b5b-836cc6bd1bae','App\\Notifications\\NewOrderNotification','App\\Models\\User',1,'{\"order_id\":35,\"user_name\":\"Mohammed\",\"message\":\"New order placed by Mohammed\"}',NULL,'2025-07-21 06:44:05','2025-07-21 06:44:05'),('2833e49b-387a-4f76-8d0a-59ad1f11e1f4','App\\Notifications\\NewOrderNotification','App\\Models\\User',1,'{\"order_id\":18,\"user_name\":\"Nythika Renjith\",\"message\":\"New order placed by Nythika Renjith\"}','2025-07-16 07:05:50','2025-04-17 13:58:17','2025-07-16 07:05:50'),('694be902-9a24-43f8-9b1c-5c32286d9335','App\\Notifications\\NewOrderNotification','App\\Models\\User',1,'{\"order_id\":12,\"user_name\":\"Nythika Renjith\",\"message\":\"New order placed by Nythika Renjith\"}','2025-07-16 07:05:50','2025-04-17 06:12:01','2025-07-16 07:05:50'),('6dd03d40-aedf-4a61-bee5-8a6d8189bbf3','App\\Notifications\\NewOrderNotification','App\\Models\\User',1,'{\"order_id\":34,\"user_name\":\"Mohammed\",\"message\":\"New order placed by Mohammed\"}',NULL,'2025-07-21 06:00:48','2025-07-21 06:00:48'),('6f4a38a4-bc92-406a-93c1-a7d2c4351bf6','App\\Notifications\\NewOrderNotification','App\\Models\\User',1,'{\"order_id\":13,\"user_name\":\"Nythika Renjith\",\"message\":\"New order placed by Nythika Renjith\"}','2025-07-16 07:05:50','2025-04-17 10:15:53','2025-07-16 07:05:50'),('74596d61-830a-4baa-a193-19d2506173a8','App\\Notifications\\NewOrderNotification','App\\Models\\User',1,'{\"order_id\":10,\"user_name\":\"Nythika\",\"message\":\"New order placed by Nythika\"}','2025-04-16 03:28:17','2025-03-29 05:59:18','2025-04-16 03:28:17'),('8d8fdef0-7c5e-494a-ac32-416255606d50','App\\Notifications\\NewOrderNotification','App\\Models\\User',1,'{\"order_id\":33,\"user_name\":\"Mohammed\",\"message\":\"New order placed by Mohammed\"}',NULL,'2025-07-21 05:55:43','2025-07-21 05:55:43'),('94bbe0ad-57ee-4fb0-8781-868c15bb5322','App\\Notifications\\NewOrderNotification','App\\Models\\User',1,'{\"order_id\":16,\"user_name\":\"Nythika Renjith\",\"message\":\"New order placed by Nythika Renjith\"}','2025-07-16 07:05:50','2025-04-17 12:36:04','2025-07-16 07:05:50'),('a21ecc27-c295-4381-aa1a-9f94f9e36116','App\\Notifications\\NewOrderNotification','App\\Models\\User',1,'{\"order_id\":27,\"user_name\":\"Nythika Renjith\",\"message\":\"New order placed by Nythika Renjith\"}','2025-07-16 07:05:50','2025-04-18 06:05:12','2025-07-16 07:05:50'),('a7536bfd-1e62-4ccd-843f-fd4834c74d1b','App\\Notifications\\NewOrderNotification','App\\Models\\User',1,'{\"order_id\":17,\"user_name\":\"Nythika Renjith\",\"message\":\"New order placed by Nythika Renjith\"}','2025-07-16 07:05:50','2025-04-17 13:32:28','2025-07-16 07:05:50'),('a9fb13f9-6415-41d4-8cdb-aca901c0df93','App\\Notifications\\NewOrderNotification','App\\Models\\User',1,'{\"order_id\":25,\"user_name\":\"Nythika Renjith\",\"message\":\"New order placed by Nythika Renjith\"}','2025-07-16 07:05:50','2025-04-18 05:59:12','2025-07-16 07:05:50'),('b319531d-943d-41be-b55d-7a57a5db90ce','App\\Notifications\\NewOrderNotification','App\\Models\\User',1,'{\"order_id\":11,\"user_name\":\"Jisha P\",\"message\":\"New order placed by Jisha P\"}','2025-04-16 03:28:17','2025-03-29 08:17:40','2025-04-16 03:28:17'),('bbd2d8d2-893c-400f-9f7f-2f33f1b1f031','App\\Notifications\\NewOrderNotification','App\\Models\\User',1,'{\"order_id\":24,\"user_name\":\"admin\",\"message\":\"New order placed by admin\"}','2025-07-16 07:05:50','2025-04-18 05:56:51','2025-07-16 07:05:50'),('bce08e31-cc44-4294-9e1e-0cc74ecffdb4','App\\Notifications\\NewOrderNotification','App\\Models\\User',1,'{\"order_id\":22,\"user_name\":\"Nythika Renjith\",\"message\":\"New order placed by Nythika Renjith\"}','2025-07-16 07:05:50','2025-04-17 14:20:27','2025-07-16 07:05:50'),('bcff63ee-1b6d-4c34-a20a-3d5435c291ea','App\\Notifications\\NewOrderNotification','App\\Models\\User',1,'{\"order_id\":15,\"user_name\":\"Nythika Renjith\",\"message\":\"New order placed by Nythika Renjith\"}','2025-07-16 07:05:50','2025-04-17 12:31:24','2025-07-16 07:05:50'),('be55ec95-073e-42bc-afaa-eec9aefe8255','App\\Notifications\\NewOrderNotification','App\\Models\\User',1,'{\"order_id\":28,\"user_name\":\"Nythika Renjith\",\"message\":\"New order placed by Nythika Renjith\"}','2025-07-16 07:05:50','2025-04-18 06:05:41','2025-07-16 07:05:50'),('c31fafe5-e944-4d26-88b9-58eaf0cf932a','App\\Notifications\\NewOrderNotification','App\\Models\\User',1,'{\"order_id\":30,\"user_name\":\"Nythika Renjith\",\"message\":\"New order placed by Nythika Renjith\"}','2025-07-16 07:05:50','2025-04-18 07:22:09','2025-07-16 07:05:50'),('dee9c453-2c40-455d-8d39-06ebf3a09516','App\\Notifications\\NewOrderNotification','App\\Models\\User',1,'{\"order_id\":29,\"user_name\":\"Nythika Renjith\",\"message\":\"New order placed by Nythika Renjith\"}','2025-07-16 07:05:50','2025-04-18 06:09:51','2025-07-16 07:05:50'),('df9ec94f-e499-4835-b1db-41e644a78b97','App\\Notifications\\NewOrderNotification','App\\Models\\User',1,'{\"order_id\":14,\"user_name\":\"Nythika Renjith\",\"message\":\"New order placed by Nythika Renjith\"}','2025-07-16 07:05:50','2025-04-17 10:26:45','2025-07-16 07:05:50'),('e76849d4-6455-491e-82bb-3c804549996c','App\\Notifications\\NewOrderNotification','App\\Models\\User',1,'{\"order_id\":20,\"user_name\":\"Nythika Renjith\",\"message\":\"New order placed by Nythika Renjith\"}','2025-07-16 07:05:50','2025-04-17 14:07:18','2025-07-16 07:05:50'),('e84b9648-77ed-4452-931c-e07559eb58eb','App\\Notifications\\NewOrderNotification','App\\Models\\User',1,'{\"order_id\":32,\"user_name\":\"Mohammed\",\"message\":\"New order placed by Mohammed\"}','2025-07-16 07:05:50','2025-07-15 14:42:20','2025-07-16 07:05:50'),('eaea24d3-aad5-4966-a388-a0a06b75774a','App\\Notifications\\NewOrderNotification','App\\Models\\User',1,'{\"order_id\":26,\"user_name\":\"Nythika Renjith\",\"message\":\"New order placed by Nythika Renjith\"}','2025-07-16 07:05:50','2025-04-18 06:04:49','2025-07-16 07:05:50'),('feb6a4dd-95db-4b86-ba62-92cfc7e81692','App\\Notifications\\NewOrderNotification','App\\Models\\User',1,'{\"order_id\":19,\"user_name\":\"\",\"message\":\"New order placed by \"}','2025-07-16 07:05:50','2025-04-17 13:59:25','2025-07-16 07:05:50');
/*!40000 ALTER TABLE `notifications` ENABLE KEYS */;
UNLOCK TABLES;

--
-- Table structure for table `order_details`
--

DROP TABLE IF EXISTS `order_details`;
/*!40101 SET @saved_cs_client     = @@character_set_client */;
/*!50503 SET character_set_client = utf8mb4 */;
CREATE TABLE `order_details` (
  `id` int NOT NULL AUTO_INCREMENT,
  `order_id` int NOT NULL,
  `product_id` int NOT NULL,
  `product_stock_id` int DEFAULT NULL,
  `variation` longtext CHARACTER SET utf8mb3 COLLATE utf8mb3_unicode_ci,
  `og_price` double(20,2) DEFAULT NULL,
  `offer_price` double(20,2) NOT NULL DEFAULT '0.00',
  `price` double(20,2) DEFAULT NULL,
  `tax` double(20,2) NOT NULL DEFAULT '0.00',
  `shipping_cost` double(20,2) NOT NULL DEFAULT '0.00',
  `quantity` int DEFAULT NULL,
  `payment_status` varchar(10) CHARACTER SET utf8mb3 COLLATE utf8mb3_unicode_ci NOT NULL DEFAULT 'unpaid',
  `delivery_status` varchar(20) CHARACTER SET utf8mb3 COLLATE utf8mb3_unicode_ci DEFAULT 'pending',
  `return_expiry_date` datetime DEFAULT NULL,
  `created_at` timestamp NOT NULL DEFAULT CURRENT_TIMESTAMP,
  `updated_at` timestamp NOT NULL DEFAULT CURRENT_TIMESTAMP,
  PRIMARY KEY (`id`),
  KEY `order_id` (`order_id`),
  KEY `product_stock_id` (`product_stock_id`),
  KEY `product_id` (`product_id`),
  CONSTRAINT `order_details_ibfk_1` FOREIGN KEY (`order_id`) REFERENCES `orders` (`id`) ON DELETE CASCADE,
  CONSTRAINT `order_details_ibfk_2` FOREIGN KEY (`product_stock_id`) REFERENCES `product_stocks` (`id`) ON DELETE CASCADE,
  CONSTRAINT `order_details_ibfk_3` FOREIGN KEY (`product_id`) REFERENCES `products` (`id`) ON DELETE CASCADE
) ENGINE=InnoDB AUTO_INCREMENT=57 DEFAULT CHARSET=utf8mb3 COLLATE=utf8mb3_unicode_ci;
/*!40101 SET character_set_client = @saved_cs_client */;

--
-- Dumping data for table `order_details`
--

LOCK TABLES `order_details` WRITE;
/*!40000 ALTER TABLE `order_details` DISABLE KEYS */;
INSERT INTO `order_details` VALUES (1,1,7,5,NULL,499.00,399.00,399.00,0.00,16.67,1,'unpaid','cancelled',NULL,'2025-03-26 07:24:22','2025-03-28 07:34:05'),(2,1,21,47,NULL,3000.00,2400.00,2400.00,120.00,16.67,1,'unpaid','cancelled',NULL,'2025-03-26 07:24:22','2025-03-28 07:34:05'),(3,1,2,2,NULL,1119.00,1119.00,2238.00,22.38,16.67,2,'unpaid','cancelled',NULL,'2025-03-26 07:24:22','2025-03-28 07:34:05'),(4,2,6,4,NULL,820.00,820.00,820.00,0.00,25.00,1,'unpaid','delivered',NULL,'2025-03-26 08:43:54','2025-03-28 05:58:45'),(5,2,8,6,NULL,250.00,250.00,250.00,0.00,25.00,1,'unpaid','delivered',NULL,'2025-03-26 08:43:54','2025-03-28 05:58:45'),(6,3,8,6,NULL,250.00,250.00,250.00,0.00,25.00,1,'unpaid','delivered',NULL,'2025-03-26 09:51:08','2025-03-28 07:34:24'),(7,3,1,1,NULL,999.00,999.00,999.00,19.98,25.00,1,'unpaid','delivered',NULL,'2025-03-26 09:51:08','2025-03-28 07:34:24'),(8,4,6,4,NULL,820.00,820.00,820.00,0.00,25.00,1,'unpaid','confirmed',NULL,'2025-03-26 09:56:28','2025-03-28 07:38:39'),(9,4,20,46,NULL,2800.00,2240.00,2240.00,112.00,25.00,1,'unpaid','confirmed',NULL,'2025-03-26 09:56:28','2025-03-28 07:38:39'),(10,5,7,5,NULL,499.00,399.00,399.00,0.00,20.00,1,'unpaid','pending',NULL,'2025-03-28 11:54:15','2025-03-28 11:54:15'),(11,6,21,47,NULL,3000.00,2400.00,2400.00,120.00,0.00,1,'unpaid','pending',NULL,'2025-03-28 11:55:38','2025-03-28 11:55:38'),(12,7,22,48,NULL,1000.00,1000.00,1000.00,0.00,0.00,1,'unpaid','pending',NULL,'2025-03-28 12:08:30','2025-03-28 12:08:30'),(13,8,6,4,NULL,820.00,820.00,820.00,0.00,20.00,1,'unpaid','pending',NULL,'2025-03-29 09:47:28','2025-03-29 09:47:28'),(14,9,7,5,NULL,499.00,399.00,399.00,0.00,20.00,1,'unpaid','pending',NULL,'2025-03-29 09:50:08','2025-03-29 09:50:08'),(15,10,7,5,NULL,499.00,399.00,399.00,0.00,0.00,1,'unpaid','cancelled',NULL,'2025-03-29 09:59:18','2025-04-17 12:17:14'),(16,10,21,47,NULL,3000.00,2400.00,2400.00,120.00,0.00,1,'unpaid','cancelled',NULL,'2025-03-29 09:59:18','2025-04-17 12:17:14'),(17,11,1,1,NULL,999.00,999.00,999.00,19.98,0.00,1,'unpaid','pending',NULL,'2025-03-29 12:17:40','2025-03-29 12:17:40'),(18,11,18,44,NULL,180.00,144.00,144.00,7.20,0.00,1,'unpaid','pending',NULL,'2025-03-29 12:17:40','2025-03-29 12:17:40'),(19,12,8,6,NULL,250.00,250.00,750.00,0.00,0.00,3,'unpaid','pending',NULL,'2025-04-17 10:12:00','2025-04-17 10:12:00'),(20,12,24,50,NULL,250.00,250.00,750.00,37.50,0.00,3,'unpaid','pending',NULL,'2025-04-17 10:12:00','2025-04-17 10:12:00'),(21,13,7,5,NULL,499.00,399.00,399.00,0.00,20.00,1,'unpaid','pending',NULL,'2025-04-17 10:15:53','2025-04-17 10:15:53'),(22,14,7,5,NULL,499.00,399.00,399.00,0.00,20.00,1,'unpaid','confirmed',NULL,'2025-04-17 10:26:45','2025-04-17 12:03:50'),(23,15,2,2,NULL,1119.00,1119.00,2238.00,22.38,0.00,2,'unpaid','pending',NULL,'2025-04-17 12:31:24','2025-04-17 12:31:24'),(24,15,6,4,NULL,820.00,820.00,1640.00,0.00,0.00,2,'unpaid','pending',NULL,'2025-04-17 12:31:24','2025-04-17 12:31:24'),(25,16,6,4,NULL,820.00,820.00,820.00,0.00,0.00,1,'paid','delivered',NULL,'2025-04-17 12:36:04','2025-04-17 13:27:20'),(26,16,7,5,NULL,499.00,399.00,399.00,0.00,0.00,1,'paid','delivered',NULL,'2025-04-17 12:36:04','2025-04-17 13:27:20'),(27,16,8,6,NULL,250.00,250.00,250.00,0.00,0.00,1,'paid','delivered',NULL,'2025-04-17 12:36:04','2025-04-17 13:27:20'),(28,16,2,2,NULL,1119.00,1119.00,1119.00,11.19,0.00,1,'paid','delivered',NULL,'2025-04-17 12:36:04','2025-04-17 13:27:20'),(29,17,2,2,NULL,1119.00,1119.00,3357.00,33.57,0.00,3,'paid','delivered',NULL,'2025-04-17 13:32:28','2025-04-17 13:32:43'),(30,17,7,5,NULL,499.00,399.00,399.00,0.00,0.00,1,'paid','delivered',NULL,'2025-04-17 13:32:28','2025-04-17 13:32:43'),(31,18,6,4,NULL,820.00,820.00,820.00,0.00,20.00,1,'unpaid','pending',NULL,'2025-04-17 13:58:17','2025-04-17 13:58:17'),(34,20,2,2,NULL,1119.00,1119.00,1119.00,11.19,0.00,1,'unpaid','pending',NULL,'2025-04-17 14:07:18','2025-04-17 14:07:18'),(35,21,6,4,NULL,820.00,820.00,820.00,0.00,0.00,1,'unpaid','pending',NULL,'2025-04-17 14:19:24','2025-04-17 14:19:24'),(36,21,7,5,NULL,499.00,399.00,399.00,0.00,0.00,1,'unpaid','pending',NULL,'2025-04-17 14:19:24','2025-04-17 14:19:24'),(37,22,8,6,NULL,250.00,250.00,250.00,0.00,10.00,1,'unpaid','pending',NULL,'2025-04-17 14:20:27','2025-04-17 14:20:27'),(38,22,7,5,NULL,499.00,399.00,399.00,0.00,10.00,1,'unpaid','pending',NULL,'2025-04-17 14:20:27','2025-04-17 14:20:27'),(39,23,7,5,NULL,499.00,399.00,399.00,0.00,20.00,1,'unpaid','pending',NULL,'2025-04-18 05:56:23','2025-04-18 05:56:23'),(40,24,6,4,NULL,820.00,820.00,820.00,0.00,20.00,1,'unpaid','pending',NULL,'2025-04-18 05:56:51','2025-04-18 05:56:51'),(41,25,7,5,NULL,499.00,399.00,399.00,0.00,0.00,1,'unpaid','pending',NULL,'2025-04-18 05:59:12','2025-04-18 05:59:12'),(42,25,8,6,NULL,250.00,250.00,250.00,0.00,0.00,1,'unpaid','pending',NULL,'2025-04-18 05:59:12','2025-04-18 05:59:12'),(43,25,2,2,NULL,1119.00,1119.00,1119.00,11.19,0.00,1,'unpaid','pending',NULL,'2025-04-18 05:59:12','2025-04-18 05:59:12'),(44,26,7,5,NULL,499.00,399.00,399.00,0.00,20.00,1,'unpaid','pending',NULL,'2025-04-18 06:04:49','2025-04-18 06:04:49'),(45,27,8,6,NULL,250.00,250.00,250.00,0.00,20.00,1,'unpaid','pending',NULL,'2025-04-18 06:05:12','2025-04-18 06:05:12'),(46,28,8,6,NULL,250.00,250.00,250.00,0.00,20.00,1,'unpaid','pending',NULL,'2025-04-18 06:05:41','2025-04-18 06:05:41'),(47,29,7,5,NULL,499.00,399.00,399.00,0.00,20.00,1,'unpaid','pending',NULL,'2025-04-18 06:09:51','2025-04-18 06:09:51'),(48,30,1,1,NULL,999.00,999.00,5994.00,119.88,0.00,6,'unpaid','delivered',NULL,'2025-04-18 07:22:09','2025-04-18 07:22:31'),(49,30,18,44,NULL,180.00,180.00,900.00,45.00,0.00,5,'unpaid','delivered',NULL,'2025-04-18 07:22:09','2025-04-18 07:22:31'),(50,30,19,45,NULL,1900.00,1900.00,5700.00,285.00,0.00,3,'unpaid','delivered',NULL,'2025-04-18 07:22:09','2025-04-18 07:22:31'),(51,31,24,50,NULL,250.00,250.00,500.00,25.00,20.00,2,'unpaid','pending',NULL,'2025-07-15 14:38:31','2025-07-15 14:38:31'),(52,32,24,50,NULL,250.00,250.00,250.00,12.50,0.00,1,'paid','delivered',NULL,'2025-07-15 14:42:20','2025-07-15 15:26:29'),(53,33,32,159,NULL,50.00,10.00,10.00,0.00,10.00,1,'unpaid','pending',NULL,'2025-07-21 05:55:42','2025-07-21 05:55:42'),(54,33,32,160,NULL,200.00,100.00,300.00,0.00,10.00,3,'unpaid','pending',NULL,'2025-07-21 05:55:42','2025-07-21 05:55:42'),(55,34,32,160,NULL,200.00,100.00,300.00,0.00,20.00,3,'unpaid','pending',NULL,'2025-07-21 06:00:48','2025-07-21 06:00:48'),(56,35,32,160,NULL,200.00,100.00,200.00,0.00,20.00,2,'unpaid','pending',NULL,'2025-07-21 06:44:05','2025-07-21 06:44:05');
/*!40000 ALTER TABLE `order_details` ENABLE KEYS */;
UNLOCK TABLES;

--
-- Table structure for table `order_payments`
--

DROP TABLE IF EXISTS `order_payments`;
/*!40101 SET @saved_cs_client     = @@character_set_client */;
/*!50503 SET character_set_client = utf8mb4 */;
CREATE TABLE `order_payments` (
  `id` int NOT NULL AUTO_INCREMENT,
  `order_id` int DEFAULT NULL,
  `payment_status` varchar(191) DEFAULT NULL,
  `payment_details` longtext,
  `created_at` timestamp NOT NULL DEFAULT CURRENT_TIMESTAMP,
  `updated_at` timestamp NOT NULL DEFAULT CURRENT_TIMESTAMP,
  PRIMARY KEY (`id`),
  KEY `order_id` (`order_id`),
  CONSTRAINT `order_payments_ibfk_1` FOREIGN KEY (`order_id`) REFERENCES `orders` (`id`) ON DELETE CASCADE
) ENGINE=InnoDB DEFAULT CHARSET=utf8mb4 COLLATE=utf8mb4_0900_ai_ci;
/*!40101 SET character_set_client = @saved_cs_client */;

--
-- Dumping data for table `order_payments`
--

LOCK TABLES `order_payments` WRITE;
/*!40000 ALTER TABLE `order_payments` DISABLE KEYS */;
/*!40000 ALTER TABLE `order_payments` ENABLE KEYS */;
UNLOCK TABLES;

--
-- Table structure for table `order_returns`
--

DROP TABLE IF EXISTS `order_returns`;
/*!40101 SET @saved_cs_client     = @@character_set_client */;
/*!50503 SET character_set_client = utf8mb4 */;
CREATE TABLE `order_returns` (
  `id` int NOT NULL AUTO_INCREMENT,
  `order_id` int DEFAULT NULL,
  `order_detail_id` int DEFAULT NULL,
  `product_id` int DEFAULT NULL,
  `return_qty` int NOT NULL DEFAULT '0',
  `return_reason` text CHARACTER SET utf8mb4 COLLATE utf8mb4_unicode_ci,
  `status` enum('pending','approved','rejected') CHARACTER SET utf8mb4 COLLATE utf8mb4_unicode_ci NOT NULL DEFAULT 'pending',
  `created_at` timestamp NOT NULL DEFAULT CURRENT_TIMESTAMP,
  `updated_at` timestamp NOT NULL DEFAULT CURRENT_TIMESTAMP ON UPDATE CURRENT_TIMESTAMP,
  PRIMARY KEY (`id`),
  KEY `order_id` (`order_id`),
  KEY `order_detail_id` (`order_detail_id`),
  KEY `product_id` (`product_id`),
  CONSTRAINT `order_returns_ibfk_1` FOREIGN KEY (`order_id`) REFERENCES `orders` (`id`) ON DELETE CASCADE,
  CONSTRAINT `order_returns_ibfk_2` FOREIGN KEY (`order_detail_id`) REFERENCES `order_details` (`id`) ON DELETE CASCADE,
  CONSTRAINT `order_returns_ibfk_3` FOREIGN KEY (`product_id`) REFERENCES `products` (`id`) ON DELETE CASCADE ON UPDATE RESTRICT
) ENGINE=InnoDB AUTO_INCREMENT=12 DEFAULT CHARSET=utf8mb4 COLLATE=utf8mb4_unicode_ci;
/*!40101 SET character_set_client = @saved_cs_client */;

--
-- Dumping data for table `order_returns`
--

LOCK TABLES `order_returns` WRITE;
/*!40000 ALTER TABLE `order_returns` DISABLE KEYS */;
INSERT INTO `order_returns` VALUES (3,2,4,6,1,'Damaged productDamaged productDamaged productDamaged productDamaged productDamaged productDamaged productDamaged product','rejected','2025-03-28 06:36:25','2025-03-28 07:11:11'),(4,2,5,8,1,'package damaged','approved','2025-03-28 06:41:29','2025-03-28 07:10:25'),(5,16,25,6,1,'not needed','approved','2025-04-17 13:29:31','2025-04-17 13:29:47'),(6,16,28,2,1,'dfdsfgd','rejected','2025-04-17 13:30:11','2025-04-17 13:30:30'),(7,17,29,2,1,'xfgdfgf','pending','2025-04-17 13:33:02','2025-04-17 13:33:02'),(8,30,48,1,2,'Google Nest Learning Thermostat 4th Gen with sensor 2 out of 6 return balance 4','approved','2025-04-18 07:24:20','2025-04-18 07:28:33'),(9,30,49,18,3,'Test product 3 out of 5 return balance 2','rejected','2025-04-18 07:26:15','2025-04-18 07:28:25'),(10,30,49,18,2,'Test product 2 out of 2','approved','2025-04-18 07:28:01','2025-04-18 07:28:19'),(11,30,48,1,1,'test','approved','2025-04-18 07:51:31','2025-07-15 15:28:01');
/*!40000 ALTER TABLE `order_returns` ENABLE KEYS */;
UNLOCK TABLES;

--
-- Table structure for table `order_tracking`
--

DROP TABLE IF EXISTS `order_tracking`;
/*!40101 SET @saved_cs_client     = @@character_set_client */;
/*!50503 SET character_set_client = utf8mb4 */;
CREATE TABLE `order_tracking` (
  `id` int NOT NULL AUTO_INCREMENT,
  `order_id` int DEFAULT NULL,
  `status` varchar(191) DEFAULT NULL COMMENT 'pending, confirmed, picked_up, on_the_way, delivered, cancelled',
  `description` varchar(255) DEFAULT NULL,
  `status_date` datetime DEFAULT NULL,
  `created_at` timestamp NOT NULL DEFAULT CURRENT_TIMESTAMP,
  `updated_at` timestamp NOT NULL DEFAULT CURRENT_TIMESTAMP,
  PRIMARY KEY (`id`),
  KEY `order_id` (`order_id`),
  CONSTRAINT `order_tracking_ibfk_1` FOREIGN KEY (`order_id`) REFERENCES `orders` (`id`) ON DELETE CASCADE
) ENGINE=InnoDB AUTO_INCREMENT=68 DEFAULT CHARSET=utf8mb4 COLLATE=utf8mb4_0900_ai_ci;
/*!40101 SET character_set_client = @saved_cs_client */;

--
-- Dumping data for table `order_tracking`
--

LOCK TABLES `order_tracking` WRITE;
/*!40000 ALTER TABLE `order_tracking` DISABLE KEYS */;
INSERT INTO `order_tracking` VALUES (1,1,'pending','The order has been placed successfully','2025-03-26 07:24:22','2025-03-26 03:24:22','2025-03-26 03:24:22'),(2,2,'pending','The order has been placed successfully','2025-03-26 08:43:54','2025-03-26 04:43:54','2025-03-26 04:43:54'),(3,3,'pending','The order has been placed successfully','2025-03-26 09:51:08','2025-03-26 05:51:08','2025-03-26 05:51:08'),(4,4,'pending','The order has been placed successfully','2025-03-26 09:56:28','2025-03-26 05:56:28','2025-03-26 05:56:28'),(5,2,'confirmed',NULL,'2025-03-28 07:05:09','2025-03-28 03:05:09','2025-03-28 03:05:09'),(6,2,'picked_up',NULL,'2025-03-28 07:05:43','2025-03-28 03:05:43','2025-03-28 03:05:43'),(7,2,'on_the_way',NULL,'2025-03-28 07:06:06','2025-03-28 03:06:06','2025-03-28 03:06:06'),(8,2,'delivered',NULL,'2025-03-28 07:08:29','2025-03-28 03:08:29','2025-03-28 03:08:29'),(9,2,'picked_up',NULL,'2025-03-28 09:54:08','2025-03-28 05:54:08','2025-03-28 05:54:08'),(10,2,'delivered',NULL,'2025-03-28 09:58:45','2025-03-28 05:58:45','2025-03-28 05:58:45'),(11,1,'confirmed',NULL,'2025-03-28 11:33:55','2025-03-28 07:33:55','2025-03-28 07:33:55'),(12,1,'picked_up',NULL,'2025-03-28 11:33:59','2025-03-28 07:33:59','2025-03-28 07:33:59'),(13,1,'on_the_way',NULL,'2025-03-28 11:34:03','2025-03-28 07:34:03','2025-03-28 07:34:03'),(14,1,'cancelled',NULL,'2025-03-28 11:34:05','2025-03-28 07:34:05','2025-03-28 07:34:05'),(15,3,'confirmed',NULL,'2025-03-28 11:34:19','2025-03-28 07:34:19','2025-03-28 07:34:19'),(16,3,'picked_up',NULL,'2025-03-28 11:34:21','2025-03-28 07:34:21','2025-03-28 07:34:21'),(17,3,'on_the_way',NULL,'2025-03-28 11:34:22','2025-03-28 07:34:22','2025-03-28 07:34:22'),(18,3,'delivered',NULL,'2025-03-28 11:34:24','2025-03-28 07:34:24','2025-03-28 07:34:24'),(19,4,'confirmed',NULL,'2025-03-28 11:38:23','2025-03-28 07:38:23','2025-03-28 07:38:23'),(20,4,'picked_up',NULL,'2025-03-28 11:38:28','2025-03-28 07:38:28','2025-03-28 07:38:28'),(21,4,'on_the_way',NULL,'2025-03-28 11:38:33','2025-03-28 07:38:33','2025-03-28 07:38:33'),(22,4,'confirmed',NULL,'2025-03-28 11:38:39','2025-03-28 07:38:39','2025-03-28 07:38:39'),(23,5,'pending','The order has been placed successfully','2025-03-28 11:54:15','2025-03-28 07:54:15','2025-03-28 07:54:15'),(24,6,'pending','The order has been placed successfully','2025-03-28 11:55:38','2025-03-28 07:55:38','2025-03-28 07:55:38'),(25,7,'pending','The order has been placed successfully','2025-03-28 12:08:30','2025-03-28 08:08:30','2025-03-28 08:08:30'),(26,8,'pending','The order has been placed successfully','2025-03-29 09:47:27','2025-03-29 05:47:27','2025-03-29 05:47:27'),(27,9,'pending','The order has been placed successfully','2025-03-29 09:50:08','2025-03-29 05:50:08','2025-03-29 05:50:08'),(28,10,'pending','The order has been placed successfully','2025-03-29 09:59:18','2025-03-29 05:59:18','2025-03-29 05:59:18'),(29,11,'pending','The order has been placed successfully','2025-03-29 12:17:40','2025-03-29 08:17:40','2025-03-29 08:17:40'),(30,12,'pending','The order has been placed successfully','2025-04-17 10:12:00','2025-04-17 06:12:00','2025-04-17 06:12:00'),(31,13,'pending','The order has been placed successfully','2025-04-17 14:15:53','2025-04-17 10:15:53','2025-04-17 10:15:53'),(32,14,'pending','The order has been placed successfully','2025-04-17 14:26:45','2025-04-17 10:26:45','2025-04-17 10:26:45'),(33,14,'confirmed',NULL,'2025-04-17 16:03:50','2025-04-17 12:03:50','2025-04-17 12:03:50'),(34,10,'cancelled',NULL,'2025-04-17 16:17:14','2025-04-17 12:17:14','2025-04-17 12:17:14'),(35,15,'pending','The order has been placed successfully','2025-04-17 16:31:24','2025-04-17 12:31:24','2025-04-17 12:31:24'),(36,16,'pending','The order has been placed successfully','2025-04-17 16:36:04','2025-04-17 12:36:04','2025-04-17 12:36:04'),(37,16,'confirmed',NULL,'2025-04-17 17:27:15','2025-04-17 13:27:15','2025-04-17 13:27:15'),(38,16,'picked_up',NULL,'2025-04-17 17:27:17','2025-04-17 13:27:17','2025-04-17 13:27:17'),(39,16,'on_the_way',NULL,'2025-04-17 17:27:19','2025-04-17 13:27:19','2025-04-17 13:27:19'),(40,16,'delivered',NULL,'2025-04-17 17:27:20','2025-04-17 13:27:20','2025-04-17 13:27:20'),(41,17,'pending','The order has been placed successfully','2025-04-17 17:32:28','2025-04-17 13:32:28','2025-04-17 13:32:28'),(42,17,'confirmed',NULL,'2025-04-17 17:32:39','2025-04-17 13:32:39','2025-04-17 13:32:39'),(43,17,'on_the_way',NULL,'2025-04-17 17:32:42','2025-04-17 13:32:42','2025-04-17 13:32:42'),(44,17,'delivered',NULL,'2025-04-17 17:32:43','2025-04-17 13:32:43','2025-04-17 13:32:43'),(45,18,'pending','The order has been placed successfully','2025-04-17 17:58:17','2025-04-17 13:58:17','2025-04-17 13:58:17'),(47,20,'pending','The order has been placed successfully','2025-04-17 18:07:18','2025-04-17 14:07:18','2025-04-17 14:07:18'),(48,21,'pending','The order has been placed successfully','2025-04-17 18:19:24','2025-04-17 14:19:24','2025-04-17 14:19:24'),(49,22,'pending','The order has been placed successfully','2025-04-17 18:20:27','2025-04-17 14:20:27','2025-04-17 14:20:27'),(50,23,'pending','The order has been placed successfully','2025-04-18 09:56:23','2025-04-18 05:56:23','2025-04-18 05:56:23'),(51,24,'pending','The order has been placed successfully','2025-04-18 09:56:51','2025-04-18 05:56:51','2025-04-18 05:56:51'),(52,25,'pending','The order has been placed successfully','2025-04-18 09:59:12','2025-04-18 05:59:12','2025-04-18 05:59:12'),(53,26,'pending','The order has been placed successfully','2025-04-18 10:04:49','2025-04-18 06:04:49','2025-04-18 06:04:49'),(54,27,'pending','The order has been placed successfully','2025-04-18 10:05:12','2025-04-18 06:05:12','2025-04-18 06:05:12'),(55,28,'pending','The order has been placed successfully','2025-04-18 10:05:41','2025-04-18 06:05:41','2025-04-18 06:05:41'),(56,29,'pending','The order has been placed successfully','2025-04-18 10:09:51','2025-04-18 06:09:51','2025-04-18 06:09:51'),(57,30,'pending','The order has been placed successfully','2025-04-18 11:22:09','2025-04-18 07:22:09','2025-04-18 07:22:09'),(58,30,'confirmed',NULL,'2025-04-18 11:22:26','2025-04-18 07:22:26','2025-04-18 07:22:26'),(59,30,'picked_up',NULL,'2025-04-18 11:22:28','2025-04-18 07:22:28','2025-04-18 07:22:28'),(60,30,'on_the_way',NULL,'2025-04-18 11:22:29','2025-04-18 07:22:29','2025-04-18 07:22:29'),(61,30,'delivered',NULL,'2025-04-18 11:22:31','2025-04-18 07:22:31','2025-04-18 07:22:31'),(62,31,'pending','The order has been placed successfully','2025-07-15 18:38:31','2025-07-15 14:38:31','2025-07-15 14:38:31'),(63,32,'pending','The order has been placed successfully','2025-07-15 18:42:20','2025-07-15 14:42:20','2025-07-15 14:42:20'),(64,32,'delivered',NULL,'2025-07-15 19:26:29','2025-07-15 15:26:29','2025-07-15 15:26:29'),(65,33,'pending','The order has been placed successfully','2025-07-21 09:55:42','2025-07-21 05:55:42','2025-07-21 05:55:42'),(66,34,'pending','The order has been placed successfully','2025-07-21 10:00:48','2025-07-21 06:00:48','2025-07-21 06:00:48'),(67,35,'pending','The order has been placed successfully','2025-07-21 10:44:05','2025-07-21 06:44:05','2025-07-21 06:44:05');
/*!40000 ALTER TABLE `order_tracking` ENABLE KEYS */;
UNLOCK TABLES;

--
-- Table structure for table `orders`
--

DROP TABLE IF EXISTS `orders`;
/*!40101 SET @saved_cs_client     = @@character_set_client */;
/*!50503 SET character_set_client = utf8mb4 */;
CREATE TABLE `orders` (
  `id` int NOT NULL AUTO_INCREMENT,
  `combined_order_id` int DEFAULT NULL,
  `code` mediumtext CHARACTER SET utf8mb3 COLLATE utf8mb3_unicode_ci,
  `user_id` int DEFAULT NULL,
  `estimated_delivery` date DEFAULT NULL,
  `shipping_address` longtext CHARACTER SET utf8mb3 COLLATE utf8mb3_unicode_ci,
  `billing_address` longtext CHARACTER SET utf8mb3 COLLATE utf8mb3_unicode_ci,
  `order_notes` text CHARACTER SET utf8mb3 COLLATE utf8mb3_unicode_ci,
  `delivery_status` varchar(20) CHARACTER SET utf8mb3 COLLATE utf8mb3_unicode_ci DEFAULT 'pending',
  `payment_type` varchar(20) CHARACTER SET utf8mb3 COLLATE utf8mb3_unicode_ci DEFAULT NULL COMMENT 'cash_on_delivery, card, card_wallet\r\n',
  `payment_status` varchar(20) CHARACTER SET utf8mb3 COLLATE utf8mb3_unicode_ci DEFAULT 'unpaid',
  `payment_details` longtext CHARACTER SET utf8mb3 COLLATE utf8mb3_unicode_ci,
  `payment_tracking_id` varchar(191) CHARACTER SET utf8mb3 COLLATE utf8mb3_unicode_ci DEFAULT NULL,
  `shipping_type` varchar(50) CHARACTER SET utf8mb3 COLLATE utf8mb3_unicode_ci NOT NULL,
  `shipping_cost` double(20,2) DEFAULT NULL,
  `tax` double(10,4) DEFAULT NULL,
  `grand_total` double(20,2) DEFAULT NULL,
  `sub_total` double(20,2) NOT NULL DEFAULT '0.00',
  `coupon_discount` double(20,2) NOT NULL DEFAULT '0.00',
  `coupon_code` varchar(191) CHARACTER SET utf8mb3 COLLATE utf8mb3_unicode_ci DEFAULT NULL,
  `offer_discount` double(20,2) NOT NULL DEFAULT '0.00',
  `tracking_code` varchar(255) CHARACTER SET utf8mb3 COLLATE utf8mb3_unicode_ci DEFAULT NULL,
  `delivery_completed_date` datetime DEFAULT NULL,
  `date` int NOT NULL,
  `cancel_request` tinyint(1) NOT NULL DEFAULT '0' COMMENT '0 - not requested, 1 - requested',
  `cancel_request_date` datetime DEFAULT NULL,
  `cancel_approval` tinyint(1) NOT NULL DEFAULT '0' COMMENT '0 - Pending, 1 - Approved',
  `cancel_approval_date` datetime DEFAULT NULL,
  `cancel_reason` text CHARACTER SET utf8mb3 COLLATE utf8mb3_unicode_ci,
  `return_request` tinyint(1) DEFAULT '0',
  `return_request_date` datetime DEFAULT NULL,
  `return_approval` tinyint(1) NOT NULL DEFAULT '0' COMMENT '0 - Pending, 1 - Approved',
  `return_approval_date` datetime DEFAULT NULL,
  `return_reason` text CHARACTER SET utf8mb3 COLLATE utf8mb3_unicode_ci,
  `created_at` timestamp NOT NULL DEFAULT CURRENT_TIMESTAMP,
  `updated_at` timestamp NOT NULL DEFAULT CURRENT_TIMESTAMP,
  PRIMARY KEY (`id`)
) ENGINE=InnoDB AUTO_INCREMENT=36 DEFAULT CHARSET=utf8mb3 COLLATE=utf8mb3_unicode_ci;
/*!40101 SET character_set_client = @saved_cs_client */;

--
-- Dumping data for table `orders`
--

LOCK TABLES `orders` WRITE;
/*!40000 ALTER TABLE `orders` DISABLE KEYS */;
INSERT INTO `orders` VALUES (1,NULL,'20250326-07242253',68,NULL,'{\"name\":\"Jisha Renjith\",\"email\":\"jisha.tomsher@gmail.com\",\"address\":\"Al  building\",\"zipcode\":\"00001\",\"city\":\"Rolla\",\"state\":\"Sharjah\",\"country\":\"UAE\",\"phone\":\"568650838\"}','{\"name\":\"Jisha Renjith\",\"email\":\"jisha.tomsher@gmail.com\",\"address\":\"Al  building\",\"zipcode\":\"00001\",\"city\":\"Rolla\",\"state\":\"Sharjah\",\"country\":\"UAE\",\"phone\":\"568650838\"}','Order note sample','cancelled','cod','un_paid',NULL,NULL,'flat_rate',50.00,142.3800,5129.39,5737.00,100.00,'NEWUSER',700.00,NULL,NULL,1742973862,0,NULL,0,NULL,NULL,0,NULL,0,NULL,NULL,'2025-03-26 03:24:22','2025-03-28 07:34:05'),(2,NULL,'20250326-08435473',68,NULL,'{\"name\":\"Jisha P\",\"email\":\"jisha@yopmail.com\",\"address\":\"Wafi residence,\\r\\nDubai Healthcare City\",\"zipcode\":\"00000\",\"city\":\"Dubai\",\"state\":\"Dubai\",\"country\":\"United Arab Emirates\",\"phone\":\"1122334455\"}','{\"name\":\"Jisha P\",\"email\":\"jisha@yopmail.com\",\"address\":\"Wafi residence,\\r\\nDubai Healthcare City\",\"zipcode\":\"00000\",\"city\":\"Dubai\",\"state\":\"Dubai\",\"country\":\"United Arab Emirates\",\"phone\":\"1122334455\"}','Please leave at door','delivered','cod','un_paid',NULL,NULL,'flat_rate',50.00,0.0000,1020.00,1070.00,100.00,'NEWUSER',0.00,NULL,'2025-03-27 00:00:00',1742978634,0,NULL,0,NULL,NULL,0,NULL,0,NULL,NULL,'2025-03-26 04:43:54','2025-03-28 05:58:45'),(3,NULL,'20250326-09510829',68,NULL,'{\"name\":\"Jisha Renjith\",\"email\":\"jisha.tomsher@gmail.com\",\"address\":\"Al  building\",\"zipcode\":\"00001\",\"city\":\"Rolla\",\"state\":\"Sharjah\",\"country\":\"UAE\",\"phone\":\"568650838\"}','{\"name\":\"Jisha Renjith\",\"email\":\"jisha.tomsher@gmail.com\",\"address\":\"Al  building\",\"zipcode\":\"00001\",\"city\":\"Rolla\",\"state\":\"Sharjah\",\"country\":\"UAE\",\"phone\":\"568650838\"}','order details','delivered','cod','un_paid',NULL,NULL,'flat_rate',50.00,19.9800,1318.98,1249.00,0.00,NULL,0.00,NULL,'2025-03-28 11:34:24',1742982668,0,NULL,0,NULL,NULL,0,NULL,0,NULL,NULL,'2025-03-26 05:51:08','2025-03-28 07:34:24'),(4,NULL,'20250326-09562841',NULL,NULL,'{\"name\":\"Student 1\",\"email\":\"stud1@yopmail.com\",\"address\":\"Wafi residence,\\r\\nDubai Healthcare City\",\"zipcode\":\"689520\",\"city\":\"Chengannur\",\"state\":\"Dubai\",\"country\":\"United Arab Emirates\",\"phone\":\"145236\"}','{\"name\":\"Student 1\",\"email\":\"stud1@yopmail.com\",\"address\":\"Wafi residence,\\r\\nDubai Healthcare City\",\"zipcode\":\"689520\",\"city\":\"Chengannur\",\"state\":\"Dubai\",\"country\":\"United Arab Emirates\",\"phone\":\"145236\"}','','confirmed','cod','un_paid',NULL,NULL,'flat_rate',50.00,112.0000,3222.00,3620.00,0.00,NULL,560.00,NULL,NULL,1742982988,0,NULL,0,NULL,NULL,0,NULL,0,NULL,NULL,'2025-03-26 05:56:28','2025-03-28 07:38:39'),(5,NULL,'20250328-11541522',68,NULL,'{\"name\":\"Jisha P\",\"email\":\"jisha.tomsher@gmail.com\",\"address\":\"Flat number 606, 184th floor, Burj khalifa\",\"zipcode\":\"689520\",\"city\":\"Burj Park\",\"state\":\"Dubai\",\"country\":\"United Arab Emirates\",\"phone\":\"+971568656856\"}','{\"name\":\"Jisha P\",\"email\":\"jisha.tomsher@gmail.com\",\"address\":\"Flat number 606, 184th floor, Burj khalifa\",\"zipcode\":\"689520\",\"city\":\"Burj Park\",\"state\":\"Dubai\",\"country\":\"United Arab Emirates\",\"phone\":\"+971568656856\"}','sfdsfdf','cancelled','cod','un_paid',NULL,NULL,'flat_rate',20.00,0.0000,419.00,499.00,0.00,NULL,100.00,NULL,NULL,1743162855,1,'2025-03-28 12:03:53',1,'2025-03-28 12:04:16','sdsdsasdcsa',0,NULL,0,NULL,NULL,'2025-03-28 07:54:15','2025-03-28 08:04:16'),(6,NULL,'20250328-11553862',68,NULL,'{\"name\":\"Jisha P\",\"email\":\"jisha.tomsher@gmail.com\",\"address\":\"Flat number 606, 184th floor, Burj khalifa\",\"zipcode\":null,\"city\":\"Burj Park\",\"state\":\"Dubai\",\"country\":\"United Arab Emirates\",\"phone\":\"+971568656856\"}','{\"name\":\"Jisha P\",\"email\":\"jisha.tomsher@gmail.com\",\"address\":\"Flat number 606, 184th floor, Burj khalifa\",\"zipcode\":null,\"city\":\"Burj Park\",\"state\":\"Dubai\",\"country\":\"United Arab Emirates\",\"phone\":\"+971568656856\"}','','pending','cod','un_paid',NULL,NULL,'free_shipping',0.00,120.0000,2520.00,3000.00,0.00,NULL,600.00,NULL,NULL,1743162938,1,'2025-03-28 12:24:50',0,NULL,'qwerty',0,NULL,0,NULL,NULL,'2025-03-28 07:55:38','2025-03-28 08:24:50'),(7,NULL,'20250328-12083034',68,NULL,'{\"name\":\"Jisha P\",\"email\":\"jisha.tomsher@gmail.com\",\"address\":\"Flat number 606, 184th floor, Burj khalifa\",\"zipcode\":null,\"city\":\"Burj Park\",\"state\":\"Dubai\",\"country\":\"United Arab Emirates\",\"phone\":\"+971568656856\"}','{\"name\":\"Jisha P\",\"email\":\"jisha.tomsher@gmail.com\",\"address\":\"Flat number 606, 184th floor, Burj khalifa\",\"zipcode\":null,\"city\":\"Burj Park\",\"state\":\"Dubai\",\"country\":\"United Arab Emirates\",\"phone\":\"+971568656856\"}','','pending','cod','un_paid',NULL,NULL,'free_shipping',0.00,0.0000,1000.00,1000.00,0.00,NULL,0.00,NULL,NULL,1743163710,0,NULL,0,NULL,NULL,0,NULL,0,NULL,NULL,'2025-03-28 08:08:30','2025-03-28 08:08:38'),(8,NULL,'20250329-09472784',68,NULL,'{\"name\":\"Jisha P\",\"email\":\"jisha.tomsher@gmail.com\",\"address\":\"Flat number 606, 184th floor, Burj khalifa\",\"zipcode\":null,\"city\":\"Burj Park\",\"state\":\"Dubai\",\"country\":\"United Arab Emirates\",\"phone\":\"+971568656856\"}','{\"name\":\"Jisha P\",\"email\":\"jisha.tomsher@gmail.com\",\"address\":\"Flat number 606, 184th floor, Burj khalifa\",\"zipcode\":null,\"city\":\"Burj Park\",\"state\":\"Dubai\",\"country\":\"United Arab Emirates\",\"phone\":\"+971568656856\"}','','pending','cod','un_paid',NULL,NULL,'flat_rate',20.00,0.0000,840.00,820.00,0.00,NULL,0.00,NULL,NULL,1743241647,0,NULL,0,NULL,NULL,0,NULL,0,NULL,NULL,'2025-03-29 05:47:27','2025-03-29 05:47:28'),(9,NULL,'20250329-09500887',68,NULL,'{\"name\":\"Jisha P\",\"email\":\"jisha.tomsher@gmail.com\",\"address\":\"Flat number 606, 184th floor, Burj khalifa\",\"zipcode\":null,\"city\":\"Burj Park\",\"state\":\"Dubai\",\"country\":\"United Arab Emirates\",\"phone\":\"+971568656856\"}','{\"name\":\"Jisha P\",\"email\":\"jisha.tomsher@gmail.com\",\"address\":\"Flat number 606, 184th floor, Burj khalifa\",\"zipcode\":null,\"city\":\"Burj Park\",\"state\":\"Dubai\",\"country\":\"United Arab Emirates\",\"phone\":\"+971568656856\"}','','pending','cod','un_paid',NULL,NULL,'flat_rate',20.00,0.0000,419.00,499.00,0.00,NULL,100.00,NULL,NULL,1743241808,0,NULL,0,NULL,NULL,0,NULL,0,NULL,NULL,'2025-03-29 05:50:08','2025-03-29 05:50:08'),(10,NULL,'20250329-09591873',68,NULL,'{\"name\":\"Jisha P\",\"email\":\"jisha.tomsher@gmail.com\",\"address\":\"Flat No 303, Building name\",\"zipcode\":\"0000\",\"city\":\"Dubai\",\"state\":\"Dubai\",\"country\":\"UAE\",\"phone\":\"+971568650838\"}','{\"name\":\"Jisha P\",\"email\":\"jisha.tomsher@gmail.com\",\"address\":\"Flat No 303, Building name\",\"zipcode\":\"0000\",\"city\":\"Dubai\",\"state\":\"Dubai\",\"country\":\"UAE\",\"phone\":\"+971568650838\"}','Please leave at door','cancelled','cod','un_paid',NULL,NULL,'free_shipping',0.00,120.0000,2919.00,3499.00,0.00,NULL,700.00,NULL,NULL,1743242358,1,'2025-04-17 16:10:52',1,'2025-04-17 16:17:14','need another item',0,NULL,0,NULL,NULL,'2025-03-29 05:59:18','2025-04-17 12:17:14'),(11,NULL,'20250329-12174051',NULL,NULL,'{\"name\":\"Jisha P\",\"email\":\"jisha.tomsher@gmail.com\",\"address\":\"Flat No 303, Building name\",\"zipcode\":\"0000\",\"city\":\"Dubai\",\"state\":\"Dubai\",\"country\":\"UAE\",\"phone\":\"+971568650838\"}','{\"name\":\"Jisha P\",\"email\":\"jisha.tomsher@gmail.com\",\"address\":\"Flat No 303, Building name\",\"zipcode\":\"0000\",\"city\":\"Dubai\",\"state\":\"Dubai\",\"country\":\"UAE\",\"phone\":\"+971568650838\"}','','pending','cod','un_paid',NULL,NULL,'free_shipping',0.00,27.1800,1170.18,1179.00,0.00,NULL,36.00,NULL,NULL,1743250660,0,NULL,0,NULL,NULL,0,NULL,0,NULL,NULL,'2025-03-29 08:17:40','2025-03-29 08:17:40'),(12,NULL,'20250417-10120076',68,NULL,'{\"name\":\"Jisha P\",\"email\":\"jisha.tomsher@gmail.com\",\"address\":\"Flat No 303, Building name\",\"zipcode\":\"0000\",\"city\":\"Dubai\",\"state\":\"Dubai\",\"country\":\"UAE\",\"phone\":\"+971568650838\"}','{\"name\":\"Jisha P\",\"email\":\"jisha.tomsher@gmail.com\",\"address\":\"Flat No 303, Building name\",\"zipcode\":\"0000\",\"city\":\"Dubai\",\"state\":\"Dubai\",\"country\":\"UAE\",\"phone\":\"+971568650838\"}','','pending','cod','un_paid',NULL,NULL,'free_shipping',0.00,37.5000,1537.50,1500.00,0.00,NULL,0.00,NULL,NULL,1744884720,0,NULL,0,NULL,NULL,0,NULL,0,NULL,NULL,'2025-04-17 06:12:00','2025-04-17 06:12:00'),(13,NULL,'20250417-14155315',68,NULL,'{\"name\":\"Jisha P\",\"email\":\"jisha.tomsher@gmail.com\",\"address\":\"Flat No 303, Building name\",\"zipcode\":\"0000\",\"city\":\"Dubai\",\"state\":\"Dubai\",\"country\":\"UAE\",\"phone\":\"+971568650838\"}','{\"name\":\"Jisha P\",\"email\":\"jisha.tomsher@gmail.com\",\"address\":\"Flat No 303, Building name\",\"zipcode\":\"0000\",\"city\":\"Dubai\",\"state\":\"Dubai\",\"country\":\"UAE\",\"phone\":\"+971568650838\"}','','pending','cod','un_paid',NULL,NULL,'flat_rate',20.00,0.0000,419.00,499.00,0.00,NULL,100.00,NULL,NULL,1744884953,0,NULL,0,NULL,NULL,0,NULL,0,NULL,NULL,'2025-04-17 10:15:53','2025-04-17 10:15:53'),(14,NULL,'20250417-14264514',68,NULL,'{\"name\":\"Jisha P\",\"email\":\"jisha.tomsher@gmail.com\",\"address\":\"Flat No 303, Building name\",\"zipcode\":\"0000\",\"city\":\"Dubai\",\"state\":\"Dubai\",\"country\":\"UAE\",\"phone\":\"+971568650838\"}','{\"name\":\"Jisha P\",\"email\":\"jisha.tomsher@gmail.com\",\"address\":\"Flat No 303, Building name\",\"zipcode\":\"0000\",\"city\":\"Dubai\",\"state\":\"Dubai\",\"country\":\"UAE\",\"phone\":\"+971568650838\"}','','confirmed','cod','un_paid',NULL,NULL,'flat_rate',20.00,0.0000,419.00,499.00,0.00,NULL,100.00,NULL,NULL,1744885605,0,NULL,0,NULL,NULL,0,NULL,0,NULL,NULL,'2025-04-17 10:26:45','2025-04-17 12:03:50'),(15,NULL,'20250417-16312433',68,NULL,'{\"name\":\"Jisha P\",\"email\":\"jisha.tomsher@gmail.com\",\"address\":\"Flat No 303, Building name\",\"zipcode\":\"0000\",\"city\":\"Dubai\",\"state\":\"Dubai\",\"country\":\"UAE\",\"phone\":\"+971568650838\"}','{\"name\":\"Jisha P\",\"email\":\"jisha.tomsher@gmail.com\",\"address\":\"Flat No 303, Building name\",\"zipcode\":\"0000\",\"city\":\"Dubai\",\"state\":\"Dubai\",\"country\":\"UAE\",\"phone\":\"+971568650838\"}','','pending','cod','un_paid',NULL,NULL,'free_shipping',0.00,22.3800,3900.38,3878.00,0.00,NULL,0.00,NULL,NULL,1744893084,0,NULL,0,NULL,NULL,0,NULL,0,NULL,NULL,'2025-04-17 12:31:24','2025-04-17 12:31:24'),(16,NULL,'20250417-16360423',68,NULL,'{\"name\":\"Jisha P\",\"email\":\"jisha.tomsher@gmail.com\",\"address\":\"Flat No 303, Building name\",\"zipcode\":\"0000\",\"city\":\"Dubai\",\"state\":\"Dubai\",\"country\":\"UAE\",\"phone\":\"+971568650838\"}','{\"name\":\"Jisha P\",\"email\":\"jisha.tomsher@gmail.com\",\"address\":\"Flat No 303, Building name\",\"zipcode\":\"0000\",\"city\":\"Dubai\",\"state\":\"Dubai\",\"country\":\"UAE\",\"phone\":\"+971568650838\"}','','delivered','cod','paid',NULL,NULL,'free_shipping',0.00,11.1900,2549.19,2688.00,50.00,'PRODUCT',100.00,NULL,'2025-04-17 17:27:20',1744893364,0,NULL,0,NULL,NULL,0,NULL,0,NULL,NULL,'2025-04-17 12:36:04','2025-04-17 13:27:20'),(17,NULL,'20250417-17322822',68,NULL,'{\"name\":\"Jisha P\",\"email\":\"jisha.tomsher@gmail.com\",\"address\":\"Flat No 303, Building name\",\"zipcode\":\"0000\",\"city\":\"Dubai\",\"state\":\"Dubai\",\"country\":\"UAE\",\"phone\":\"+971568650838\"}','{\"name\":\"Jisha P\",\"email\":\"jisha.tomsher@gmail.com\",\"address\":\"Flat No 303, Building name\",\"zipcode\":\"0000\",\"city\":\"Dubai\",\"state\":\"Dubai\",\"country\":\"UAE\",\"phone\":\"+971568650838\"}','','delivered','cod','paid',NULL,NULL,'free_shipping',0.00,33.5700,3789.57,3856.00,0.00,NULL,100.00,NULL,'2025-04-17 17:32:43',1744896748,0,NULL,0,NULL,NULL,0,NULL,0,NULL,NULL,'2025-04-17 13:32:28','2025-04-17 13:32:43'),(18,NULL,'20250417-17581794',68,NULL,'{\"name\":\"Shipping name\",\"email\":\"jisha.tomsher@gmail.com\",\"address\":\"Shipping address\",\"zipcode\":\"Shipping zip\",\"city\":\"Shipping city\",\"state\":\"Shipping state\",\"country\":\"Shipping  United Arab Emirates\",\"phone\":\"1111111111111\"}','{\"name\":\"Billing name\",\"email\":\"jisha.tomsher@gmail.com\",\"address\":\"Billing address\",\"zipcode\":\"Billing zip\",\"city\":\"Billing city\",\"state\":\"Billing state\",\"country\":\"Billing United Arab Emirates\",\"phone\":\"22222222222\"}','','pending','cod','un_paid',NULL,NULL,'flat_rate',20.00,0.0000,840.00,820.00,0.00,NULL,0.00,NULL,NULL,1744898297,0,NULL,0,NULL,NULL,0,NULL,0,NULL,NULL,'2025-04-17 13:58:17','2025-04-17 13:58:17'),(20,NULL,'20250417-18071882',68,NULL,'{\"name\":\"Jisha P\",\"email\":\"jisha.tomsher@gmail.com\",\"address\":\"Flat No 303, Building name\",\"zipcode\":\"0000\",\"city\":\"Dubai\",\"state\":\"Dubai\",\"country\":\"UAE\",\"phone\":\"+971568650838\"}','{\"name\":\"Jisha P\",\"email\":\"jisha.tomsher@gmail.com\",\"address\":\"Flat No 303, Building name\",\"zipcode\":\"0000\",\"city\":\"Dubai\",\"state\":\"Dubai\",\"country\":\"UAE\",\"phone\":\"+971568650838\"}','sfvsdgfdfgsdfghfhgf','pending','cod','un_paid',NULL,NULL,'free_shipping',0.00,11.1900,1130.19,1119.00,0.00,NULL,0.00,NULL,NULL,1744898838,0,NULL,0,NULL,NULL,0,NULL,0,NULL,NULL,'2025-04-17 14:07:18','2025-04-17 14:07:18'),(21,NULL,'20250417-18192491',68,NULL,'{\"name\":\"Jisha P\",\"email\":\"jisha.tomsher@gmail.com\",\"address\":\"Flat No 303, Building name\",\"zipcode\":\"0000\",\"city\":\"Dubai\",\"state\":\"Dubai\",\"country\":\"UAE\",\"phone\":\"+971568650838\"}','{\"name\":\"Jisha P\",\"email\":\"jisha.tomsher@gmail.com\",\"address\":\"Flat No 303, Building name\",\"zipcode\":\"0000\",\"city\":\"Dubai\",\"state\":\"Dubai\",\"country\":\"UAE\",\"phone\":\"+971568650838\"}','zsfdsfsdgfdsg','pending','cod','un_paid',NULL,NULL,'free_shipping',0.00,0.0000,1219.00,1319.00,0.00,NULL,100.00,NULL,NULL,1744899564,0,NULL,0,NULL,NULL,0,NULL,0,NULL,NULL,'2025-04-17 14:19:24','2025-04-17 14:19:24'),(22,NULL,'20250417-18202757',68,NULL,'{\"name\":\"dfdsgfg\",\"email\":\"jisha.tomsher@gmail.com\",\"address\":\"dfhgfhgfh\",\"zipcode\":\"sdgdsfg\",\"city\":\"sdgfsdg\",\"state\":\"sdgdfsgf\",\"country\":\"United Arab Emirates\",\"phone\":\"1122334455\"}','{\"name\":\"dfdsgfg\",\"email\":\"jisha.tomsher@gmail.com\",\"address\":\"dfhgfhgfh\",\"zipcode\":\"sdgdsfg\",\"city\":\"sdgfsdg\",\"state\":\"sdgdfsgf\",\"country\":\"United Arab Emirates\",\"phone\":\"1122334455\"}','sdfdsf','pending','cod','un_paid',NULL,NULL,'flat_rate',20.00,0.0000,669.00,749.00,0.00,NULL,100.00,NULL,NULL,1744899627,0,NULL,0,NULL,NULL,0,NULL,0,NULL,NULL,'2025-04-17 14:20:27','2025-04-17 14:20:27'),(23,NULL,'20250418-09562347',1,NULL,'{\"name\":\"Admin name\",\"email\":\"admin@homeiq.com\",\"address\":\"Admin address\",\"zipcode\":\"0000\",\"city\":\"city\",\"state\":\"state\",\"country\":\"United Arab Emirates\",\"phone\":\"145236987\"}','{\"name\":\"Admin name\",\"email\":\"admin@homeiq.com\",\"address\":\"Admin address\",\"zipcode\":\"0000\",\"city\":\"city\",\"state\":\"state\",\"country\":\"United Arab Emirates\",\"phone\":\"145236987\"}','','pending','cod','un_paid',NULL,NULL,'flat_rate',20.00,0.0000,419.00,499.00,0.00,NULL,100.00,NULL,NULL,1744955783,0,NULL,0,NULL,NULL,0,NULL,0,NULL,NULL,'2025-04-18 05:56:23','2025-04-18 05:56:23'),(24,NULL,'20250418-09565119',1,NULL,'{\"name\":\"Admin name\",\"email\":\"admin@homeiq.com\",\"address\":\"Admin address\",\"zipcode\":\"0000\",\"city\":\"city\",\"state\":\"state\",\"country\":\"United Arab Emirates\",\"phone\":\"145236987\"}','{\"name\":\"Admin name\",\"email\":\"admin@homeiq.com\",\"address\":\"Admin address\",\"zipcode\":\"0000\",\"city\":\"city\",\"state\":\"state\",\"country\":\"United Arab Emirates\",\"phone\":\"145236987\"}','','pending','cod','un_paid',NULL,NULL,'flat_rate',20.00,0.0000,840.00,820.00,0.00,NULL,0.00,NULL,NULL,1744955811,0,NULL,0,NULL,NULL,0,NULL,0,NULL,NULL,'2025-04-18 05:56:51','2025-04-18 05:56:51'),(25,NULL,'20250418-09591297',68,NULL,'{\"name\":\"Jisha P\",\"email\":\"jisha.tomsher@gmail.com\",\"address\":\"Flat number 606, 184th floor, Burj khalifa\",\"zipcode\":null,\"city\":\"Burj Park\",\"state\":\"Dubai\",\"country\":\"United Arab Emirates\",\"phone\":\"+971568656856\"}','{\"name\":\"Jisha P\",\"email\":\"jisha.tomsher@gmail.com\",\"address\":\"Flat number 606, 184th floor, Burj khalifa\",\"zipcode\":null,\"city\":\"Burj Park\",\"state\":\"Dubai\",\"country\":\"United Arab Emirates\",\"phone\":\"+971568656856\"}','','pending','cod','un_paid',NULL,NULL,'free_shipping',0.00,11.1900,1779.19,1868.00,0.00,NULL,100.00,NULL,NULL,1744955952,0,NULL,0,NULL,NULL,0,NULL,0,NULL,NULL,'2025-04-18 05:59:12','2025-04-18 05:59:12'),(26,NULL,'20250418-10044998',68,NULL,'{\"name\":\"New Name\",\"email\":\"jisha.tomsher@gmail.com\",\"address\":\"Wafi residence Newwwwwww,\\r\\nDubai Healthcare City\",\"zipcode\":\"000\",\"city\":\"Oud Metha\",\"state\":\"Dubai\",\"country\":\"United Arab Emirates\",\"phone\":\"11111\"}','{\"name\":\"New Name\",\"email\":\"jisha.tomsher@gmail.com\",\"address\":\"Wafi residence Newwwwwww,\\r\\nDubai Healthcare City\",\"zipcode\":\"000\",\"city\":\"Oud Metha\",\"state\":\"Dubai\",\"country\":\"United Arab Emirates\",\"phone\":\"11111\"}','','pending','cod','un_paid',NULL,NULL,'flat_rate',20.00,0.0000,419.00,499.00,0.00,NULL,100.00,NULL,NULL,1744956289,0,NULL,0,NULL,NULL,0,NULL,0,NULL,NULL,'2025-04-18 06:04:49','2025-04-18 06:04:49'),(27,NULL,'20250418-10051210',68,NULL,'{\"name\":\"Jisha P\",\"email\":\"jisha.tomsher@gmail.com\",\"address\":\"Flat No 303, Building name\",\"zipcode\":\"0000\",\"city\":\"Dubai\",\"state\":\"Dubai\",\"country\":\"UAE\",\"phone\":\"+971568650838\"}','{\"name\":\"Nythika Renjith\",\"email\":\"jisha.tomsher@gmail.com\",\"address\":null,\"zipcode\":null,\"city\":null,\"state\":null,\"country\":\"United Arab Emirates\",\"phone\":\"971568650838\"}','','pending','cod','un_paid',NULL,NULL,'flat_rate',20.00,0.0000,270.00,250.00,0.00,NULL,0.00,NULL,NULL,1744956312,0,NULL,0,NULL,NULL,0,NULL,0,NULL,NULL,'2025-04-18 06:05:12','2025-04-18 06:05:12'),(28,NULL,'20250418-10054134',68,NULL,'{\"name\":\"Jisha P\",\"email\":\"jisha.tomsher@gmail.com\",\"address\":\"Flat number 606, 184th floor, Burj khalifa\",\"zipcode\":null,\"city\":\"Burj Park\",\"state\":\"Dubai\",\"country\":\"United Arab Emirates\",\"phone\":\"+971568656856\"}','{\"name\":\"Nythika Renjith\",\"email\":\"jisha.tomsher@gmail.com\",\"address\":null,\"zipcode\":null,\"city\":null,\"state\":null,\"country\":\"United Arab Emirates\",\"phone\":\"971568650838\"}','','pending','cod','un_paid',NULL,NULL,'flat_rate',20.00,0.0000,270.00,250.00,0.00,NULL,0.00,NULL,NULL,1744956341,0,NULL,0,NULL,NULL,0,NULL,0,NULL,NULL,'2025-04-18 06:05:41','2025-04-18 06:05:41'),(29,NULL,'20250418-10095156',68,NULL,'{\"name\":\"Jisha P\",\"email\":\"jisha.tomsher@gmail.com\",\"address\":\"Flat number 606, 184th floor, Burj khalifa\",\"zipcode\":null,\"city\":\"Burj Park\",\"state\":\"Dubai\",\"country\":\"United Arab Emirates\",\"phone\":\"+971568656856\"}','{\"name\":\"Nythika Renjith\",\"email\":\"jisha.tomsher@gmail.com\",\"address\":\"Flat number 606, 184th floor, Burj khalifa\",\"zipcode\":null,\"city\":\"Burj Park\",\"state\":\"Dubai\",\"country\":\"United Arab Emirates\",\"phone\":\"971568650838\"}','','pending','cod','un_paid',NULL,NULL,'flat_rate',20.00,0.0000,419.00,499.00,0.00,NULL,100.00,NULL,NULL,1744956591,0,NULL,0,NULL,NULL,0,NULL,0,NULL,NULL,'2025-04-18 06:09:51','2025-04-18 06:09:51'),(30,NULL,'20250418-11220948',68,NULL,'{\"name\":\"Jisha P\",\"email\":\"jisha.tomsher@gmail.com\",\"address\":\"Flat number 606, 184th floor, Burj khalifa\",\"zipcode\":null,\"city\":\"Burj Park\",\"state\":\"Dubai\",\"country\":\"United Arab Emirates\",\"phone\":\"+971568656856\"}','{\"name\":\"Jisha P\",\"email\":\"jisha.tomsher@gmail.com\",\"address\":\"Flat number 606, 184th floor, Burj khalifa\",\"zipcode\":null,\"city\":\"Burj Park\",\"state\":\"Dubai\",\"country\":\"United Arab Emirates\",\"phone\":\"+971568656856\"}','','delivered','cod','un_paid',NULL,NULL,'free_shipping',0.00,449.8800,13043.88,12594.00,0.00,NULL,0.00,NULL,'2025-04-18 00:00:00',1744960929,0,NULL,0,NULL,NULL,0,NULL,0,NULL,NULL,'2025-04-18 07:22:09','2025-04-18 07:22:31'),(31,NULL,'20250715-18383116',72,NULL,'{\"name\":\"Jane Doe\",\"email\":\"john.doe@example.com\",\"address\":\"456 Elm St\",\"zipcode\":\"54321\",\"city\":\"Othertown\",\"state\":\"Otherstate\",\"country\":\"Otherland\",\"phone\":\"0987654321\"}','{\"name\":\"John Doe\",\"email\":\"john.doe@example.com\",\"address\":\"123 Main St\",\"zipcode\":\"12345\",\"city\":\"Anytown\",\"state\":\"Anystate\",\"country\":\"Anyland\",\"phone\":\"1234567890\"}','','pending','','un_paid',NULL,NULL,'flat_rate',20.00,25.0000,545.00,500.00,0.00,'',0.00,NULL,NULL,1752590311,0,NULL,0,NULL,NULL,0,NULL,0,NULL,NULL,'2025-07-15 14:38:31','2025-07-15 14:38:31'),(32,NULL,'20250715-18422037',72,NULL,'{\"name\":\"Jane Doe\",\"email\":\"john.doe@example.com\",\"address\":\"456 Elm St\",\"zipcode\":\"54321\",\"city\":\"Othertown\",\"state\":\"Otherstate\",\"country\":\"Otherland\",\"phone\":\"0987654321\"}','{\"name\":\"John Doe\",\"email\":\"john.doe@example.com\",\"address\":\"123 Main St\",\"zipcode\":\"12345\",\"city\":\"Anytown\",\"state\":\"Anystate\",\"country\":\"Anyland\",\"phone\":\"1234567890\"}','','delivered','','paid',NULL,NULL,'free_shipping',0.00,12.5000,262.50,250.00,0.00,NULL,0.00,NULL,'2025-07-15 19:26:29',1752590540,1,'2025-07-15 19:18:51',2,'2025-07-15 19:28:33','test',0,NULL,0,NULL,NULL,'2025-07-15 14:42:20','2025-07-15 15:28:33'),(33,NULL,'20250721-09554291',72,NULL,'{\"name\":\"Jane Doe\",\"email\":\"john.doe@example.com\",\"address\":\"456 Elm St\",\"zipcode\":\"54321\",\"city\":\"Othertown\",\"state\":\"Otherstate\",\"country\":\"Otherland\",\"phone\":\"0987654321\"}','{\"name\":\"John Doe\",\"email\":\"john.doe@example.com\",\"address\":\"123 Main St\",\"zipcode\":\"12345\",\"city\":\"Anytown\",\"state\":\"Anystate\",\"country\":\"Anyland\",\"phone\":\"1234567890\"}','','pending','','un_paid',NULL,NULL,'flat_rate',20.00,0.0000,330.00,650.00,0.00,NULL,340.00,NULL,NULL,1753077342,0,NULL,0,NULL,NULL,0,NULL,0,NULL,NULL,'2025-07-21 05:55:42','2025-07-21 05:55:42'),(34,NULL,'20250721-10004844',72,NULL,'{\"name\":\"Jane Doe\",\"email\":\"john.doe@example.com\",\"address\":\"456 Elm St\",\"zipcode\":\"54321\",\"city\":\"Othertown\",\"state\":\"Otherstate\",\"country\":\"Otherland\",\"phone\":\"0987654321\"}','{\"name\":\"John Doe\",\"email\":\"john.doe@example.com\",\"address\":\"123 Main St\",\"zipcode\":\"12345\",\"city\":\"Anytown\",\"state\":\"Anystate\",\"country\":\"Anyland\",\"phone\":\"1234567890\"}','','pending','','un_paid',NULL,NULL,'flat_rate',20.00,0.0000,320.00,600.00,0.00,NULL,300.00,NULL,NULL,1753077648,0,NULL,0,NULL,NULL,0,NULL,0,NULL,NULL,'2025-07-21 06:00:48','2025-07-21 06:00:48'),(35,NULL,'20250721-10440597',72,NULL,'{\"name\":\"Jane Doe\",\"email\":\"john.doe@example.com\",\"address\":\"456 Elm St\",\"zipcode\":\"54321\",\"city\":\"Othertown\",\"state\":\"Otherstate\",\"country\":\"Otherland\",\"phone\":\"0987654321\"}','{\"name\":\"John Doe\",\"email\":\"john.doe@example.com\",\"address\":\"123 Main St\",\"zipcode\":\"12345\",\"city\":\"Anytown\",\"state\":\"Anystate\",\"country\":\"Anyland\",\"phone\":\"1234567890\"}','','pending','','un_paid',NULL,NULL,'flat_rate',20.00,0.0000,220.00,400.00,0.00,NULL,200.00,NULL,NULL,1753080245,0,NULL,0,NULL,NULL,0,NULL,0,NULL,NULL,'2025-07-21 06:44:05','2025-07-21 06:44:05');
/*!40000 ALTER TABLE `orders` ENABLE KEYS */;
UNLOCK TABLES;

--
-- Table structure for table `page_translations`
--

DROP TABLE IF EXISTS `page_translations`;
/*!40101 SET @saved_cs_client     = @@character_set_client */;
/*!50503 SET character_set_client = utf8mb4 */;
CREATE TABLE `page_translations` (
  `id` bigint NOT NULL AUTO_INCREMENT,
  `page_id` bigint NOT NULL,
  `lang` varchar(100) CHARACTER SET utf8mb3 COLLATE utf8mb3_unicode_ci NOT NULL,
  `title` varchar(500) COLLATE utf8mb3_unicode_ci DEFAULT NULL,
  `content` longtext CHARACTER SET utf8mb3 COLLATE utf8mb3_unicode_ci,
  `sub_title` varchar(500) COLLATE utf8mb3_unicode_ci DEFAULT NULL,
  `title1` varchar(500) COLLATE utf8mb3_unicode_ci DEFAULT NULL,
  `description1` text COLLATE utf8mb3_unicode_ci,
  `title2` varchar(500) COLLATE utf8mb3_unicode_ci DEFAULT NULL,
  `title3` varchar(500) COLLATE utf8mb3_unicode_ci DEFAULT NULL,
  `heading1` text COLLATE utf8mb3_unicode_ci,
  `content1` longtext CHARACTER SET utf8mb3 COLLATE utf8mb3_unicode_ci,
  `heading2` text COLLATE utf8mb3_unicode_ci,
  `image1` varchar(191) CHARACTER SET utf8mb3 COLLATE utf8mb3_unicode_ci DEFAULT NULL,
  `image2` varchar(191) CHARACTER SET utf8mb3 COLLATE utf8mb3_unicode_ci DEFAULT NULL,
  `image4` varchar(191) COLLATE utf8mb3_unicode_ci DEFAULT NULL,
  `content2` longtext CHARACTER SET utf8mb3 COLLATE utf8mb3_unicode_ci,
  `heading3` text COLLATE utf8mb3_unicode_ci,
  `content3` longtext CHARACTER SET utf8mb3 COLLATE utf8mb3_unicode_ci,
  `content4` text CHARACTER SET utf8mb3 COLLATE utf8mb3_unicode_ci,
  `content5` text CHARACTER SET utf8mb3 COLLATE utf8mb3_unicode_ci,
  `content6` longtext COLLATE utf8mb3_unicode_ci,
  `heading4` text COLLATE utf8mb3_unicode_ci,
  `heading5` text COLLATE utf8mb3_unicode_ci,
  `heading6` text COLLATE utf8mb3_unicode_ci,
  `heading7` text COLLATE utf8mb3_unicode_ci,
  `heading8` text COLLATE utf8mb3_unicode_ci,
  `heading9` text COLLATE utf8mb3_unicode_ci,
  `heading10` text COLLATE utf8mb3_unicode_ci,
  `meta_title` mediumtext CHARACTER SET utf8mb3 COLLATE utf8mb3_unicode_ci,
  `meta_description` longtext CHARACTER SET utf8mb3 COLLATE utf8mb3_unicode_ci,
  `keywords` longtext CHARACTER SET utf8mb3 COLLATE utf8mb3_unicode_ci,
  `og_title` mediumtext CHARACTER SET utf8mb3 COLLATE utf8mb3_unicode_ci,
  `og_description` longtext CHARACTER SET utf8mb3 COLLATE utf8mb3_unicode_ci,
  `twitter_title` mediumtext CHARACTER SET utf8mb3 COLLATE utf8mb3_unicode_ci,
  `twitter_description` longtext CHARACTER SET utf8mb3 COLLATE utf8mb3_unicode_ci,
  `meta_image` varchar(191) CHARACTER SET utf8mb3 COLLATE utf8mb3_unicode_ci DEFAULT NULL,
  `created_at` timestamp NOT NULL DEFAULT CURRENT_TIMESTAMP,
  `updated_at` timestamp NOT NULL DEFAULT CURRENT_TIMESTAMP,
  PRIMARY KEY (`id`)
) ENGINE=InnoDB AUTO_INCREMENT=32 DEFAULT CHARSET=utf8mb3 COLLATE=utf8mb3_unicode_ci;
/*!40101 SET character_set_client = @saved_cs_client */;

--
-- Dumping data for table `page_translations`
--

LOCK TABLES `page_translations` WRITE;
/*!40000 ALTER TABLE `page_translations` DISABLE KEYS */;
INSERT INTO `page_translations` VALUES (20,6,'en','Latest Blog Posts',NULL,'Stay informed with expert insights, smart home tips, and the latest trends in home automation, security, and energy efficiency.',NULL,NULL,NULL,NULL,NULL,NULL,NULL,NULL,NULL,NULL,NULL,NULL,NULL,NULL,NULL,NULL,NULL,NULL,NULL,NULL,NULL,NULL,NULL,'1','2','3','4','5','6','7',NULL,'2025-03-15 06:22:11','2025-03-15 06:35:21'),(21,20,'en','Explore Our [Products]',NULL,'Discover the latest smart home solutions designed to enhance your living experience.',NULL,NULL,NULL,NULL,NULL,NULL,NULL,NULL,NULL,NULL,NULL,NULL,NULL,NULL,NULL,NULL,NULL,NULL,NULL,NULL,NULL,NULL,NULL,'q','w','e','r','t','y','u',NULL,'2025-03-15 06:36:27','2025-03-19 08:22:47'),(22,7,'en','Get in Touchh','123 Main Street, City, Country','Have questions? We\'d love to hear from you. Fill out the form below.',NULL,NULL,NULL,NULL,NULL,'https://www.google.com/maps/embed?pb=!1m18!1m12!1m3!1d15780.927832174124!2d55.32464643048525!3d25.241212406861536!2m3!1f0!2f0!3f0!3m2!1i1024!2i768!4f13.1!3m3!1m2!1s0x3e5f5d3d31281a7b%3A0x5e8640a94b0fbec8!2sDubai%20Creek%20Golf%20%26%20Yacht%20Club!5e1!3m2!1sen!2sae!4v1745504686202!5m2!1sen!2sae','Or reach out to us directly:',NULL,NULL,NULL,NULL,'+971 4 547 9552',NULL,NULL,NULL,NULL,'support@ittech.com','join@domain.com',NULL,NULL,NULL,NULL,NULL,'11','22','33','44','55','66','77',NULL,'2025-03-15 07:39:52','2025-07-17 10:25:16'),(23,2,'en','Privacy Policy','<p><br></p>',NULL,NULL,NULL,NULL,NULL,NULL,NULL,NULL,NULL,NULL,NULL,NULL,NULL,NULL,NULL,NULL,NULL,NULL,NULL,NULL,NULL,NULL,NULL,NULL,'asd','sddf','refr','bvbn','ghy','ewwe','vbnv',NULL,'2025-03-15 07:57:39','2025-07-18 08:43:00'),(24,3,'en','Terms & Conditions','<p><br></p>',NULL,NULL,NULL,NULL,NULL,NULL,NULL,NULL,NULL,NULL,NULL,NULL,NULL,NULL,NULL,NULL,NULL,NULL,NULL,NULL,NULL,NULL,NULL,NULL,NULL,NULL,NULL,NULL,NULL,NULL,NULL,NULL,'2025-03-15 07:58:14','2025-07-18 08:43:06'),(25,15,'en','Return Policy','<p><strong>RETURNS<br></strong></p><p>We do not accept returns or exchanges unless the item you purchased is defective in accordance to Warranty Terms and Period dedicated by manufacturer.</p><p>If a defect arises and a valid claim is received within the Warranty Period, the company will replace the product with a new or refurbished product that is functionally equivalent to the original following receipt of the returned product as well as copy of original invoice pertaining to the part. A replacement product or part assumes the remaining warranty of the original product.</p><p>To obtain warranty service, you must first email us on support@homeiq.ae with details of the defective product and the nature of the problem. A copy of the purchase receipt&nbsp;may also be required for at time of contact.</p><p>Should our technical support team not be able to resolve the issue and a product is determined to be defective, you will be sent specific instructions on how to return the device back to us.</p><p>Please note that we do not accept non pre-authorised returns delivered to our office. Any item sent will be regretfully returned back to you at your cost</p><p>Exclusions: This warranty does not apply to: a) damage caused by failure to follow instructions relating to the product’s use or the installation of components; b) damage caused by accident, abuse, misuse, transport, neglect, fire, floods, earthquake or other external causes; c) damage caused by service performed by anyone who is not an authorised representative of the company d) accessories used in conjunction with a covered product; e) a product or part that has been modified to alter functionality or capability; f) items intended to be periodically replaced by the purchaser during the normal life of the product, including, without limitation, batteries, bulbs or cables; g) a product that is used commercially or for a commercial purpose, in each case as determined by the company h) wear and tear consistent with normal use.</p><p>This warranty does not cover products or devices that were not purchased through the homeiq.ae website</p><p><br></p><p><strong>REFUNDS</strong></p><p>In our effort to maintain the price competitiveness of the service and products we offer to our customers, all sales are made on an “as is”, no refund basis, provided and accepted at your own risk. Unless otherwise stated by the company in writing on this site, all sales made by the company are final and no refunds will be permitted.</p><p>It is your responsibility to familiarise yourself with this refund policy. By placing an order for any of our products, you indicate that you have read this refund policy and that you agree with and fully accept the terms of this refund policy.</p><p class=\"p1\"><span class=\"s1\">Any approved&nbsp;</span><span class=\"s2\">Refund&nbsp;will be done only through the Original Mode of Payment.</span></p><p class=\"p1\"><span class=\"s2\"><br></span></p><p><strong>DELIVERY POLICY</strong></p><p>We offer FREE delivery via standard courier on all UAE orders with a minimum value of AED 250. Any shipments outside of UAE are not available at this time. All orders are subject to product availability. An estimated delivery time will be provided to you once your order is placed. Delivery times are estimates and commence from the date of shipping, rather than the date of order. Delivery times are to be used as a guide only and are subject to the acceptance and approval of your order.</p><p>Date of delivery may vary due to carrier shipping practices, delivery location, method of delivery, and the items ordered. Unless there are exceptional circumstances, we make every effort to fulfil your order within [15] business days of the date of your order.</p><p>Back order items will ship in accordance to indicated timelines at time of purchase. A Single order maybe split into multiple shipments, depending on the availability of the item and / or weight limits for parcels by the courier/postal company. The cardholder should be aware of the possibility that multiple shipments may result in multiple postings to the cardholder’s monthly statement.</p><p>Orders that include professional installation service will be delivered in whole by installation team at designated time of installation.</p><p>Carrier tracking numbers can be found in your shipping confirmation email.<br>In the unlikely event that your order arrives damaged, please e-mail us within 48 hours of receiving your order.</p><p>Kindly note that we do not deal or provide any services or products to any of OFAC (Office of Foreign Assets Control) sanctions countries in accordance with the law of UAE.</p><p><br></p><p><strong>INSTALLATION POLICY </strong></p><p>Professional installation service offered through the website is provided through a Third Party directly and as such we assume no responsibility for all aspects of the Third Party Services except as specified hereunder.&nbsp;HomeIQ Electromechanical Services LLC&nbsp;makes no representations and provides no warranties regarding the quality, legality, suitability, reliability, timeliness, or accuracy of any Third Party Services or information provided through our Service. All users should exercise caution and common sense to protect personal safety and property when interacting with other users.</p><p>In the unlikely event of a dispute arising among one or more users of the services (including, without limitation, between a customer and a service provider, or between multiple service providers and/or customers), you hereby release&nbsp;HomeIQ Electromechanical Services LLC&nbsp;(and its affiliates, agents and employees) from, and shall indemnify the company against, all claims, demands and damages (actual and consequential) of every kind and nature, known and unknown, suspected and unsuspected, disclosed and undisclosed, arising out of or in any way connected with such disputes. The Company reserves the right in its sole discretion to attempt to resolve any such dispute.</p><p>The Company may offer installation service in certain markets at a “Flat Rate” price. The “Job Definition” for such offers will typically involve special conditions and exclusions in addition to the definition of the Job itself. If Service Provider determines the actual scope of a Job exceeds the Job Definition of an applicable “Flat Rate” offering, the Service Provider will get approval from&nbsp;The Company and the Customer before moving forward with the Job. If The Customer wants additional services, whether they be related to the original Job but excluded from the Job Definition, or whether they be otherwise, Service Provider will invoice the Customer directly for the additional labour, materials or permits.</p><p>The Company&nbsp;may in its sole discretion facilitate customer payments to Service Providers. Customer payments collected in such manner shall be considered the same as payments made directly from Customer to Service Provider. Payment is due from Customer at time of purchase of service.</p><p>The Company may offer to confirm an appointment with a Service Provider within a specific amount of time and/or schedule a Job for a particular date and time. In such cases, Company will make reasonable efforts to contact an appropriate Service Provider within that time frame and obtain confirmation of a suitable appointment. However, Company cannot guarantee, and ability to confirm appointments depends upon, Service Provider availability and in some cases the service location. Company also reserves the right to cancel a scheduled Job based on Service Provider availability.</p><p>If you are not satisfied with the quality of the project, we will work closely with you and the Service Provider to resolve the issue.</p><p>Each Customer acknowledges and agrees that&nbsp;HomeIQ Electromechanical Services LLC&nbsp;assumes no liability or responsibility for any (i) errors, mistakes or inaccuracies of Content, and/or (ii) personal injury or property damage, of any nature whatsoever, arising from its use of its Services and/or the provision of any Third Party Services by Service Providers. Customer acknowledges and agrees that Third Party Services and associated costs may vary during the course of a Third Party Services project.</p><p>Cancellation of Scheduled Visits: All attempts will be made to schedule suitable installation time at least one week post professional installation service purchase. Confirmation of appointments will be communicated to Customer via email. Any reschedule of confirmed appointment is required at least 48 hours prior to agreed schedule. Customer will be provided one opportunity to reschedule an appointment within a 4 week period.</p><p>The company reserves the right to cancel an installation without recourse to a refund where a) customers cancels a scheduled visit less than&nbsp;24 hours notice; b) are not available at the time of the scheduled visit or c) cancel a scheduled visit more than the permitted one time.</p><p>Errors in installation: errors or omissions in installation of said system, including but not limited to failure of equipment, shall be called to the attention of Company by customer in writing within five(5) days of completion of the installation. Upon the expiration of the five(5) day period, the installation and the equipment shall be deemed accepted by Customer.</p><p>Delay in installation: Company assumes no liability for delay in installation of the equipment, or for interruption of service due to power failures, interruption of or unavailability of internet service, or equipmentand Company will not be required to supply service to Customer while interruption service due to any such cause shall continue</p>',NULL,NULL,NULL,NULL,NULL,NULL,NULL,NULL,NULL,NULL,NULL,NULL,NULL,NULL,NULL,NULL,NULL,NULL,NULL,NULL,NULL,NULL,NULL,NULL,NULL,NULL,NULL,NULL,NULL,NULL,NULL,NULL,'2025-03-15 07:58:46','2025-03-21 04:49:37'),(26,21,'en','Delivering [Excellence], One Solution at a Time',NULL,'Explore the range of tailored services we offer to help your business grow, innovate, and stay ahead in today’s competitive landscape.',NULL,NULL,NULL,NULL,'What We Offer',NULL,'Our services are as dynamic as your ambitions - innovative, flexible, and focused on what                     matters most to you.',NULL,NULL,NULL,NULL,NULL,NULL,NULL,NULL,NULL,NULL,NULL,NULL,NULL,NULL,NULL,NULL,'a','b','c','d','e','f','g',NULL,'2025-03-15 08:10:56','2025-07-17 09:14:25'),(27,9,'en','Reliable. Innovative. Truly [IT&Tech].','At IT&Tech, we are dedicated to empowering businesses with innovative and reliable IT solutions, from custom software development to advanced cybersecurity and cloud computing, ensuring your success in the digital landscape.',NULL,NULL,NULL,NULL,NULL,NULL,'To empower businesses with innovative and reliable IT solutions that drive performance, security, and long-term success. By staying ahead of emerging trends and leveraging the latest tools, we help our clients future-proof their operations and stay competitive in today’s fast-evolving digital landscape.','Our Mission',NULL,NULL,NULL,'Our services are as dynamic as your ambitions - innovative, flexible, and focused on what matters most to you.',NULL,'Understanding your business goals, challenges, and target audience.','Creating intuitive user experiences and functional prototypes for feedback.','Building scalable, secure, high-performance solutions with rigorous testing.','Ensuring smooth implementation and providing ongoing maintenance and optimization.','The [creative process] behind our projects.','Discovery & Planning','Design & Prototyping','Development & Testing','Deployment & Support',NULL,NULL,'1111111111111','22222222222','33333333333','444444444444','455555555555555555','6666666666666','7777777777777',NULL,'2025-03-15 08:21:25','2025-07-16 14:42:32'),(28,1,'en','Transforming Ideas Into Scalable IT Solutions','Join a team that\'s building tomorrow’s technology, [today.]','Lorem ipsum dolor sit amet, consectetur adipiscing elit. Suspendisse varius enim in eros elementum tristique.','Learn More','<div style=\"color: rgb(204, 204, 204); background-color: rgb(31, 31, 31); font-family: Consolas, &quot;Courier New&quot;, monospace; line-height: 19px; white-space: pre;\"><span style=\"color: #ce9178;\">description1</span></div>','Empowering you with practical [learning.]','Secure & Reliable','Our Services','[{\"name\":\"TestTestTestTestTestTest\",\"title\":\"TestTest\",\"content\":\"TestTestTest\"},{\"name\":\"TestTestTestTestTestTestTestTest\",\"title\":\"TestTestTestTestTestTestTestTestTest\",\"content\":\"TestTestTestTestTestTestTestTestTestTestTestTest\"}]','Get in Touch','31',NULL,NULL,'Explore a growing library of tutorials created to guide you through essential skills and tools. Whether you\'re a beginner or leveling up, there\'s something here for you.','Expert services that power [your progress.]','Trust in our top-notch security systems to keep your home safe, offering peace of mind with reliable protection.','Our experienced team ensures flawless installation, setting up your systems to work perfectly from day one.','Keep up with the latest company news, industry developments, and insightful perspectives to stay one step ahead.',NULL,'We provide a wide range of services designed to support your goals and simplify your journey. Whether you\'re scaling up, improving internal efficiency, or enhancing your digital presence, our services are built to deliver real results.','Helping','We are a','Expert Installation','Explore services tailored to meet your business needs with efficiency and expertise;','[{\"title\":\"Test1\",\"designation\":\"Test1\"},{\"title\":\"Test1Test1\",\"designation\":\"Test1Test1\"},{\"title\":\"Test1Test1Test1\",\"designation\":\"Test1Test1Test1\"}]','{\"title\":\"heading10\",\"subtitle\":\"heading10heading10\",\"button_text\":\"heading10heading10\"}',NULL,NULL,NULL,NULL,NULL,NULL,NULL,NULL,'2025-03-17 08:13:08','2025-07-22 17:33:29'),(29,22,'en','Brand Listing',NULL,NULL,NULL,NULL,NULL,NULL,NULL,NULL,NULL,NULL,NULL,NULL,NULL,NULL,NULL,NULL,NULL,NULL,NULL,NULL,NULL,NULL,NULL,NULL,NULL,'bbbb1111','bbbb2222','bbbb333','bbbb444','bbbb5555','bbbbb6666','bbbbb77777',NULL,'2025-03-21 05:54:21','2025-03-21 05:54:21'),(30,8,'en','Frequently Asked Questions',NULL,NULL,NULL,NULL,NULL,NULL,NULL,NULL,NULL,NULL,NULL,NULL,NULL,NULL,NULL,NULL,NULL,NULL,NULL,NULL,NULL,NULL,NULL,NULL,NULL,'fffff','rrrrr','eeeee','qqqqqq','uuuuu','eeeee','nnnnn',NULL,'2025-03-29 07:02:36','2025-03-29 07:02:36'),(31,23,'en','Delivering [Excellence], One Solution at a Time',NULL,'Test',NULL,NULL,NULL,NULL,'Test',NULL,'Test',NULL,NULL,NULL,NULL,NULL,NULL,NULL,NULL,NULL,NULL,NULL,NULL,NULL,NULL,NULL,NULL,NULL,NULL,NULL,NULL,NULL,NULL,NULL,NULL,'2025-07-17 09:27:49','2025-07-17 09:33:13');
/*!40000 ALTER TABLE `page_translations` ENABLE KEYS */;
UNLOCK TABLES;

--
-- Table structure for table `pages`
--

DROP TABLE IF EXISTS `pages`;
/*!40101 SET @saved_cs_client     = @@character_set_client */;
/*!50503 SET character_set_client = utf8mb4 */;
CREATE TABLE `pages` (
  `id` int NOT NULL AUTO_INCREMENT,
  `type` varchar(50) CHARACTER SET utf8mb3 COLLATE utf8mb3_unicode_ci NOT NULL,
  `slug` varchar(255) CHARACTER SET utf8mb3 COLLATE utf8mb3_unicode_ci DEFAULT NULL,
  `image` text CHARACTER SET utf8mb3 COLLATE utf8mb3_unicode_ci,
  `image1` varchar(255) CHARACTER SET utf8mb3 COLLATE utf8mb3_unicode_ci DEFAULT NULL,
  `image2` varchar(255) CHARACTER SET utf8mb3 COLLATE utf8mb3_unicode_ci DEFAULT NULL,
  `image3` varchar(255) CHARACTER SET utf8mb3 COLLATE utf8mb3_unicode_ci DEFAULT NULL,
  `image4` varchar(255) CHARACTER SET utf8mb3 COLLATE utf8mb3_unicode_ci DEFAULT NULL,
  `image5` varchar(255) CHARACTER SET utf8mb3 COLLATE utf8mb3_unicode_ci DEFAULT NULL,
  `image6` varchar(255) CHARACTER SET utf8mb3 COLLATE utf8mb3_unicode_ci DEFAULT NULL,
  `image7` varchar(255) CHARACTER SET utf8mb3 COLLATE utf8mb3_unicode_ci DEFAULT NULL,
  `image8` varchar(255) CHARACTER SET utf8mb3 COLLATE utf8mb3_unicode_ci DEFAULT NULL,
  `image9` varchar(255) CHARACTER SET utf8mb3 COLLATE utf8mb3_unicode_ci DEFAULT NULL,
  `video` varchar(255) CHARACTER SET utf8mb3 COLLATE utf8mb3_unicode_ci DEFAULT NULL,
  `status` tinyint(1) NOT NULL DEFAULT '1',
  `created_at` timestamp NOT NULL DEFAULT CURRENT_TIMESTAMP,
  `updated_at` timestamp NOT NULL DEFAULT CURRENT_TIMESTAMP,
  PRIMARY KEY (`id`)
) ENGINE=InnoDB AUTO_INCREMENT=24 DEFAULT CHARSET=utf8mb3 COLLATE=utf8mb3_unicode_ci;
/*!40101 SET character_set_client = @saved_cs_client */;

--
-- Dumping data for table `pages`
--

LOCK TABLES `pages` WRITE;
/*!40000 ALTER TABLE `pages` DISABLE KEYS */;
INSERT INTO `pages` VALUES (1,'home','Home Page','33','31','27','28','29','30','26','32','34',NULL,NULL,1,'2024-02-17 17:02:11','2025-03-18 03:28:47'),(2,'privacy_policy','Privacy Policy',NULL,NULL,NULL,NULL,NULL,NULL,NULL,NULL,NULL,NULL,NULL,1,'2024-02-17 17:02:11','2024-02-17 17:02:11'),(3,'terms','Terms and Conditions',NULL,NULL,NULL,NULL,NULL,NULL,NULL,NULL,NULL,NULL,NULL,1,'2024-02-17 17:02:11','2024-02-17 17:02:11'),(6,'blogs','Blog Listing',NULL,NULL,NULL,NULL,NULL,NULL,NULL,NULL,NULL,NULL,NULL,1,'2024-02-17 17:02:11','2024-02-17 17:02:11'),(7,'contact_us','Contact Us',NULL,NULL,NULL,NULL,NULL,NULL,NULL,NULL,NULL,NULL,NULL,1,'2024-02-17 17:02:11','2024-12-24 08:40:16'),(9,'about_us','About Us','/storage/pages/image_1.jpg','18','18',NULL,NULL,NULL,NULL,NULL,NULL,NULL,NULL,1,'2024-02-17 17:02:11','2025-07-16 14:42:32'),(20,'product_list','Product Listing',NULL,NULL,NULL,NULL,NULL,NULL,NULL,NULL,NULL,NULL,NULL,1,'2025-03-15 08:51:24','2025-03-15 08:51:24'),(21,'service_list','Service Listing',NULL,NULL,NULL,NULL,NULL,NULL,NULL,NULL,NULL,NULL,NULL,1,'2025-03-15 08:51:24','2025-03-15 08:51:24'),(23,'tutorials','Tutorials',NULL,NULL,NULL,NULL,NULL,NULL,NULL,NULL,NULL,NULL,NULL,1,'2025-07-17 09:24:51','2025-07-17 09:24:51');
/*!40000 ALTER TABLE `pages` ENABLE KEYS */;
UNLOCK TABLES;

--
-- Table structure for table `partners`
--

DROP TABLE IF EXISTS `partners`;
/*!40101 SET @saved_cs_client     = @@character_set_client */;
/*!50503 SET character_set_client = utf8mb4 */;
CREATE TABLE `partners` (
  `id` bigint unsigned NOT NULL AUTO_INCREMENT,
  `name` varchar(191) CHARACTER SET utf8mb4 COLLATE utf8mb4_unicode_ci DEFAULT NULL,
  `image` varchar(191) CHARACTER SET utf8mb4 COLLATE utf8mb4_unicode_ci DEFAULT NULL,
  `link` varchar(255) CHARACTER SET utf8mb4 COLLATE utf8mb4_unicode_ci DEFAULT NULL,
  `sort_order` int NOT NULL DEFAULT '0',
  `status` tinyint(1) NOT NULL DEFAULT '0',
  `created_by` bigint unsigned DEFAULT NULL,
  `updated_by` bigint unsigned DEFAULT NULL,
  `created_at` timestamp NOT NULL DEFAULT CURRENT_TIMESTAMP,
  `updated_at` timestamp NOT NULL DEFAULT CURRENT_TIMESTAMP,
  PRIMARY KEY (`id`)
) ENGINE=InnoDB AUTO_INCREMENT=3 DEFAULT CHARSET=utf8mb4 COLLATE=utf8mb4_unicode_ci;
/*!40101 SET character_set_client = @saved_cs_client */;

--
-- Dumping data for table `partners`
--

LOCK TABLES `partners` WRITE;
/*!40000 ALTER TABLE `partners` DISABLE KEYS */;
INSERT INTO `partners` VALUES (1,'Sitemark','38','/',0,1,NULL,NULL,'2025-07-16 11:15:31','2025-07-16 11:15:31'),(2,'Vertigo','39','/',0,1,NULL,NULL,'2025-07-16 11:15:55','2025-07-16 11:15:55');
/*!40000 ALTER TABLE `partners` ENABLE KEYS */;
UNLOCK TABLES;

--
-- Table structure for table `password_reset_tokens`
--

DROP TABLE IF EXISTS `password_reset_tokens`;
/*!40101 SET @saved_cs_client     = @@character_set_client */;
/*!50503 SET character_set_client = utf8mb4 */;
CREATE TABLE `password_reset_tokens` (
  `email` varchar(191) CHARACTER SET utf8mb4 COLLATE utf8mb4_unicode_ci NOT NULL,
  `token` varchar(191) CHARACTER SET utf8mb4 COLLATE utf8mb4_unicode_ci NOT NULL,
  `created_at` timestamp NULL DEFAULT NULL,
  PRIMARY KEY (`email`)
) ENGINE=MyISAM DEFAULT CHARSET=utf8mb4 COLLATE=utf8mb4_unicode_ci;
/*!40101 SET character_set_client = @saved_cs_client */;

--
-- Dumping data for table `password_reset_tokens`
--

LOCK TABLES `password_reset_tokens` WRITE;
/*!40000 ALTER TABLE `password_reset_tokens` DISABLE KEYS */;
/*!40000 ALTER TABLE `password_reset_tokens` ENABLE KEYS */;
UNLOCK TABLES;

--
-- Table structure for table `password_resets`
--

DROP TABLE IF EXISTS `password_resets`;
/*!40101 SET @saved_cs_client     = @@character_set_client */;
/*!50503 SET character_set_client = utf8mb4 */;
CREATE TABLE `password_resets` (
  `email` varchar(191) CHARACTER SET utf8mb3 COLLATE utf8mb3_unicode_ci NOT NULL,
  `token` varchar(191) CHARACTER SET utf8mb3 COLLATE utf8mb3_unicode_ci NOT NULL,
  `created_at` timestamp NULL DEFAULT NULL,
  KEY `password_resets_email_index` (`email`)
) ENGINE=InnoDB DEFAULT CHARSET=utf8mb3 COLLATE=utf8mb3_unicode_ci;
/*!40101 SET character_set_client = @saved_cs_client */;

--
-- Dumping data for table `password_resets`
--

LOCK TABLES `password_resets` WRITE;
/*!40000 ALTER TABLE `password_resets` DISABLE KEYS */;
/*!40000 ALTER TABLE `password_resets` ENABLE KEYS */;
UNLOCK TABLES;

--
-- Table structure for table `payments`
--

DROP TABLE IF EXISTS `payments`;
/*!40101 SET @saved_cs_client     = @@character_set_client */;
/*!50503 SET character_set_client = utf8mb4 */;
CREATE TABLE `payments` (
  `id` int NOT NULL AUTO_INCREMENT,
  `seller_id` int NOT NULL,
  `amount` double(20,2) NOT NULL DEFAULT '0.00',
  `payment_details` longtext CHARACTER SET utf8mb3 COLLATE utf8mb3_unicode_ci,
  `payment_method` varchar(255) CHARACTER SET utf8mb3 COLLATE utf8mb3_unicode_ci DEFAULT NULL,
  `txn_code` varchar(100) CHARACTER SET utf8mb3 COLLATE utf8mb3_unicode_ci DEFAULT NULL,
  `created_at` timestamp NOT NULL DEFAULT CURRENT_TIMESTAMP,
  `updated_at` timestamp NOT NULL DEFAULT CURRENT_TIMESTAMP,
  PRIMARY KEY (`id`)
) ENGINE=InnoDB DEFAULT CHARSET=utf8mb3 COLLATE=utf8mb3_unicode_ci;
/*!40101 SET character_set_client = @saved_cs_client */;

--
-- Dumping data for table `payments`
--

LOCK TABLES `payments` WRITE;
/*!40000 ALTER TABLE `payments` DISABLE KEYS */;
/*!40000 ALTER TABLE `payments` ENABLE KEYS */;
UNLOCK TABLES;

--
-- Table structure for table `permissions`
--

DROP TABLE IF EXISTS `permissions`;
/*!40101 SET @saved_cs_client     = @@character_set_client */;
/*!50503 SET character_set_client = utf8mb4 */;
CREATE TABLE `permissions` (
  `id` bigint unsigned NOT NULL AUTO_INCREMENT,
  `name` varchar(191) CHARACTER SET utf8mb4 COLLATE utf8mb4_unicode_ci NOT NULL,
  `title` varchar(191) CHARACTER SET utf8mb4 COLLATE utf8mb4_unicode_ci DEFAULT NULL,
  `guard_name` varchar(191) CHARACTER SET utf8mb4 COLLATE utf8mb4_unicode_ci NOT NULL,
  `is_active` tinyint(1) NOT NULL DEFAULT '1',
  `created_at` timestamp NULL DEFAULT NULL,
  `updated_at` timestamp NULL DEFAULT NULL,
  PRIMARY KEY (`id`),
  UNIQUE KEY `permissions_name_guard_name_unique` (`name`,`guard_name`)
) ENGINE=InnoDB AUTO_INCREMENT=29 DEFAULT CHARSET=utf8mb4 COLLATE=utf8mb4_unicode_ci;
/*!40101 SET character_set_client = @saved_cs_client */;

--
-- Dumping data for table `permissions`
--

LOCK TABLES `permissions` WRITE;
/*!40000 ALTER TABLE `permissions` DISABLE KEYS */;
INSERT INTO `permissions` VALUES (3,'manage_roles','Manage Roles','web',1,NULL,NULL),(4,'manage_products','Manage Products','web',1,NULL,NULL),(5,'manage_categories','Manage Categories','web',1,NULL,NULL),(6,'manage_brands','Manage Brands','web',1,NULL,NULL),(9,'product_reviews','Manage Product Reviews','web',1,NULL,NULL),(10,'manage_orders','Manage Orders','web',1,NULL,NULL),(11,'manage_customers','Manage Customers','web',1,NULL,NULL),(12,'upload_files','Manage Uploaded Files','web',1,NULL,NULL),(13,'view_reports','View Reports','web',1,NULL,NULL),(14,'manage_marketing','Manage Marketing','web',1,NULL,NULL),(15,'website_setup','Manage Website Setup','web',1,NULL,NULL),(17,'manage_staffs','Manage Staffs','web',1,NULL,NULL),(18,'settings','Manage General Settings','web',1,NULL,NULL),(22,'manage_services','Manage Services','web',1,NULL,NULL),(23,'manage_faq','Manage FAQ ','web',1,NULL,NULL),(24,'manage_blogs','Manage Blogs','web',1,NULL,NULL),(25,'newsletter_subscribers','Newsletter Subscribers','web',1,NULL,NULL),(26,'manage_tutorials','Manage Tutorials','web',1,NULL,NULL),(27,'manage_attributes','Manage Attributes','web',1,NULL,NULL),(28,'manage_projects','Manage Projects','web',1,NULL,NULL);
/*!40000 ALTER TABLE `permissions` ENABLE KEYS */;
UNLOCK TABLES;

--
-- Table structure for table `personal_access_tokens`
--

DROP TABLE IF EXISTS `personal_access_tokens`;
/*!40101 SET @saved_cs_client     = @@character_set_client */;
/*!50503 SET character_set_client = utf8mb4 */;
CREATE TABLE `personal_access_tokens` (
  `id` bigint unsigned NOT NULL AUTO_INCREMENT,
  `tokenable_type` varchar(191) CHARACTER SET utf8mb4 COLLATE utf8mb4_unicode_ci NOT NULL,
  `tokenable_id` bigint unsigned NOT NULL,
  `name` varchar(191) CHARACTER SET utf8mb4 COLLATE utf8mb4_unicode_ci NOT NULL,
  `token` varchar(64) CHARACTER SET utf8mb4 COLLATE utf8mb4_unicode_ci NOT NULL,
  `abilities` text CHARACTER SET utf8mb4 COLLATE utf8mb4_unicode_ci,
  `expires_at` timestamp NULL DEFAULT NULL,
  `last_used_at` timestamp NULL DEFAULT NULL,
  `created_at` timestamp NULL DEFAULT NULL,
  `updated_at` timestamp NULL DEFAULT NULL,
  PRIMARY KEY (`id`),
  UNIQUE KEY `personal_access_tokens_token_unique` (`token`),
  KEY `personal_access_tokens_tokenable_type_tokenable_id_index` (`tokenable_type`,`tokenable_id`)
) ENGINE=InnoDB AUTO_INCREMENT=8 DEFAULT CHARSET=utf8mb4 COLLATE=utf8mb4_unicode_ci;
/*!40101 SET character_set_client = @saved_cs_client */;

--
-- Dumping data for table `personal_access_tokens`
--

LOCK TABLES `personal_access_tokens` WRITE;
/*!40000 ALTER TABLE `personal_access_tokens` DISABLE KEYS */;
INSERT INTO `personal_access_tokens` VALUES (1,'App\\Models\\User',75,'api-token','1a255caf1e325b317280736bf4b520f6f3bd81a1717ea5f55b38f22abdb1b420','[\"*\"]',NULL,NULL,'2025-07-14 12:41:21','2025-07-14 12:41:21'),(2,'App\\Models\\User',72,'api-token','1640a7ba6ea1003589ea67c775ddd156e302cffb51ad538dc83ce811dc9b3306','[\"*\"]',NULL,'2025-07-14 12:50:14','2025-07-14 12:41:34','2025-07-14 12:50:14'),(3,'App\\Models\\User',72,'api-token','83f506b94a2c9fff4ba579db7dba03703af883e246a75e0fdd547f45661d55c0','[\"*\"]',NULL,NULL,'2025-07-14 14:21:04','2025-07-14 14:21:04'),(4,'App\\Models\\User',72,'api-token','918a71e871c3295c15dd51a8d242195eaa0e8e34a7eb4c6094945479d3c1a749','[\"*\"]',NULL,'2025-07-14 14:30:06','2025-07-14 14:27:19','2025-07-14 14:30:06'),(5,'App\\Models\\User',72,'api-token','699d1884342547d43f02d5c580cefdde88a8c708a10d9100de3ae644689e24ef','[\"*\"]',NULL,NULL,'2025-07-15 05:25:54','2025-07-15 05:25:54'),(6,'App\\Models\\User',72,'api-token','abd2d99547d85189bb3e9797ce1996f88ac4eb4a62830c4e4a0f96cbae04b0cb','[\"*\"]',NULL,NULL,'2025-07-15 13:57:07','2025-07-15 13:57:07'),(7,'App\\Models\\User',72,'api-token','57289e4c16189e585863504c028941d0578fcd349d93510a313472d79ff3ccbb','[\"*\"]',NULL,NULL,'2025-07-21 05:27:38','2025-07-21 05:27:38');
/*!40000 ALTER TABLE `personal_access_tokens` ENABLE KEYS */;
UNLOCK TABLES;

--
-- Table structure for table `product_attributes`
--

DROP TABLE IF EXISTS `product_attributes`;
/*!40101 SET @saved_cs_client     = @@character_set_client */;
/*!50503 SET character_set_client = utf8mb4 */;
CREATE TABLE `product_attributes` (
  `id` bigint unsigned NOT NULL AUTO_INCREMENT,
  `product_id` int NOT NULL,
  `attribute_id` int NOT NULL,
  `created_at` timestamp NULL DEFAULT CURRENT_TIMESTAMP,
  `updated_at` timestamp NULL DEFAULT CURRENT_TIMESTAMP,
  PRIMARY KEY (`id`),
  KEY `product_attributes_ibfk_1` (`attribute_id`),
  KEY `product_attributes_ibfk_3` (`product_id`),
  CONSTRAINT `product_attributes_ibfk_1` FOREIGN KEY (`attribute_id`) REFERENCES `attributes` (`id`) ON DELETE CASCADE,
  CONSTRAINT `product_attributes_ibfk_3` FOREIGN KEY (`product_id`) REFERENCES `products` (`id`) ON DELETE CASCADE
) ENGINE=InnoDB AUTO_INCREMENT=20 DEFAULT CHARSET=utf8mb4 COLLATE=utf8mb4_unicode_ci;
/*!40101 SET character_set_client = @saved_cs_client */;

--
-- Dumping data for table `product_attributes`
--

LOCK TABLES `product_attributes` WRITE;
/*!40000 ALTER TABLE `product_attributes` DISABLE KEYS */;
INSERT INTO `product_attributes` VALUES (4,28,2,'2025-07-19 07:52:43','2025-07-19 07:52:43'),(5,29,2,'2025-07-19 07:55:01','2025-07-19 07:55:01'),(6,30,1,'2025-07-19 07:56:41','2025-07-19 07:56:41'),(9,30,3,'2025-07-19 08:32:06','2025-07-19 08:32:06'),(10,30,2,'2025-07-19 08:37:47','2025-07-19 08:37:47'),(14,31,1,'2025-07-19 10:29:33','2025-07-19 10:29:33'),(15,31,2,'2025-07-19 10:29:33','2025-07-19 10:29:33'),(16,31,3,'2025-07-19 10:29:33','2025-07-19 10:29:33');
/*!40000 ALTER TABLE `product_attributes` ENABLE KEYS */;
UNLOCK TABLES;

--
-- Table structure for table `product_seos`
--

DROP TABLE IF EXISTS `product_seos`;
/*!40101 SET @saved_cs_client     = @@character_set_client */;
/*!50503 SET character_set_client = utf8mb4 */;
CREATE TABLE `product_seos` (
  `id` bigint unsigned NOT NULL AUTO_INCREMENT,
  `product_id` int DEFAULT NULL,
  `meta_title` mediumtext CHARACTER SET utf8mb4 COLLATE utf8mb4_unicode_ci,
  `meta_description` longtext CHARACTER SET utf8mb4 COLLATE utf8mb4_unicode_ci,
  `meta_keywords` mediumtext CHARACTER SET utf8mb4 COLLATE utf8mb4_unicode_ci,
  `og_title` mediumtext CHARACTER SET utf8mb4 COLLATE utf8mb4_unicode_ci,
  `og_description` longtext CHARACTER SET utf8mb4 COLLATE utf8mb4_unicode_ci,
  `twitter_title` mediumtext CHARACTER SET utf8mb4 COLLATE utf8mb4_unicode_ci,
  `twitter_description` longtext CHARACTER SET utf8mb4 COLLATE utf8mb4_unicode_ci,
  `lang` varchar(191) CHARACTER SET utf8mb4 COLLATE utf8mb4_unicode_ci DEFAULT NULL,
  `created_at` timestamp NULL DEFAULT NULL,
  `updated_at` timestamp NULL DEFAULT NULL,
  PRIMARY KEY (`id`),
  KEY `product_id` (`product_id`),
  CONSTRAINT `product_seos_ibfk_1` FOREIGN KEY (`product_id`) REFERENCES `products` (`id`) ON DELETE CASCADE
) ENGINE=InnoDB AUTO_INCREMENT=31 DEFAULT CHARSET=utf8mb4 COLLATE=utf8mb4_unicode_ci;
/*!40101 SET character_set_client = @saved_cs_client */;

--
-- Dumping data for table `product_seos`
--

LOCK TABLES `product_seos` WRITE;
/*!40000 ALTER TABLE `product_seos` DISABLE KEYS */;
INSERT INTO `product_seos` VALUES (1,1,'Nest Thermostats 4th Gen HomeIQ','Keeping your home comfortable and saving energy with Nest 4th Generation A budget friendly version of nest thermostat 3rd Generation with modern look and it has a mirrored display that gives it a whole new look. With the Google Home app for Android or iOS, you can program your thermostat for energy efficiency. Using your voice, Google can adjust the temperature for you. From a phone or tablet family members can adjust the thermostat temperature remotely.','Nest Thermostats,Nest Thermostats 4th Gen HomeIQ,HomeIQ,Thermostats 4th Gen','Nest Thermostats 4th Gen HomeIQ','Keeping your home comfortable and saving energy with Nest 4th Generation A budget friendly version of nest thermostat 3rd Generation with modern look and it has a mirrored display that gives it a whole new look. With the Google Home app for Android or iOS, you can program your thermostat for energy efficiency. Using your voice, Google can adjust the temperature for you. From a phone or tablet family members can adjust the thermostat temperature remotely.','Nest Thermostats 4th Gen HomeIQ','Keeping your home comfortable and saving energy with Nest 4th Generation A budget friendly version of nest thermostat 3rd Generation with modern look and it has a mirrored display that gives it a whole new look. With the Google Home app for Android or iOS, you can program your thermostat for energy efficiency. Using your voice, Google can adjust the temperature for you. From a phone or tablet family members can adjust the thermostat temperature remotely.','en','2025-02-15 03:56:34','2025-02-15 05:54:38'),(2,2,'Yale X Smart Lock HomeIQ UAE','You can remotely lock or unlock your door using your phone, there is no need to use a physical key with the Yale Lock&#039;s keypad. You can receive notifications on your phone so you can know who&#039;s entering and leaving.','Smart Lock,Yale X Smart Lock HomeIQ UAE,Smart Lock HomeIQ UAE,Lock HomeIQ UAE,Yale X Smart Lock','Yale X Smart Lock HomeIQ UAE','You can remotely lock or unlock your door using your phone, there is no need to use a physical key with the Yale Lock&#039;s keypad. You can receive notifications on your phone so you can know who&#039;s entering and leaving.','Yale X Smart Lock HomeIQ UAE','You can remotely lock or unlock your door using your phone, there is no need to use a physical key with the Yale Lock&#039;s keypad. You can receive notifications on your phone so you can know who&#039;s entering and leaving.','en','2025-02-15 04:21:03','2025-02-15 04:21:03'),(4,6,'Nest Learning Thermostat Gen3 (1 Year UAE Warranty)',NULL,'','Nest Learning Thermostat Gen3 (1 Year UAE Warranty)',NULL,'Nest Learning Thermostat Gen3 (1 Year UAE Warranty)',NULL,'en','2025-03-18 01:44:53','2025-03-18 01:44:53'),(5,7,'Nest Thermostat 4th Gen',NULL,'','Nest Thermostat 4th Gen',NULL,'Nest Thermostat 4th Gen',NULL,'en','2025-03-18 02:10:35','2025-03-18 02:10:35'),(6,8,'Nest Temperature Sensor',NULL,'','Nest Temperature Sensor',NULL,'Nest Temperature Sensor',NULL,'en','2025-03-18 02:13:10','2025-03-18 02:13:10'),(7,9,'Nest Yale X Lock',NULL,'','Nest Yale X Lock',NULL,'Nest Yale X Lock',NULL,'en','2025-03-18 02:16:29','2025-03-18 02:16:29'),(16,18,'meat title for test product','Meta description for test products','Meta keywords for test product,product 1,product test','Og title for test products','Og description for test products','Twitter title for test products','Twitter description for test products','en','2025-03-20 04:08:28','2025-03-20 06:35:15'),(17,19,'meat title for test product','Meta description for test products','Meta keywords for test product','Og title for test products','Og description for test products','Twitter title for test products','Twitter description for test products','en','2025-03-20 04:08:33','2025-03-20 04:08:33'),(18,20,'meat title for test product','Meta description for test products','Meta keywords for test product','Og title for test products','Og description for test products','Twitter title for test products','Twitter description for test products','en','2025-03-20 04:08:36','2025-03-20 04:08:36'),(19,21,'meat title for test product','Meta description for test products','Meta keywords for test product','Og title for test products','Og description for test products','Twitter title for test products','Twitter description for test products','en','2025-03-20 04:08:38','2025-03-20 04:08:38'),(20,22,'Test product 8',NULL,'','Test product 8',NULL,'Test product 8',NULL,'en','2025-03-22 04:06:21','2025-03-22 04:06:21'),(21,23,'New product with large product name for testing responsive issue in frontend product display sections',NULL,'','New product with large product name for testing responsive issue in frontend product display sections',NULL,'New product with large product name for testing responsive issue in frontend product display sections',NULL,'en','2025-03-25 08:00:16','2025-03-25 08:00:16'),(22,24,'meat title for test product','Meta description for test products','Meta keywords for test product , product 1, product test','Og title for test products','Og description for test products','Twitter title for test products','Twitter description for test products','en','2025-03-25 08:10:17','2025-03-25 08:10:17'),(23,29,'Test product 1',NULL,'','Test product 1',NULL,'Test product 1',NULL,'en','2025-07-19 07:55:01','2025-07-19 07:55:01'),(24,30,'Keyboard',NULL,'','Keyboard',NULL,'Keyboard',NULL,'en','2025-07-19 07:56:41','2025-07-19 07:56:41'),(25,31,'Mouse',NULL,'','Mouse',NULL,'Mouse',NULL,'en','2025-07-19 09:50:21','2025-07-19 09:50:21'),(26,32,'Test Product 1',NULL,'','Test Product 1',NULL,'Test Product 1',NULL,'en','2025-07-19 10:31:30','2025-07-19 10:31:30'),(27,37,'Test product 1',NULL,'','Test product 1',NULL,'Test product 1',NULL,'en','2025-07-22 09:47:07','2025-07-22 09:47:07'),(28,38,'Test Product2',NULL,'','Test Product2',NULL,'Test Product2',NULL,'en','2025-07-22 09:49:09','2025-07-22 09:49:09'),(29,39,'Test Product2',NULL,'','Test Product2',NULL,'Test Product2',NULL,'en','2025-07-22 09:53:16','2025-07-22 09:53:16'),(30,40,'Test Product2',NULL,'','Test Product2',NULL,'Test Product2',NULL,'en','2025-07-22 09:54:52','2025-07-22 09:54:52');
/*!40000 ALTER TABLE `product_seos` ENABLE KEYS */;
UNLOCK TABLES;

--
-- Table structure for table `product_stock_attribute_value`
--

DROP TABLE IF EXISTS `product_stock_attribute_value`;
/*!40101 SET @saved_cs_client     = @@character_set_client */;
/*!50503 SET character_set_client = utf8mb4 */;
CREATE TABLE `product_stock_attribute_value` (
  `id` int NOT NULL AUTO_INCREMENT,
  `product_stock_id` int NOT NULL,
  `attribute_value_id` int NOT NULL,
  `created_at` timestamp NULL DEFAULT NULL,
  `updated_at` timestamp NULL DEFAULT NULL,
  PRIMARY KEY (`id`),
  UNIQUE KEY `psav_unique` (`product_stock_id`,`attribute_value_id`),
  KEY `psav_attribute_value_id_fk` (`attribute_value_id`),
  CONSTRAINT `psav_attribute_value_id_fk` FOREIGN KEY (`attribute_value_id`) REFERENCES `attribute_values` (`id`) ON DELETE CASCADE,
  CONSTRAINT `psav_product_stock_id_fk` FOREIGN KEY (`product_stock_id`) REFERENCES `product_stocks` (`id`) ON DELETE CASCADE
) ENGINE=InnoDB AUTO_INCREMENT=287 DEFAULT CHARSET=utf8mb4 COLLATE=utf8mb4_0900_ai_ci;
/*!40101 SET character_set_client = @saved_cs_client */;

--
-- Dumping data for table `product_stock_attribute_value`
--

LOCK TABLES `product_stock_attribute_value` WRITE;
/*!40000 ALTER TABLE `product_stock_attribute_value` DISABLE KEYS */;
INSERT INTO `product_stock_attribute_value` VALUES (1,57,4,NULL,NULL),(93,99,3,NULL,NULL),(94,99,6,NULL,NULL),(95,99,10,NULL,NULL),(96,99,1,NULL,NULL),(97,99,4,NULL,NULL),(98,99,8,NULL,NULL),(99,100,3,NULL,NULL),(100,100,7,NULL,NULL),(101,100,10,NULL,NULL),(102,100,1,NULL,NULL),(103,100,5,NULL,NULL),(104,100,9,NULL,NULL),(105,101,2,NULL,NULL),(106,101,4,NULL,NULL),(107,102,2,NULL,NULL),(108,102,5,NULL,NULL),(144,115,1,NULL,NULL),(145,115,4,NULL,NULL),(146,115,8,NULL,NULL),(147,116,1,NULL,NULL),(148,116,7,NULL,NULL),(149,116,8,NULL,NULL),(153,118,1,NULL,NULL),(154,118,5,NULL,NULL),(155,118,8,NULL,NULL),(156,119,3,NULL,NULL),(157,119,4,NULL,NULL),(158,119,8,NULL,NULL),(159,120,3,NULL,NULL),(160,120,5,NULL,NULL),(161,120,8,NULL,NULL),(162,121,3,NULL,NULL),(163,121,6,NULL,NULL),(164,121,8,NULL,NULL),(165,122,3,NULL,NULL),(166,122,7,NULL,NULL),(167,122,8,NULL,NULL),(168,123,1,NULL,NULL),(169,123,6,NULL,NULL),(170,123,8,NULL,NULL),(171,124,1,NULL,NULL),(172,124,4,NULL,NULL),(173,124,8,NULL,NULL),(174,125,1,NULL,NULL),(175,125,7,NULL,NULL),(176,125,8,NULL,NULL),(177,126,1,NULL,NULL),(178,126,4,NULL,NULL),(179,126,8,NULL,NULL),(180,127,1,NULL,NULL),(181,127,5,NULL,NULL),(182,127,8,NULL,NULL),(183,128,3,NULL,NULL),(184,128,4,NULL,NULL),(185,128,8,NULL,NULL),(186,129,3,NULL,NULL),(187,129,5,NULL,NULL),(188,129,8,NULL,NULL),(189,130,3,NULL,NULL),(190,130,6,NULL,NULL),(191,130,8,NULL,NULL),(192,131,3,NULL,NULL),(193,131,7,NULL,NULL),(194,131,8,NULL,NULL),(263,159,1,NULL,NULL),(264,159,4,NULL,NULL),(265,159,8,NULL,NULL),(266,160,2,NULL,NULL),(267,160,5,NULL,NULL),(268,160,8,NULL,NULL),(269,161,1,NULL,NULL),(270,161,4,NULL,NULL),(272,162,1,NULL,NULL),(273,162,4,NULL,NULL),(274,163,1,NULL,NULL),(275,163,4,NULL,NULL),(276,164,1,NULL,NULL),(277,164,4,NULL,NULL),(278,165,1,NULL,NULL),(279,165,4,NULL,NULL),(280,167,1,NULL,NULL),(281,167,4,NULL,NULL),(282,168,1,NULL,NULL),(283,168,4,NULL,NULL),(284,169,1,NULL,NULL),(285,169,4,NULL,NULL);
/*!40000 ALTER TABLE `product_stock_attribute_value` ENABLE KEYS */;
UNLOCK TABLES;

--
-- Table structure for table `product_stocks`
--

DROP TABLE IF EXISTS `product_stocks`;
/*!40101 SET @saved_cs_client     = @@character_set_client */;
/*!50503 SET character_set_client = utf8mb4 */;
CREATE TABLE `product_stocks` (
  `id` int NOT NULL AUTO_INCREMENT,
  `product_id` int NOT NULL,
  `variant` varchar(255) CHARACTER SET utf8mb3 COLLATE utf8mb3_unicode_ci DEFAULT NULL,
  `status` tinyint(1) NOT NULL DEFAULT '1',
  `sku` varchar(255) CHARACTER SET utf8mb3 COLLATE utf8mb3_unicode_ci DEFAULT NULL,
  `price` double(20,2) NOT NULL DEFAULT '0.00',
  `qty` int NOT NULL DEFAULT '0',
  `offer_price` double(20,2) NOT NULL DEFAULT '0.00',
  `offer_tag` varchar(255) CHARACTER SET utf8mb3 COLLATE utf8mb3_unicode_ci DEFAULT NULL,
  `image` varchar(255) CHARACTER SET utf8mb3 COLLATE utf8mb3_unicode_ci DEFAULT NULL,
  `created_at` timestamp NOT NULL DEFAULT CURRENT_TIMESTAMP,
  `updated_at` timestamp NOT NULL DEFAULT CURRENT_TIMESTAMP,
  PRIMARY KEY (`id`),
  KEY `product_id` (`product_id`),
  CONSTRAINT `product_stocks_ibfk_1` FOREIGN KEY (`product_id`) REFERENCES `products` (`id`) ON DELETE CASCADE
) ENGINE=InnoDB AUTO_INCREMENT=170 DEFAULT CHARSET=utf8mb3 COLLATE=utf8mb3_unicode_ci;
/*!40101 SET character_set_client = @saved_cs_client */;

--
-- Dumping data for table `product_stocks`
--

LOCK TABLES `product_stocks` WRITE;
/*!40000 ALTER TABLE `product_stocks` DISABLE KEYS */;
INSERT INTO `product_stocks` VALUES (1,1,NULL,1,'12345678',999.00,12,999.00,'',NULL,'2025-02-15 03:56:34','2025-04-18 07:22:09'),(2,2,NULL,1,'85198244',1119.00,0,1119.00,'',NULL,'2025-02-15 04:21:03','2025-04-18 05:59:12'),(4,6,NULL,1,'93333724',820.00,0,820.00,'',NULL,'2025-03-18 01:44:53','2025-04-18 05:56:51'),(5,7,NULL,1,'58137050',499.00,-8,499.00,'',NULL,'2025-03-18 02:10:35','2025-04-18 06:09:51'),(6,8,NULL,1,'36563846',250.00,-2,250.00,'',NULL,'2025-03-18 02:13:10','2025-04-18 06:05:41'),(7,9,NULL,1,'19848135',1119.00,5,1007.10,'10% OFF',NULL,'2025-03-18 02:16:29','2025-03-20 06:49:07'),(44,18,NULL,1,'22202477',180.00,4,180.00,'',NULL,'2025-03-20 05:02:53','2025-04-18 07:23:14'),(45,19,NULL,1,'22202471',1900.00,7,1900.00,'',NULL,'2025-03-20 05:02:56','2025-04-18 07:23:29'),(46,20,NULL,1,'22202472',2800.00,9,2240.00,'20% OFF',NULL,'2025-03-20 05:02:59','2025-03-26 05:56:28'),(47,21,NULL,1,'22202473',3000.00,9,2400.00,'20% OFF',NULL,'2025-03-20 05:03:02','2025-04-17 12:17:14'),(48,22,NULL,1,'145236',1000.00,47,1000.00,'',NULL,'2025-03-22 04:06:21','2025-03-28 08:08:30'),(49,23,NULL,1,'62282900',1255.00,15,1255.00,'',NULL,'2025-03-25 08:00:16','2025-03-25 08:00:16'),(50,24,NULL,1,NULL,250.00,4,0.00,NULL,NULL,'2025-03-25 08:10:20','2025-07-15 14:42:20'),(51,24,NULL,1,NULL,250.00,10,0.00,NULL,NULL,'2025-03-25 08:11:20','2025-03-25 08:11:20'),(52,24,NULL,1,NULL,250.00,10,0.00,NULL,NULL,'2025-03-25 08:12:45','2025-03-25 08:12:45'),(53,24,NULL,1,NULL,250.00,10,0.00,NULL,NULL,'2025-03-25 08:14:23','2025-03-25 08:14:23'),(54,24,NULL,1,NULL,250.00,10,0.00,NULL,NULL,'2025-03-25 08:15:21','2025-03-25 08:15:21'),(55,24,NULL,1,NULL,250.00,10,0.00,NULL,NULL,'2025-03-25 08:16:37','2025-03-25 08:16:37'),(56,28,NULL,1,'test-sku-red',122.00,12,0.00,NULL,NULL,'2025-07-19 07:52:43','2025-07-19 07:52:43'),(57,29,NULL,1,'test-sku-red',122.00,12,0.00,NULL,NULL,'2025-07-19 07:55:01','2025-07-19 07:55:01'),(58,29,NULL,1,'39012579',0.00,0,0.00,'',NULL,'2025-07-19 07:55:01','2025-07-19 07:55:01'),(99,30,NULL,1,'93860797',0.00,0,0.00,'',NULL,'2025-07-19 08:51:48','2025-07-19 08:51:48'),(100,30,NULL,1,'test-sku-red-m',10.00,10,0.00,NULL,NULL,'2025-07-19 08:51:48','2025-07-19 08:51:48'),(101,30,NULL,1,'test-sku-blue-s',10.00,10,0.00,NULL,NULL,'2025-07-19 08:51:48','2025-07-19 08:51:48'),(102,30,NULL,1,'test-sku-blue-m',10.00,10,0.00,NULL,NULL,'2025-07-19 08:51:48','2025-07-19 08:51:48'),(103,30,NULL,1,'86396240',0.00,0,0.00,NULL,NULL,'2025-07-19 08:51:48','2025-07-19 08:51:48'),(115,31,NULL,1,'46832645',0.00,0,0.00,'',NULL,'2025-07-19 10:28:29','2025-07-19 10:29:33'),(116,31,NULL,1,'test-sku-red-xl',10.00,10,0.00,NULL,NULL,'2025-07-19 10:28:29','2025-07-19 10:28:29'),(118,31,NULL,1,'test-sku-red-m',0.00,0,0.00,NULL,NULL,'2025-07-19 10:28:29','2025-07-19 10:28:29'),(119,31,NULL,1,'test-sku-red-xl4',19.00,19,0.00,NULL,NULL,'2025-07-19 10:28:29','2025-07-19 10:28:29'),(120,31,NULL,1,'test-sku-red-xl5',19.00,19,0.00,NULL,NULL,'2025-07-19 10:28:29','2025-07-19 10:28:29'),(121,31,NULL,1,'test-sku-red-xl6',19.00,19,0.00,NULL,NULL,'2025-07-19 10:28:29','2025-07-19 10:28:29'),(122,31,NULL,1,'test-sku-red-xl7',19.00,19,0.00,NULL,NULL,'2025-07-19 10:28:29','2025-07-19 10:28:29'),(123,31,NULL,1,'test-sku-red-l',0.00,0,0.00,NULL,NULL,'2025-07-19 10:29:33','2025-07-19 10:29:33'),(124,31,NULL,1,'26581384',0.00,0,0.00,NULL,NULL,'2025-07-19 10:29:33','2025-07-19 10:29:33'),(125,31,NULL,1,'test-sku-red-xl',10.00,10,0.00,NULL,NULL,'2025-07-19 10:29:33','2025-07-19 10:29:33'),(126,31,NULL,1,'test-sku-red-sm',0.00,0,0.00,NULL,NULL,'2025-07-19 10:29:33','2025-07-19 10:29:33'),(127,31,NULL,1,'test-sku-red-m',0.00,0,0.00,NULL,NULL,'2025-07-19 10:29:33','2025-07-19 10:29:33'),(128,31,NULL,1,'test-sku-red-xl4',19.00,19,0.00,NULL,NULL,'2025-07-19 10:29:33','2025-07-19 10:29:33'),(129,31,NULL,1,'test-sku-red-xl5',19.00,19,0.00,NULL,NULL,'2025-07-19 10:29:33','2025-07-19 10:29:33'),(130,31,NULL,1,'test-sku-red-xl6',19.00,19,0.00,NULL,NULL,'2025-07-19 10:29:33','2025-07-19 10:29:33'),(131,31,NULL,1,'test-sku-red-xl7',19.00,19,0.00,NULL,NULL,'2025-07-19 10:29:33','2025-07-19 10:29:33'),(159,32,NULL,1,'1111111',50.00,105,10.00,NULL,NULL,'2025-07-19 13:34:15','2025-07-21 06:00:48'),(160,32,NULL,1,'blue-m-cotton',200.00,5,100.00,NULL,NULL,'2025-07-21 05:33:49','2025-07-21 06:44:05'),(161,33,NULL,1,'testy',122.00,12,0.00,NULL,NULL,'2025-07-22 09:28:04','2025-07-22 09:28:04'),(162,34,NULL,1,'testy',122.00,12,0.00,NULL,NULL,'2025-07-22 09:38:14','2025-07-22 09:38:14'),(163,35,NULL,1,'Test1-sku',50.00,100,0.00,NULL,NULL,'2025-07-22 09:40:01','2025-07-22 09:40:01'),(164,36,NULL,1,'Test1-sku',50.00,100,0.00,NULL,NULL,'2025-07-22 09:42:10','2025-07-22 09:42:10'),(165,37,NULL,1,'test-sku-red',50.00,100,0.00,NULL,NULL,'2025-07-22 09:47:07','2025-07-22 09:47:07'),(166,37,NULL,1,'test-sku-new',50.00,100,50.00,'',NULL,'2025-07-22 09:47:07','2025-07-22 09:47:07'),(167,38,NULL,1,'test-sku-red',500.00,50,0.00,NULL,NULL,'2025-07-22 09:49:09','2025-07-22 09:49:09'),(168,39,NULL,1,'test-sku-red',500.00,50,0.00,NULL,NULL,'2025-07-22 09:53:16','2025-07-22 09:53:16'),(169,40,NULL,1,'test-sku-red',500.00,50,200.00,NULL,NULL,'2025-07-22 09:54:52','2025-07-22 09:58:23');
/*!40000 ALTER TABLE `product_stocks` ENABLE KEYS */;
UNLOCK TABLES;

--
-- Table structure for table `product_tabs`
--

DROP TABLE IF EXISTS `product_tabs`;
/*!40101 SET @saved_cs_client     = @@character_set_client */;
/*!50503 SET character_set_client = utf8mb4 */;
CREATE TABLE `product_tabs` (
  `id` bigint unsigned NOT NULL AUTO_INCREMENT,
  `product_id` int NOT NULL,
  `lang` varchar(2) CHARACTER SET utf8mb4 COLLATE utf8mb4_unicode_ci DEFAULT NULL,
  `heading` varchar(191) CHARACTER SET utf8mb4 COLLATE utf8mb4_unicode_ci NOT NULL,
  `content` text CHARACTER SET utf8mb4 COLLATE utf8mb4_unicode_ci,
  `created_at` timestamp NULL DEFAULT NULL,
  `updated_at` timestamp NULL DEFAULT NULL,
  PRIMARY KEY (`id`),
  KEY `product_id` (`product_id`),
  CONSTRAINT `product_tabs_ibfk_1` FOREIGN KEY (`product_id`) REFERENCES `products` (`id`) ON DELETE CASCADE
) ENGINE=InnoDB AUTO_INCREMENT=171 DEFAULT CHARSET=utf8mb4 COLLATE=utf8mb4_unicode_ci;
/*!40101 SET character_set_client = @saved_cs_client */;

--
-- Dumping data for table `product_tabs`
--

LOCK TABLES `product_tabs` WRITE;
/*!40000 ALTER TABLE `product_tabs` DISABLE KEYS */;
INSERT INTO `product_tabs` VALUES (23,6,'en','Description','<h4 style=\"margin-right: 0px; margin-bottom: 9px; margin-left: 0px; line-height: 1.3em; font-size: 18px; overflow-wrap: break-word; font-family: &quot;Open Sans&quot;; color: rgb(119, 119, 119); text-transform: uppercase;\">Product Description</h4><ul style=\"margin-right: 0px; margin-bottom: 1em; margin-left: 1.5em; padding: 0px; border: 0px; vertical-align: baseline; list-style-position: initial; list-style-image: initial; color: rgb(119, 119, 119); font-family: &quot;Open Sans&quot;;\"><li style=\"margin: 0px 0px 0px 0.85em; padding: 0px; border: 0px; vertical-align: baseline;\"><span style=\"margin: 0px; padding: 0px; border: 0px; vertical-align: baseline; font-size: 12pt;\">Wifi connected smart thermostat that lets you control your air conditioner more efficiently.</span></li><li style=\"margin: 0px 0px 0px 0.85em; padding: 0px; border: 0px; vertical-align: baseline;\"><span style=\"margin: 0px; padding: 0px; border: 0px; vertical-align: baseline; font-size: 12pt;\">Smart programming to help you save energy. Nest Thermostat smartly adjusts itself to your preferred temperatures and the weather outside.</span></li><li style=\"margin: 0px 0px 0px 0.85em; padding: 0px; border: 0px; vertical-align: baseline;\"><span style=\"margin: 0px; padding: 0px; border: 0px; vertical-align: baseline; font-size: 12pt;\">Auto-Away : the Nest Thermostat automatically turns itself down when you are away to avoid cooling an empty home.</span></li><li style=\"margin: 0px 0px 0px 0.85em; padding: 0px; border: 0px; vertical-align: baseline;\"><span style=\"margin: 0px; padding: 0px; border: 0px; vertical-align: baseline; font-size: 12pt;\">Auto-Schedule : no more confusing programming. It learns the temperatures you like and programs itself.</span></li><li style=\"margin: 0px 0px 0px 0.85em; padding: 0px; border: 0px; vertical-align: baseline;\"><span style=\"margin: 0px; padding: 0px; border: 0px; vertical-align: baseline; font-size: 12pt;\">Remote control : connect the Nest Thermostat to Wi-Fi to change the temperature from your phone, tablet or laptop.</span></li><li style=\"margin: 0px 0px 0px 0.85em; padding: 0px; border: 0px; vertical-align: baseline;\"><span style=\"margin: 0px; padding: 0px; border: 0px; vertical-align: baseline; font-size: 12pt;\">Energy History : see when heating and cooling were on and what affected your energy use.</span></li><li style=\"margin: 0px 0px 0px 0.85em; padding: 0px; border: 0px; vertical-align: baseline;\"><span style=\"margin: 0px; padding: 0px; border: 0px; vertical-align: baseline; font-size: 12pt;\">Nest Leaf : you will see the Leaf when you choose a temperature that saves energy. It guides you in the right direction.</span></li><li style=\"margin: 0px 0px 0px 0.85em; padding: 0px; border: 0px; vertical-align: baseline;\"><span style=\"margin: 0px; padding: 0px; border: 0px; vertical-align: baseline; font-size: 12pt;\">Safety Alerts : get an alert on your phone or tablet if your home gets dangerously hot or cold.</span></li><li style=\"margin: 0px 0px 0px 0.85em; padding: 0px; border: 0px; vertical-align: baseline;\"><span style=\"margin: 0px; padding: 0px; border: 0px; vertical-align: baseline; font-size: 12pt;\">Early-on : Nest learns how your home warms up and keeps an eye on the weather to get you the temperature you want when you want it.</span></li><li style=\"margin: 0px 0px 0px 0.85em; padding: 0px; border: 0px; vertical-align: baseline;\"><span style=\"margin: 0px; padding: 0px; border: 0px; vertical-align: baseline; font-size: 12pt;\">Farsight : when Nest Thermostat spots you across the room, it lights up beautifully to show you the temperature you have set or the time.</span></li><li style=\"margin: 0px 0px 0px 0.85em; padding: 0px; border: 0px; vertical-align: baseline;\"><span style=\"margin: 0px; padding: 0px; border: 0px; vertical-align: baseline; font-size: 12pt;\">REQUIRES PROFESSIONAL INSTALLATION FOR NEST THERMOSTAT TO BE COMPATIBLE WITH UAE&nbsp;220V AC SYSTEMS</span></li></ul>','2025-03-18 01:54:32','2025-03-18 01:54:32'),(24,6,'en','Technical Specs','<p style=\"margin-right: 0px; margin-bottom: 20px; margin-left: 0px; padding: 0px; border: 0px; vertical-align: baseline; font-size: 16px; overflow-wrap: break-word; font-family: &quot;Open Sans&quot;; color: rgb(119, 119, 119); line-height: 1.66em; background-color: rgba(0, 0, 0, 0.02);\"><span style=\"margin: 0px; padding: 0px; border: 0px; vertical-align: baseline; color: rgb(92, 90, 90);\">The Nest Learning Thermostat should be installed by a professional, as your cooling system may require additional wiring for compatibility. Once installed, Nest Thermostat can control:</span></p><ul style=\"margin-right: 0px; margin-bottom: 1em; margin-left: 1.5em; padding: 0px; border: 0px; vertical-align: baseline; list-style-position: initial; list-style-image: initial; color: rgb(119, 119, 119); font-family: &quot;Open Sans&quot;; text-align: center; background-color: rgba(0, 0, 0, 0.02);\"><li style=\"margin: 0px 0px 0px 0.85em; padding: 0px; border: 0px; vertical-align: baseline; text-align: left;\"><span style=\"margin: 0px; padding: 0px; border: 0px; vertical-align: baseline; font-size: 12pt; color: rgb(92, 90, 90);\">Cooling: 1 and 2 stages (Y1, Y2)</span></li><li style=\"margin: 0px 0px 0px 0.85em; padding: 0px; border: 0px; vertical-align: baseline; text-align: left;\"><span style=\"margin: 0px; padding: 0px; border: 0px; vertical-align: baseline; font-size: 12pt; color: rgb(92, 90, 90);\">Heat pump: with auxiliary and emergency heat (O/B, AUX, E)</span></li><li style=\"margin: 0px 0px 0px 0.85em; padding: 0px; border: 0px; vertical-align: baseline; text-align: left;\"><span style=\"margin: 0px; padding: 0px; border: 0px; vertical-align: baseline; font-size: 12pt; color: rgb(92, 90, 90);\">Fan (G)</span></li><li style=\"margin: 0px 0px 0px 0.85em; padding: 0px; border: 0px; vertical-align: baseline; text-align: left;\"><span style=\"margin: 0px; padding: 0px; border: 0px; vertical-align: baseline; font-size: 12pt; color: rgb(92, 90, 90);\">Power (C, RH, RC)</span></li><li style=\"margin: 0px 0px 0px 0.85em; padding: 0px; border: 0px; vertical-align: baseline; text-align: left;\"><span style=\"margin: 0px; padding: 0px; border: 0px; vertical-align: baseline; font-size: 12pt; color: rgb(92, 90, 90);\">Humidifier or dehumidifier (HUM, DEHUM)</span></li><li style=\"margin: 0px 0px 0px 0.85em; padding: 0px; border: 0px; vertical-align: baseline; text-align: left;\"><span style=\"margin: 0px; padding: 0px; border: 0px; vertical-align: baseline; font-size: 12pt; color: rgb(92, 90, 90);\">Heating: 1, 2 and 3 stages (W1, W2, W3)</span></li></ul><p style=\"margin-right: 0px; margin-bottom: 20px; margin-left: 0px; padding: 0px; border: 0px; vertical-align: baseline; font-size: 16px; overflow-wrap: break-word; font-family: &quot;Open Sans&quot;; color: rgb(119, 119, 119); line-height: 1.66em; background-color: rgba(0, 0, 0, 0.02);\"><span style=\"margin: 0px; padding: 0px; border: 0px; vertical-align: baseline; color: rgb(92, 90, 90);\">The Nest Thermostat’s connector can accept only one of these wires: - W3, E, HUM or DEHUM</span></p>','2025-03-18 01:54:32','2025-03-18 01:54:32'),(27,8,'en','Product Description','<ul style=\"margin-right: 0px; margin-bottom: 1em; margin-left: 1.5em; padding: 0px; border: 0px; vertical-align: baseline; list-style-position: initial; list-style-image: initial; color: rgb(119, 119, 119); font-family: &quot;Open Sans&quot;;\"><li style=\"margin: 0px 0px 0px 0.85em; padding: 0px; border: 0px; vertical-align: baseline;\"><span style=\"margin: 0px; padding: 0px; border: 0px; vertical-align: baseline; font-size: 12pt; color: rgb(84, 82, 82);\">Works with the Nest Thermostat E or the 3rd gen Nest Learning Thermostat (US version only)</span></li><li style=\"margin: 0px 0px 0px 0.85em; padding: 0px; border: 0px; vertical-align: baseline;\"><span style=\"margin: 0px; padding: 0px; border: 0px; vertical-align: baseline; font-size: 12pt; color: rgb(84, 82, 82);\">Helps make sure a certain room is the exact temperature you want it to be.</span></li><li style=\"margin: 0px 0px 0px 0.85em; padding: 0px; border: 0px; vertical-align: baseline;\"><span style=\"margin: 0px; padding: 0px; border: 0px; vertical-align: baseline; font-size: 12pt; color: rgb(84, 82, 82);\">Put temperature sensors in different rooms. And choose which room to prioritize when.</span></li><li style=\"margin: 0px 0px 0px 0.85em; padding: 0px; border: 0px; vertical-align: baseline;\"><span style=\"margin: 0px; padding: 0px; border: 0px; vertical-align: baseline; font-size: 12pt; color: rgb(84, 82, 82);\">Place it on a wall or shelf. Set it up in the Nest app. Then forget it’s even there.</span></li></ul>','2025-03-18 02:13:10','2025-03-18 02:13:10'),(28,8,'en','Technical Specs','<ul><li>Requires an installed Nest Learning Thermostat (3rd generation) or Nest Thermostat E.</li><li>Up to 6 Nest Temperature Sensors supported per connected thermostat and up to 18 Nest Temperature Sensors supported per home.&nbsp; &nbsp; &nbsp; &nbsp; &nbsp; &nbsp; &nbsp; &nbsp; &nbsp; &nbsp;&nbsp;</li></ul><div><br></div>','2025-03-18 02:13:10','2025-03-18 02:13:10'),(37,7,'en','Product Description','<ul style=\"margin-right: 0px; margin-bottom: 1em; margin-left: 1.5em; padding: 0px; border: 0px; vertical-align: baseline; list-style-position: initial; list-style-image: initial; color: rgb(119, 119, 119); font-family: &quot;Open Sans&quot;;\"><li style=\"margin: 0px 0px 0px 0.85em; padding: 0px; border: 0px; vertical-align: baseline;\">A Smart thermostat for home that helps you save energy and stay comfortable</li><li style=\"margin: 0px 0px 0px 0.85em; padding: 0px; border: 0px; vertical-align: baseline;\">The Nest Thermostat is designed to work without a C wire in most homes, but for some systems, including heating only, cooling only, zone controlled, and heat pump systems, you’ll need a C wire or other compatible power accessory</li><li style=\"margin: 0px 0px 0px 0.85em; padding: 0px; border: 0px; vertical-align: baseline;\">Nest Thermostat turns itself down when you leave, so you don’t waste energy heating or cooling an empty home</li><li style=\"margin: 0px 0px 0px 0.85em; padding: 0px; border: 0px; vertical-align: baseline;\">Programmable thermostat that lets you create an energy efficient schedule in the Google Home app on your Android or iPhone</li><li style=\"margin: 0px 0px 0px 0.85em; padding: 0px; border: 0px; vertical-align: baseline;\">Remote control lets family members change the thermostat temperature from anywhere on a phone</li><li style=\"margin: 0px 0px 0px 0.85em; padding: 0px; border: 0px; vertical-align: baseline;\">Savings Finder looks for more ways your thermostat can help you save, and suggests tweaks to your schedule in the app; check with your energy provider to learn more about rebates and more ways to save on a Nest thermostat</li><li style=\"margin: 0px 0px 0px 0.85em; padding: 0px; border: 0px; vertical-align: baseline;\">Smart thermostat with HVAC monitoring, which looks out for your heating and cooling systems; sends an alert if something doesn’t seem right, along with helpful reminders to make maintenance easier</li></ul>','2025-03-18 08:36:08','2025-03-18 08:36:08'),(38,7,'en','Technical Specs','<p>Included Components : Mounting screws, Steel plate, Nest Thermostat, Documentation bundle</p><p>Dimension : LxWxH ‎3.31 x 3.31 x 1.07 inches&nbsp; &nbsp; &nbsp; &nbsp; &nbsp; &nbsp;&nbsp;</p>','2025-03-18 08:36:08','2025-03-18 08:36:08'),(131,21,'en','Product description','Product description tab contents','2025-03-20 06:34:09','2025-03-20 06:34:09'),(132,21,'en','Technical specification','Technical specifications of the product','2025-03-20 06:34:09','2025-03-20 06:34:09'),(133,20,'en','Product description','Product description tab contents','2025-03-20 06:34:37','2025-03-20 06:34:37'),(134,20,'en','Technical specification','Technical specifications of the product','2025-03-20 06:34:37','2025-03-20 06:34:37'),(141,1,'en','Description','<h4 style=\"margin-right: 0px; margin-bottom: 9px; margin-left: 0px; line-height: 1.3em; overflow-wrap: break-word; font-size: 18px; font-family: &quot;Open Sans&quot;; text-transform: uppercase;\"><b style=\"\">Product Description</b></h4><p style=\"margin-right: 0px; margin-bottom: 20px; margin-left: 0px; padding: 0px; border: 0px; vertical-align: baseline; font-size: 16px; overflow-wrap: break-word; font-family: &quot;Open Sans&quot;; line-height: 1.66em;\"><strong style=\"margin: 0px; padding: 0px; border: 0px; vertical-align: baseline; font-weight: bold;\">The schedule that programs itself.</strong></p><p style=\"margin-right: 0px; margin-bottom: 20px; margin-left: 0px; padding: 0px; border: 0px; vertical-align: baseline; font-size: 16px; overflow-wrap: break-word; font-family: &quot;Open Sans&quot;; color: rgb(119, 119, 119); line-height: 1.66em;\">The Smart Schedule adapts to your preferred temperatures and timing, offering personalized adjustments to help you save energy—all conveniently managed through the Google Home app.</p><p style=\"margin-right: 0px; margin-bottom: 20px; margin-left: 0px; padding: 0px; border: 0px; vertical-align: baseline; font-size: 16px; overflow-wrap: break-word; font-family: &quot;Open Sans&quot;; line-height: 1.66em;\"><strong style=\"margin: 0px; padding: 0px; border: 0px; vertical-align: baseline; font-weight: bold;\">Lets nature do the work.</strong></p><p style=\"margin-right: 0px; margin-bottom: 20px; margin-left: 0px; padding: 0px; border: 0px; vertical-align: baseline; font-size: 16px; overflow-wrap: break-word; font-family: &quot;Open Sans&quot;; color: rgb(119, 119, 119); line-height: 1.66em;\">Natural heating and cooling helps conserve energy by understanding how external temperatures affect your home—like how it warms up on sunny days.</p><p style=\"margin-right: 0px; margin-bottom: 20px; margin-left: 0px; padding: 0px; border: 0px; vertical-align: baseline; font-size: 16px; overflow-wrap: break-word; font-family: &quot;Open Sans&quot;; line-height: 1.66em;\"><strong style=\"margin: 0px; padding: 0px; border: 0px; vertical-align: baseline; font-weight: bold;\">Helps save while you’re away.</strong></p><p style=\"margin-right: 0px; margin-bottom: 20px; margin-left: 0px; padding: 0px; border: 0px; vertical-align: baseline; font-size: 16px; overflow-wrap: break-word; font-family: &quot;Open Sans&quot;; color: rgb(119, 119, 119); line-height: 1.66em;\">Adaptive Eco discovers the perfect energy-efficient temperature for your home, saving energy while you’re away and ensuring comfort when you return.</p><p style=\"margin-right: 0px; margin-bottom: 20px; margin-left: 0px; padding: 0px; border: 0px; vertical-align: baseline; font-size: 16px; overflow-wrap: break-word; font-family: &quot;Open Sans&quot;; line-height: 1.66em;\"><strong style=\"margin: 0px; padding: 0px; border: 0px; vertical-align: baseline; font-weight: bold;\">Proven energy savings.</strong></p><p style=\"margin-right: 0px; margin-bottom: 20px; margin-left: 0px; padding: 0px; border: 0px; vertical-align: baseline; font-size: 16px; overflow-wrap: break-word; font-family: &quot;Open Sans&quot;; color: rgb(119, 119, 119); line-height: 1.66em;\">The Nest Learning Thermostat can help save an average of 12% on heating bills and 15% on cooling bills.</p><p style=\"margin-right: 0px; margin-bottom: 20px; margin-left: 0px; padding: 0px; border: 0px; vertical-align: baseline; font-size: 16px; overflow-wrap: break-word; font-family: &quot;Open Sans&quot;; line-height: 1.66em;\"><strong style=\"margin: 0px; padding: 0px; border: 0px; vertical-align: baseline; font-weight: bold;\">The right temp in just the right spot.</strong></p><p style=\"margin-right: 0px; margin-bottom: 20px; margin-left: 0px; padding: 0px; border: 0px; vertical-align: baseline; font-size: 16px; overflow-wrap: break-word; font-family: &quot;Open Sans&quot;; color: rgb(119, 119, 119); line-height: 1.66em;\">The next-gen Nest Temperature Sensor comes in the box. Put it in any room to help manage hot and cold spots</p>','2025-03-20 07:15:37','2025-03-20 07:15:37'),(142,1,'en','Technical Specs','<table style=\"margin: 0px; padding: 0px; border: 0px; vertical-align: baseline; border-spacing: 0px; width: 1140px; overflow: hidden; border-radius: 3px; color: rgb(119, 119, 119); font-family: &quot;Open Sans&quot;;\"><tbody style=\"margin: 0px; padding: 0px; border: 0px; vertical-align: baseline;\"><tr style=\"margin: 0px; padding: 0px; border: 0px; vertical-align: baseline; background-color: rgba(0, 0, 0, 0.11);\"><td width=\"298\" style=\"margin: 0px; padding: 12px; border: 0px; vertical-align: baseline; text-align: center;\">Brand</td><td width=\"298\" style=\"margin: 0px; padding: 12px; border: 0px; vertical-align: baseline; text-align: center;\">Google</td></tr><tr style=\"margin: 0px; padding: 0px; border: 0px; vertical-align: baseline; background-color: rgba(0, 0, 0, 0.02);\"><td width=\"298\" style=\"margin: 0px; padding: 12px; border: 0px; vertical-align: baseline; text-align: center;\">Type</td><td width=\"298\" style=\"margin: 0px; padding: 12px; border: 0px; vertical-align: baseline; text-align: center;\">Programmable Wifi Thermostat</td></tr><tr style=\"margin: 0px; padding: 0px; border: 0px; vertical-align: baseline; background-color: rgba(0, 0, 0, 0.11);\"><td width=\"298\" style=\"margin: 0px; padding: 12px; border: 0px; vertical-align: baseline; text-align: center;\">Color</td><td width=\"298\" style=\"margin: 0px; padding: 12px; border: 0px; vertical-align: baseline; text-align: center;\">Polished Steel, Polished Gold and Polished Odsidian/Black</td></tr><tr style=\"margin: 0px; padding: 0px; border: 0px; vertical-align: baseline; background-color: rgba(0, 0, 0, 0.02);\"><td width=\"298\" style=\"margin: 0px; padding: 12px; border: 0px; vertical-align: baseline; text-align: center;\"><p style=\"margin-right: 0px; margin-bottom: 20px; margin-left: 0px; padding: 0px; border: 0px; vertical-align: baseline; font-size: 16px; overflow-wrap: break-word; line-height: 1.66em; text-align: left;\">&nbsp; &nbsp; &nbsp; &nbsp; &nbsp; &nbsp; &nbsp; &nbsp; &nbsp; &nbsp; &nbsp; &nbsp; &nbsp; &nbsp; &nbsp; &nbsp; &nbsp; &nbsp; &nbsp; &nbsp; &nbsp; &nbsp; &nbsp; &nbsp; &nbsp; &nbsp; &nbsp; &nbsp; &nbsp; &nbsp;Control Type</p></td><td width=\"298\" style=\"margin: 0px; padding: 12px; border: 0px; vertical-align: baseline;\">&nbsp; &nbsp; &nbsp; &nbsp; &nbsp; &nbsp; &nbsp; &nbsp; &nbsp; &nbsp; &nbsp; &nbsp; &nbsp; &nbsp; &nbsp; &nbsp; &nbsp; &nbsp; &nbsp; &nbsp; &nbsp; &nbsp; &nbsp; &nbsp; &nbsp; &nbsp; &nbsp; &nbsp; &nbsp; &nbsp; &nbsp; &nbsp; &nbsp; &nbsp; &nbsp; &nbsp; Touch</td></tr><tr style=\"margin: 0px; padding: 0px; border: 0px; vertical-align: baseline; background-color: rgba(0, 0, 0, 0.11);\"><td width=\"298\" style=\"margin: 0px; padding: 12px; border: 0px; vertical-align: baseline; text-align: center;\"><p style=\"margin-right: 0px; margin-bottom: 20px; margin-left: 0px; padding: 0px; border: 0px; vertical-align: baseline; font-size: 16px; overflow-wrap: break-word; line-height: 1.66em; text-align: left;\">&nbsp; &nbsp; &nbsp; &nbsp; &nbsp; &nbsp; &nbsp; &nbsp; &nbsp; &nbsp; &nbsp; &nbsp; &nbsp; &nbsp; &nbsp; &nbsp; &nbsp; &nbsp; &nbsp; &nbsp; &nbsp; &nbsp; &nbsp; &nbsp; &nbsp; &nbsp; &nbsp; &nbsp; &nbsp; &nbsp; Item Weigh</p></td><td width=\"298\" style=\"margin: 0px; padding: 12px; border: 0px; vertical-align: baseline; text-align: center;\">0.35 lbs</td></tr><tr style=\"margin: 0px; padding: 0px; border: 0px; vertical-align: baseline; background-color: rgba(0, 0, 0, 0.02);\"><td width=\"298\" style=\"margin: 0px; padding: 12px; border: 0px; vertical-align: baseline; text-align: center;\">Application</td><td width=\"298\" style=\"margin: 0px; padding: 12px; border: 0px; vertical-align: baseline; text-align: center;\">Google Home</td></tr><tr style=\"margin: 0px; padding: 0px; border: 0px; vertical-align: baseline; background-color: rgba(0, 0, 0, 0.11);\"><td width=\"298\" style=\"margin: 0px; padding: 12px; border: 0px; vertical-align: baseline; text-align: center;\">Voltage ‎</td><td width=\"298\" style=\"margin: 0px; padding: 12px; border: 0px; vertical-align: baseline; text-align: center;\">24 Volts</td></tr><tr style=\"margin: 0px; padding: 0px; border: 0px; vertical-align: baseline; background-color: rgba(0, 0, 0, 0.02);\"><td width=\"298\" style=\"margin: 0px; padding: 12px; border: 0px; vertical-align: baseline; text-align: center;\">Connectivity Protocol</td><td width=\"298\" style=\"margin: 0px; padding: 12px; border: 0px; vertical-align: baseline; text-align: center;\">Wi-Fi 802.11n (2.4 GHz / 5 GHz)</td></tr><tr style=\"margin: 0px; padding: 0px; border: 0px; vertical-align: baseline; background-color: rgba(0, 0, 0, 0.11);\"><td width=\"298\" style=\"margin: 0px; padding: 12px; border: 0px; vertical-align: baseline; text-align: center;\">Dimensions ‎</td><td width=\"298\" style=\"margin: 0px; padding: 12px; border: 0px; vertical-align: baseline; text-align: center;\">Depth (in) 1.1 Display Height (in) 2.7 Display Width (in) 2.7 Diameter (in) 3.9</td></tr><tr style=\"margin: 0px; padding: 0px; border: 0px; vertical-align: baseline; background-color: rgba(0, 0, 0, 0.02);\"><td width=\"298\" style=\"margin: 0px; padding: 12px; border: 0px; vertical-align: baseline; text-align: center;\">Sensors</td><td width=\"298\" style=\"margin: 0px; padding: 12px; border: 0px; vertical-align: baseline; text-align: center;\">Motion, Temperature, Humidity, Ambient Light</td></tr><tr style=\"margin: 0px; padding: 0px; border: 0px; vertical-align: baseline; background-color: rgba(0, 0, 0, 0.11);\"><td width=\"298\" style=\"margin: 0px; padding: 12px; border: 0px; vertical-align: baseline; text-align: center;\">Model No. Polished Obsidian</td><td width=\"298\" style=\"margin: 0px; padding: 12px; border: 0px; vertical-align: baseline; text-align: center;\">GA05169-US</td></tr><tr style=\"margin: 0px; padding: 0px; border: 0px; vertical-align: baseline; background-color: rgba(0, 0, 0, 0.02);\"><td width=\"298\" style=\"margin: 0px; padding: 12px; border: 0px; vertical-align: baseline; text-align: center;\">Display Resolution</td><td width=\"298\" style=\"margin: 0px; padding: 12px; border: 0px; vertical-align: baseline; text-align: center;\">2.7\" (600x600p) Diameter Circular Liquid Crystal Display</td></tr><tr style=\"margin: 0px; padding: 0px; border: 0px; vertical-align: baseline; background-color: rgba(0, 0, 0, 0.11);\"><td width=\"298\" style=\"margin: 0px; padding: 12px; border: 0px; vertical-align: baseline; text-align: center;\">Power Source</td><td width=\"298\" style=\"margin: 0px; padding: 12px; border: 0px; vertical-align: baseline; text-align: center;\">HVAC System Wiring</td></tr><tr style=\"margin: 0px; padding: 0px; border: 0px; vertical-align: baseline; background-color: rgba(0, 0, 0, 0.02);\"><td width=\"298\" style=\"margin: 0px; padding: 12px; border: 0px; vertical-align: baseline; text-align: center;\">Supported Languages</td><td width=\"298\" style=\"margin: 0px; padding: 12px; border: 0px; vertical-align: baseline; text-align: center;\">English, Spanish, French</td></tr><tr style=\"margin: 0px; padding: 0px; border: 0px; vertical-align: baseline; background-color: rgba(0, 0, 0, 0.11);\"><td width=\"298\" style=\"margin: 0px; padding: 12px; border: 0px; vertical-align: baseline; text-align: center;\">Batteries</td><td width=\"298\" style=\"margin: 0px; padding: 12px; border: 0px; vertical-align: baseline; text-align: center;\">Built-In Rechargeable Lithium-Ion Battery</td></tr><tr style=\"margin: 0px; padding: 0px; border: 0px; vertical-align: baseline; background-color: rgba(0, 0, 0, 0.02);\"><td width=\"298\" style=\"margin: 0px; padding: 12px; border: 0px; vertical-align: baseline; text-align: center;\">Item Package Quantity ‎</td><td width=\"298\" style=\"margin: 0px; padding: 12px; border: 0px; vertical-align: baseline; text-align: center;\">1</td></tr><tr style=\"margin: 0px; padding: 0px; border: 0px; vertical-align: baseline; background-color: rgba(0, 0, 0, 0.11);\"><td width=\"298\" style=\"margin: 0px; padding: 12px; border: 0px; vertical-align: baseline; text-align: center;\">In the box</td><td width=\"298\" style=\"margin: 0px; padding: 12px; border: 0px; vertical-align: baseline; text-align: center;\">Nest Learning Thermostat (4th gen), Thermostat base, Trim plate, Steel plate, Nest Temperature Sensor (2nd gen), Mounting screws and wiring labels</td></tr></tbody></table>','2025-03-20 07:15:37','2025-03-20 07:15:37'),(143,2,'en','Product Description','<ul><li>Keyless deadbolt It’s secure and tamper-proof. No lost keys. No picked locks.</li><li>Remote access Lock and unlock the door with the Nest app. Without a key</li><li>Unique passcodes Give passcodes to family and guests. Set schedules to let them in.</li><li>Access history Get alerts when someone locks and unlocks the door.</li><li>One-touch locking Just tap to lock on your way out.</li><li>Auto-lock It can lock automatically when Nest knows you’re away</li><li>Works with the Nest Secure alarm system Unlock the door, and the alarm disarms automatically.</li><li>Colors Satin Nickel, Oil Rubbed Bronze, Polished Brass</li></ul><div><br></div>','2025-03-21 01:36:04','2025-03-21 01:36:04'),(144,2,'en','Technical Specs','<table width=\"627\" style=\"margin: 0px; padding: 0px; border: 0px; vertical-align: baseline; border-spacing: 0px; width: 1140px; overflow: hidden; border-radius: 3px; color: rgb(119, 119, 119); font-family: &quot;Open Sans&quot;;\"><tbody style=\"margin: 0px; padding: 0px; border: 0px; vertical-align: baseline;\"><tr style=\"margin: 0px; padding: 0px; border: 0px; vertical-align: baseline; background-color: rgba(0, 0, 0, 0.11);\"><td width=\"314\" style=\"margin: 0px; padding: 12px; border: 0px; vertical-align: baseline; text-align: center;\"><strong style=\"margin: 0px; padding: 0px; border: 0px; vertical-align: baseline; font-weight: bold;\"><font color=\"#000000\">Product Name</font></strong></td><td width=\"314\" style=\"margin: 0px; padding: 12px; border: 0px; vertical-align: baseline; text-align: center;\">Nest Yale X Lock</td></tr><tr style=\"margin: 0px; padding: 0px; border: 0px; vertical-align: baseline; background-color: rgba(0, 0, 0, 0.02);\"><td width=\"314\" style=\"margin: 0px; padding: 12px; border: 0px; vertical-align: baseline; text-align: center;\"><strong style=\"margin: 0px; padding: 0px; border: 0px; vertical-align: baseline; font-weight: bold;\"><font color=\"#000000\">Dimensions</font></strong></td><td width=\"314\" style=\"margin: 0px; padding: 12px; border: 0px; vertical-align: baseline; text-align: center;\">OutsideHeight: 4.59 inches (11.66 cm) 4.59 inches (11.66 cm) Depth: .80 inches (1.79 cm) &nbsp;</td></tr><tr style=\"margin: 0px; padding: 0px; border: 0px; vertical-align: baseline; background-color: rgba(0, 0, 0, 0.11);\"><td width=\"314\" style=\"margin: 0px; padding: 12px; border: 0px; vertical-align: baseline; text-align: center;\"></td><td width=\"314\" style=\"margin: 0px; padding: 12px; border: 0px; vertical-align: baseline; text-align: center;\">InsideHeight: 7.03 inches (17.88 cm) Width: 2.78 inches (6.58 cm) Depth: 2.02 inches (5.12 cm)</td></tr><tr style=\"margin: 0px; padding: 0px; border: 0px; vertical-align: baseline; background-color: rgba(0, 0, 0, 0.02);\"><td width=\"314\" style=\"margin: 0px; padding: 12px; border: 0px; vertical-align: baseline; text-align: center;\"><strong style=\"margin: 0px; padding: 0px; border: 0px; vertical-align: baseline; font-weight: bold;\"><font color=\"#000000\">Weight</font></strong></td><td width=\"314\" style=\"margin: 0px; padding: 12px; border: 0px; vertical-align: baseline; text-align: center;\">2 lb 4.2 oz (1.03 kg)</td></tr><tr style=\"margin: 0px; padding: 0px; border: 0px; vertical-align: baseline; background-color: rgba(0, 0, 0, 0.11);\"><td width=\"314\" style=\"margin: 0px; padding: 12px; border: 0px; vertical-align: baseline; text-align: center;\"><strong style=\"margin: 0px; padding: 0px; border: 0px; vertical-align: baseline; font-weight: bold;\"><font color=\"#000000\">Power requirements</font></strong></td><td width=\"314\" style=\"margin: 0px; padding: 12px; border: 0px; vertical-align: baseline; text-align: center;\">4 AA batteries (included) · Rechargeable batteries not recommended.</td></tr><tr style=\"margin: 0px; padding: 0px; border: 0px; vertical-align: baseline; background-color: rgba(0, 0, 0, 0.02);\"><td width=\"314\" style=\"margin: 0px; padding: 12px; border: 0px; vertical-align: baseline; text-align: center;\"><strong style=\"margin: 0px; padding: 0px; border: 0px; vertical-align: baseline; font-weight: bold;\"><font color=\"#000000\">Battery life</font></strong></td><td width=\"314\" style=\"margin: 0px; padding: 12px; border: 0px; vertical-align: baseline; text-align: center;\">1 year</td></tr><tr style=\"margin: 0px; padding: 0px; border: 0px; vertical-align: baseline; background-color: rgba(0, 0, 0, 0.11);\"><td width=\"314\" style=\"margin: 0px; padding: 12px; border: 0px; vertical-align: baseline; text-align: center;\"><strong style=\"margin: 0px; padding: 0px; border: 0px; vertical-align: baseline; font-weight: bold;\"><font color=\"#000000\">Sensors</font></strong></td><td width=\"314\" style=\"margin: 0px; padding: 12px; border: 0px; vertical-align: baseline; text-align: center;\">Optical Capacitive touch &nbsp;</td></tr><tr style=\"margin: 0px; padding: 0px; border: 0px; vertical-align: baseline; background-color: rgba(0, 0, 0, 0.02);\"><td width=\"314\" style=\"margin: 0px; padding: 12px; border: 0px; vertical-align: baseline; text-align: center;\"><strong style=\"margin: 0px; padding: 0px; border: 0px; vertical-align: baseline; font-weight: bold;\"><font color=\"#000000\">Audio</font></strong></td><td width=\"314\" style=\"margin: 0px; padding: 12px; border: 0px; vertical-align: baseline; text-align: center;\">Talking lock with input chime</td></tr><tr style=\"margin: 0px; padding: 0px; border: 0px; vertical-align: baseline; background-color: rgba(0, 0, 0, 0.11);\"><td width=\"314\" style=\"margin: 0px; padding: 12px; border: 0px; vertical-align: baseline; text-align: center;\"><strong style=\"margin: 0px; padding: 0px; border: 0px; vertical-align: baseline; font-weight: bold;\"><font color=\"#000000\">Lights</font></strong></td><td width=\"314\" style=\"margin: 0px; padding: 12px; border: 0px; vertical-align: baseline; text-align: center;\">LED keypad · Privacy Mode indicator</td></tr><tr style=\"margin: 0px; padding: 0px; border: 0px; vertical-align: baseline; background-color: rgba(0, 0, 0, 0.02);\"><td width=\"314\" style=\"margin: 0px; padding: 12px; border: 0px; vertical-align: baseline; text-align: center;\"><strong style=\"margin: 0px; padding: 0px; border: 0px; vertical-align: baseline; font-weight: bold;\"><font color=\"#000000\">Wireless</font></strong></td><td width=\"314\" style=\"margin: 0px; padding: 12px; border: 0px; vertical-align: baseline; text-align: center;\">802.15.4 (2.4GHz) · 802.15.1 (Inactive)</td></tr><tr style=\"margin: 0px; padding: 0px; border: 0px; vertical-align: baseline; background-color: rgba(0, 0, 0, 0.11);\"><td width=\"314\" style=\"margin: 0px; padding: 12px; border: 0px; vertical-align: baseline; text-align: center;\"><strong style=\"margin: 0px; padding: 0px; border: 0px; vertical-align: baseline; font-weight: bold;\"><font color=\"#000000\">Colors</font></strong></td><td width=\"314\" style=\"margin: 0px; padding: 12px; border: 0px; vertical-align: baseline; text-align: center;\">Satin Nickel • Oil Rubbed Bronze • Polished Brass</td></tr><tr style=\"margin: 0px; padding: 0px; border: 0px; vertical-align: baseline; background-color: rgba(0, 0, 0, 0.02);\"><td width=\"314\" style=\"margin: 0px; padding: 12px; border: 0px; vertical-align: baseline; text-align: center;\"><span style=\"margin: 0px; padding: 0px; border: 0px; vertical-align: baseline;\"><b style=\"\"><font color=\"#000000\">Operating Temperature</font></b></span></td><td width=\"314\" style=\"margin: 0px; padding: 12px; border: 0px; vertical-align: baseline; text-align: center;\">Outside temperature range:–22° to 140°F (–30° to 60°C) Battery temperature range:14° to 131°F (–10° to 55°C) &nbsp;</td></tr><tr style=\"margin: 0px; padding: 0px; border: 0px; vertical-align: baseline; background-color: rgba(0, 0, 0, 0.11);\"><td width=\"314\" style=\"margin: 0px; padding: 12px; border: 0px; vertical-align: baseline; text-align: center;\"><b><font color=\"#000000\" style=\"\"><span style=\"margin: 0px; padding: 0px; border: 0px; vertical-align: baseline;\">W</span><span style=\"margin: 0px; padding: 0px; border: 0px; vertical-align: baseline;\">arranty</span></font></b></td><td width=\"314\" style=\"margin: 0px; padding: 12px; border: 0px; vertical-align: baseline; text-align: center;\">1 Year</td></tr></tbody></table>','2025-03-21 01:36:04','2025-03-21 01:36:04'),(145,2,'en','New Specifications','<p style=\"margin-right: 0px; margin-bottom: 15px; margin-left: 0px; padding: 0px; text-align: justify; font-family: &quot;Open Sans&quot;, Arial, sans-serif;\">Lorem ipsum dolor sit amet, consectetur adipiscing elit. Vivamus ultricies augue sed venenatis aliquam. Integer ornare euismod tortor sit amet pharetra. Donec aliquam nisl sit amet elementum tincidunt. Phasellus efficitur magna id sagittis malesuada. Mauris tempus facilisis gravida. Maecenas ex lectus, tincidunt ut ornare quis, aliquet sed dui. Nullam ultrices, lorem a sollicitudin tincidunt, metus metus fermentum felis, vitae tempor sapien velit sit amet nulla. Phasellus sapien felis, bibendum sed lacinia a, gravida at nulla. Maecenas a lacinia massa. Etiam sed blandit dui.</p><p style=\"margin-right: 0px; margin-bottom: 15px; margin-left: 0px; padding: 0px; text-align: justify; font-family: &quot;Open Sans&quot;, Arial, sans-serif;\">Quisque eleifend elit non maximus dignissim. Etiam elementum hendrerit egestas. Nunc nec nisl venenatis, hendrerit diam a, elementum ipsum. Nam neque lectus, ornare id luctus eget, porta et sapien. Phasellus ullamcorper tempus commodo. Donec ac ex accumsan massa ullamcorper egestas nec rhoncus lacus. Nullam vel ullamcorper turpis, ut iaculis lacus. Curabitur pharetra luctus arcu, eu semper orci luctus eu.</p><p style=\"margin-right: 0px; margin-bottom: 15px; margin-left: 0px; padding: 0px; text-align: justify; font-family: &quot;Open Sans&quot;, Arial, sans-serif;\">Nunc arcu velit, ultricies eget laoreet condimentum, vestibulum mollis enim. Morbi id condimentum ante. Cras vehicula, magna eu blandit consequat, ligula orci sollicitudin felis, in gravida justo augue ut neque. Vestibulum venenatis egestas odio, in mollis sem molestie a. Maecenas aliquet in tellus non facilisis. Aenean vitae condimentum nisi, nec pharetra arcu. Curabitur commodo tellus ac finibus scelerisque. Phasellus viverra semper pretium. Duis a felis non mauris condimentum ornare. Nulla condimentum accumsan tortor, quis sollicitudin nisl tristique vel. Class aptent taciti sociosqu ad litora torquent per conubia nostra, per inceptos himenaeos.</p><p style=\"margin-right: 0px; margin-bottom: 15px; margin-left: 0px; padding: 0px; text-align: justify; font-family: &quot;Open Sans&quot;, Arial, sans-serif;\">Vivamus vel elementum velit. Cras facilisis purus sed pharetra lacinia. Cras fermentum consectetur eros, ac vulputate ipsum congue quis. Mauris rutrum hendrerit ligula id molestie. Vivamus vitae efficitur massa. Sed hendrerit convallis imperdiet. Etiam ut lorem eu nisi imperdiet ultrices. Pellentesque sit amet dapibus odio. Etiam id elementum risus, et pulvinar mi. Donec enim tellus, tincidunt eu purus quis, eleifend dictum ante. Nullam malesuada facilisis odio vel sollicitudin. Praesent semper mi vitae massa egestas vulputate. Fusce at lacinia sem. Proin eleifend dolor eu lacus accumsan, at suscipit lectus mattis.</p><p style=\"margin-right: 0px; margin-bottom: 15px; margin-left: 0px; padding: 0px; text-align: justify; font-family: &quot;Open Sans&quot;, Arial, sans-serif;\">Aenean commodo lacinia viverra. Duis porttitor elit eu neque suscipit vehicula. Curabitur aliquet rhoncus sapien, vel pulvinar velit consequat et. Nunc sed ligula eleifend, ultricies justo a, accumsan libero. Suspendisse potenti. Nam sit amet felis quis augue tempor mattis. Sed libero odio, vehicula quis dictum ac, consequat ac nulla. Fusce finibus metus eu augue scelerisque, at sagittis ante feugiat.</p><p style=\"margin-right: 0px; margin-bottom: 15px; margin-left: 0px; padding: 0px; text-align: justify; font-family: &quot;Open Sans&quot;, Arial, sans-serif;\">Proin fermentum, eros eget facilisis ornare, tellus massa vulputate tortor, vitae consequat orci enim ac sapien. Maecenas rutrum vitae quam sit amet luctus. Curabitur laoreet gravida metus non suscipit. Maecenas erat sapien, semper sit amet tellus et, rutrum porta magna. Pellentesque ullamcorper venenatis fringilla. Pellentesque eget viverra velit. Phasellus eu turpis diam. Fusce sit amet placerat massa. Donec maximus vulputate nisi vitae tristique.</p><p style=\"margin-right: 0px; margin-bottom: 15px; margin-left: 0px; padding: 0px; text-align: justify; font-family: &quot;Open Sans&quot;, Arial, sans-serif;\">Quisque sit amet orci nibh. Nulla quis luctus leo, vel finibus sem. Phasellus dictum est dolor, id ullamcorper dolor vestibulum non. Suspendisse pretium id magna sit amet vehicula. Morbi consectetur, mi eget efficitur vestibulum, libero tortor elementum mi, vitae dictum libero libero id lectus. Etiam non massa nec purus fermentum eleifend nec ut libero. Donec condimentum neque ac sem eleifend, vitae faucibus sem sodales. Donec sed lacus eu quam aliquam tincidunt. Vivamus elit elit, imperdiet eu cursus ut, commodo ac dui. Sed sodales, elit eget placerat viverra, sem mi vehicula diam, eget volutpat nibh odio ac nulla. Vestibulum rutrum orci dictum felis accumsan, in viverra augue dignissim. In in bibendum mauris, ac volutpat augue. Maecenas congue fermentum porta.</p><p style=\"margin-right: 0px; margin-bottom: 15px; margin-left: 0px; padding: 0px; text-align: justify; font-family: &quot;Open Sans&quot;, Arial, sans-serif;\">Duis congue arcu vitae fringilla ultricies. Proin tincidunt lectus sed condimentum consectetur. Nulla pharetra pharetra metus at dignissim. Integer convallis dictum turpis lobortis tincidunt. Sed finibus eros id pellentesque placerat. Donec venenatis nisl auctor, molestie ligula vitae, fringilla metus. Donec sed laoreet diam. Integer non massa vel urna ullamcorper luctus at vel erat. Donec vel mauris id nisi rhoncus dignissim non vitae odio. Phasellus fermentum egestas maximus. Nulla viverra orci nisl, at posuere leo congue vel. Duis commodo nulla a pellentesque iaculis. Maecenas ullamcorper orci in arcu eleifend pellentesque. Integer auctor cursus massa. Ut pharetra tempor leo ac fermentum.</p><p style=\"margin-right: 0px; margin-bottom: 15px; margin-left: 0px; padding: 0px; text-align: justify; font-family: &quot;Open Sans&quot;, Arial, sans-serif;\">Quisque ut fermentum lorem, sit amet placerat lectus. Vivamus diam magna, pharetra ac sapien nec, eleifend venenatis felis. Duis venenatis rhoncus nisi, id gravida mi varius ac. Morbi id metus nec lectus laoreet imperdiet in id sapien. Mauris sodales sodales fringilla. Etiam viverra lectus vitae turpis efficitur facilisis. Phasellus sagittis, lacus in dictum vulputate, metus quam aliquet nunc, sed commodo lorem justo in nunc. In eget augue orci. Donec consectetur elit dolor, ac egestas nulla vehicula ut.</p><p style=\"margin-right: 0px; margin-bottom: 15px; margin-left: 0px; padding: 0px; text-align: justify; font-family: &quot;Open Sans&quot;, Arial, sans-serif;\">Donec a leo cursus, efficitur mauris sed, maximus mi. Sed eu egestas lectus. Sed fringilla purus orci, nec venenatis orci consequat id. Mauris in ultricies arcu, eget tincidunt metus. Donec ac quam quis quam vulputate egestas. Aliquam at vestibulum augue. Fusce fringilla mollis commodo. Nunc consequat nisl id leo sodales tempus. Quisque et erat ac est viverra porta. Praesent nulla urna, imperdiet a elementum sit amet, egestas ut libero. Etiam sem tortor, rhoncus in bibendum at, elementum ac lacus.</p>','2025-03-21 01:36:04','2025-03-21 01:36:04'),(146,2,'en','Electrical Specifications','<p style=\"margin-right: 0px; margin-bottom: 15px; margin-left: 0px; padding: 0px; text-align: justify; font-family: &quot;Open Sans&quot;, Arial, sans-serif;\">Quisque eleifend elit non maximus dignissim. Etiam elementum hendrerit egestas. Nunc nec nisl venenatis, hendrerit diam a, elementum ipsum. Nam neque lectus, ornare id luctus eget, porta et sapien. Phasellus ullamcorper tempus commodo. Donec ac ex accumsan massa ullamcorper egestas nec rhoncus lacus. Nullam vel ullamcorper turpis, ut iaculis lacus. Curabitur pharetra luctus arcu, eu semper orci luctus eu.</p><p style=\"margin-right: 0px; margin-bottom: 15px; margin-left: 0px; padding: 0px; text-align: justify; font-family: &quot;Open Sans&quot;, Arial, sans-serif;\">Nunc arcu velit, ultricies eget laoreet condimentum, vestibulum mollis enim. Morbi id condimentum ante. Cras vehicula, magna eu blandit consequat, ligula orci sollicitudin felis, in gravida justo augue ut neque. Vestibulum venenatis egestas odio, in mollis sem molestie a. Maecenas aliquet in tellus non facilisis. Aenean vitae condimentum nisi, nec pharetra arcu. Curabitur commodo tellus ac finibus scelerisque. Phasellus viverra semper pretium. Duis a felis non mauris condimentum ornare. Nulla condimentum accumsan tortor, quis sollicitudin nisl tristique vel. Class aptent taciti sociosqu ad litora torquent per conubia nostra, per inceptos himenaeos.</p><p style=\"margin-right: 0px; margin-bottom: 15px; margin-left: 0px; padding: 0px; text-align: justify; font-family: &quot;Open Sans&quot;, Arial, sans-serif;\">Vivamus vel elementum velit. Cras facilisis purus sed pharetra lacinia. Cras fermentum consectetur eros, ac vulputate ipsum congue quis. Mauris rutrum hendrerit ligula id molestie. Vivamus vitae efficitur massa. Sed hendrerit convallis imperdiet. Etiam ut lorem eu nisi imperdiet ultrices. Pellentesque sit amet dapibus odio. Etiam id elementum risus, et pulvinar mi. Donec enim tellus, tincidunt eu purus quis, eleifend dictum ante. Nullam malesuada facilisis odio vel sollicitudin. Praesent semper mi vitae massa egestas vulputate. Fusce at lacinia sem. Proin eleifend dolor eu lacus accumsan, at suscipit lectus mattis.</p><p style=\"margin-right: 0px; margin-bottom: 15px; margin-left: 0px; padding: 0px; text-align: justify; font-family: &quot;Open Sans&quot;, Arial, sans-serif;\">Aenean commodo lacinia viverra. Duis porttitor elit eu neque suscipit vehicula. Curabitur aliquet rhoncus sapien, vel pulvinar velit consequat et. Nunc sed ligula eleifend, ultricies justo a, accumsan libero. Suspendisse potenti. Nam sit amet felis quis augue tempor mattis. Sed libero odio, vehicula quis dictum ac, consequat ac nulla. Fusce finibus metus eu augue scelerisque, at sagittis ante feugiat.</p><p style=\"margin-right: 0px; margin-bottom: 15px; margin-left: 0px; padding: 0px; text-align: justify; font-family: &quot;Open Sans&quot;, Arial, sans-serif;\">Proin fermentum, eros eget facilisis ornare, tellus massa vulputate tortor, vitae consequat orci enim ac sapien. Maecenas rutrum vitae quam sit amet luctus. Curabitur laoreet gravida metus non suscipit. Maecenas erat sapien, semper sit amet tellus et, rutrum porta magna. Pellentesque ullamcorper venenatis fringilla. Pellentesque eget viverra velit. Phasellus eu turpis diam. Fusce sit amet placerat massa. Donec maximus vulputate nisi vitae tristique.</p><p style=\"margin-right: 0px; margin-bottom: 15px; margin-left: 0px; padding: 0px; text-align: justify; font-family: &quot;Open Sans&quot;, Arial, sans-serif;\">Quisque sit amet orci nibh. Nulla quis luctus leo, vel finibus sem. Phasellus dictum est dolor, id ullamcorper dolor vestibulum non. Suspendisse pretium id magna sit amet vehicula. Morbi consectetur, mi eget efficitur vestibulum, libero tortor elementum mi, vitae dictum libero libero id lectus. Etiam non massa nec purus fermentum eleifend nec ut libero. Donec condimentum neque ac sem eleifend, vitae faucibus sem sodales. Donec sed lacus eu quam aliquam tincidunt. Vivamus elit elit, imperdiet eu cursus ut, commodo ac dui. Sed sodales, elit eget placerat viverra, sem mi vehicula diam, eget volutpat nibh odio ac nulla. Vestibulum rutrum orci dictum felis accumsan, in viverra augue dignissim. In in bibendum mauris, ac volutpat augue. Maecenas congue fermentum porta.</p><p style=\"margin-right: 0px; margin-bottom: 15px; margin-left: 0px; padding: 0px; text-align: justify; font-family: &quot;Open Sans&quot;, Arial, sans-serif;\">Duis congue arcu vitae fringilla ultricies. Proin tincidunt lectus sed condimentum consectetur. Nulla pharetra pharetra metus at dignissim. Integer convallis dictum turpis lobortis tincidunt. Sed finibus eros id pellentesque placerat. Donec venenatis nisl auctor, molestie ligula vitae, fringilla metus. Donec sed laoreet diam. Integer non massa vel urna ullamcorper luctus at vel erat. Donec vel mauris id nisi rhoncus dignissim non vitae odio. Phasellus fermentum egestas maximus. Nulla viverra orci nisl, at posuere leo congue vel. Duis commodo nulla a pellentesque iaculis. Maecenas ullamcorper orci in arcu eleifend pellentesque. Integer auctor cursus massa. Ut pharetra tempor leo ac fermentum.</p><p style=\"margin-right: 0px; margin-bottom: 15px; margin-left: 0px; padding: 0px; text-align: justify; font-family: &quot;Open Sans&quot;, Arial, sans-serif;\">Quisque ut fermentum lorem, sit amet placerat lectus. Vivamus diam magna, pharetra ac sapien nec, eleifend venenatis felis. Duis venenatis rhoncus nisi, id gravida mi varius ac. Morbi id metus nec lectus laoreet imperdiet in id sapien. Mauris sodales sodales fringilla. Etiam viverra lectus vitae turpis efficitur facilisis. Phasellus sagittis, lacus in dictum vulputate, metus quam aliquet nunc, sed commodo lorem justo in nunc. In eget augue orci. Donec consectetur elit dolor, ac egestas nulla vehicula ut.</p><p style=\"margin-right: 0px; margin-bottom: 15px; margin-left: 0px; padding: 0px; text-align: justify; font-family: &quot;Open Sans&quot;, Arial, sans-serif;\">Donec a leo cursus, efficitur mauris sed, maximus mi. Sed eu egestas lectus. Sed fringilla purus orci, nec venenatis orci consequat id. Mauris in ultricies arcu, eget tincidunt metus. Donec ac quam quis quam vulputate egestas. Aliquam at vestibulum augue. Fusce fringilla mollis commodo. Nunc consequat nisl id leo sodales tempus. Quisque et erat ac est viverra porta. Praesent nulla urna, imperdiet a elementum sit amet, egestas ut libero. Etiam sem tortor, rhoncus in bibendum at, elementum ac lacus.</p>','2025-03-21 01:36:04','2025-03-21 01:36:04'),(147,9,'en','Product Description','<ul style=\"margin-right: 0px; margin-bottom: 1em; margin-left: 1.5em; padding: 0px; border: 0px; vertical-align: baseline; list-style-position: initial; list-style-image: initial; color: rgb(119, 119, 119); font-family: &quot;Open Sans&quot;;\"><li style=\"margin: 0px 0px 0px 0.85em; padding: 0px; border: 0px; vertical-align: baseline;\">Keyless deadbolt<br>It’s secure and tamper-proof.<br>No lost keys. No picked locks.</li><li style=\"margin: 0px 0px 0px 0.85em; padding: 0px; border: 0px; vertical-align: baseline;\">Remote access<br>Lock and unlock the door with the<br>Nest app. Without a key</li><li style=\"margin: 0px 0px 0px 0.85em; padding: 0px; border: 0px; vertical-align: baseline;\">Unique passcodes<br>Give passcodes to family and guests.<br>Set schedules to let them in.</li><li style=\"margin: 0px 0px 0px 0.85em; padding: 0px; border: 0px; vertical-align: baseline;\">Access history<br>Get alerts when someone locks and<br>unlocks the door.</li><li style=\"margin: 0px 0px 0px 0.85em; padding: 0px; border: 0px; vertical-align: baseline;\">One-touch locking<br>Just tap to lock on your way out.</li><li style=\"margin: 0px 0px 0px 0.85em; padding: 0px; border: 0px; vertical-align: baseline;\">Auto-lock<br>It can lock automatically when<br>Nest knows you’re away</li><li style=\"margin: 0px 0px 0px 0.85em; padding: 0px; border: 0px; vertical-align: baseline;\">Works with the Nest Secure<br>alarm system<br>Unlock the door, and the alarm<br>disarms automatically.</li><li style=\"margin: 0px 0px 0px 0.85em; padding: 0px; border: 0px; vertical-align: baseline;\">Colors<br>Satin Nickel, Oil Rubbed Bronze,<br>Polished Brass</li></ul>','2025-03-21 03:13:20','2025-03-21 03:13:20'),(148,9,'en','Technical Specs','<ul><li><span style=\"color: rgb(119, 119, 119); font-family: &quot;Open Sans&quot;; text-align: center; background-color: rgba(0, 0, 0, 0.02);\">Outside temperature range:–22° to 140°F (–30° to 60°C) Battery temperature range:14° to 131°F (–10° to 55°C)&nbsp;&nbsp;</span></li><li><span style=\"text-align: center; background-color: rgba(0, 0, 0, 0.02);\"><font color=\"#777777\" face=\"Open Sans\">LED keypad · Privacy Mode indicator&nbsp; &nbsp;</font></span></li><li><span style=\"text-align: center; background-color: rgba(0, 0, 0, 0.02);\"><font color=\"#777777\" face=\"Open Sans\">4 AA batteries (included) · Rechargeable batteries not recommended.&nbsp; &nbsp; &nbsp;</font></span></li></ul>','2025-03-21 03:13:20','2025-03-21 03:13:20'),(149,22,'en','Description','<p style=\"margin-right: 0px; margin-bottom: 15px; margin-left: 0px; padding: 0px; text-align: justify; font-family: &quot;Open Sans&quot;, Arial, sans-serif;\">Phasellus non sapien quis urna tristique condimentum id et tortor. Donec nec dictum mi. Nullam et molestie dui, id vehicula augue. Sed placerat odio quis metus egestas, sed egestas massa bibendum. Vestibulum mattis libero a velit posuere, eu lobortis elit elementum. Sed eu lacus et turpis efficitur cursus. Phasellus efficitur elementum enim, ut gravida lorem. Vestibulum imperdiet quam in nulla consequat, fringilla venenatis arcu euismod. Fusce in nibh tincidunt ipsum molestie interdum et in arcu. Etiam vulputate rhoncus orci quis vehicula. Duis quis sollicitudin dui. Aliquam interdum commodo sapien, quis viverra arcu egestas eu. Nullam accumsan interdum diam, quis placerat urna euismod congue. Donec justo odio, blandit dictum enim ac, porttitor dignissim nunc. Duis at erat blandit, blandit purus at, blandit dui. Duis dignissim, felis at vehicula bibendum, risus urna tincidunt sem, eu pretium sapien mi nec tortor.</p><p style=\"margin-right: 0px; margin-bottom: 15px; margin-left: 0px; padding: 0px; text-align: justify; font-family: &quot;Open Sans&quot;, Arial, sans-serif;\">Fusce pulvinar nibh ac urna interdum congue. Sed finibus ultricies elit, quis condimentum est rhoncus ac. In eleifend turpis tortor, non mollis dolor ultrices at. Morbi non mauris risus. Suspendisse potenti. Nunc maximus, risus ac vulputate sodales, ante lacus maximus augue, non efficitur turpis ipsum ut libero. Praesent mauris eros, rhoncus non ex vitae, iaculis sodales sem.</p><p style=\"margin-right: 0px; margin-bottom: 15px; margin-left: 0px; padding: 0px; text-align: justify; font-family: &quot;Open Sans&quot;, Arial, sans-serif;\">Aliquam dapibus velit odio, at imperdiet lectus hendrerit ut. Nulla a est turpis. Vivamus orci metus, mollis vitae arcu in, sodales semper magna. Vivamus lacinia neque odio, a venenatis tellus sodales vitae. Donec ornare leo nec lectus imperdiet luctus. Suspendisse viverra mattis velit in ornare. Pellentesque cursus ipsum ac metus ultrices varius. Ut lacinia maximus urna, id tristique neque maximus eget. Class aptent taciti sociosqu ad litora torquent per conubia nostra, per inceptos himenaeos. Integer cursus sapien tempor hendrerit ultrices. Praesent ligula dui, mattis eget dolor ut, congue consectetur dui. Fusce rutrum nisi vitae finibus luctus.</p><p style=\"margin-right: 0px; margin-bottom: 15px; margin-left: 0px; padding: 0px; text-align: justify; font-family: &quot;Open Sans&quot;, Arial, sans-serif;\">Duis at feugiat purus. Aliquam sit amet malesuada est. Nullam quis ex dolor. Vivamus vel pharetra risus. Curabitur sed rutrum felis. Suspendisse finibus id sem et rhoncus. Etiam ligula est, pellentesque egestas volutpat at, elementum semper ligula. Morbi lorem neque, malesuada aliquam tellus id, gravida euismod tortor. Sed aliquet dui est, et egestas magna vehicula ac. Mauris iaculis enim nec risus efficitur interdum. Nam vulputate arcu sapien, vitae porta neque tristique non. Etiam congue ante non luctus egestas.</p>','2025-03-22 04:42:57','2025-03-22 04:42:57'),(152,23,'en','Description','<p><span style=\"font-family: &quot;Open Sans&quot;, Arial, sans-serif; text-align: justify;\">Lorem ipsum dolor sit amet, consectetur adipiscing elit. Etiam eu est elit. Vivamus sed blandit erat. Aenean luctus feugiat urna a mattis. Vestibulum facilisis odio in tellus pharetra gravida. Etiam et faucibus nisl, eu aliquet magna. Donec non urna dapibus, lacinia urna quis, finibus lectus. Aliquam eget facilisis orci. Suspendisse sagittis ac lacus sit amet condimentum. Proin ultrices, sapien imperdiet auctor placerat, neque quam aliquam orci, eget maximus nunc dui vel est. Praesent tristique urna nec dui malesuada sodales. Quisque consectetur dui eget ligula eleifend, a venenatis nisi luctus.</span></p>','2025-03-25 08:00:47','2025-03-25 08:00:47'),(153,23,'en','Technical Specs','<p style=\"margin-right: 0px; margin-bottom: 15px; margin-left: 0px; padding: 0px; text-align: justify; font-family: &quot;Open Sans&quot;, Arial, sans-serif;\">Lorem ipsum dolor sit amet, consectetur adipiscing elit. Etiam eu est elit. Vivamus sed blandit erat. Aenean luctus feugiat urna a mattis. Vestibulum facilisis odio in tellus pharetra gravida. Etiam et faucibus nisl, eu aliquet magna. Donec non urna dapibus, lacinia urna quis, finibus lectus. Aliquam eget facilisis orci. Suspendisse sagittis ac lacus sit amet condimentum. Proin ultrices, sapien imperdiet auctor placerat, neque quam aliquam orci, eget maximus nunc dui vel est. Praesent tristique urna nec dui malesuada sodales. Quisque consectetur dui eget ligula eleifend, a venenatis nisi luctus.</p><p style=\"margin-right: 0px; margin-bottom: 15px; margin-left: 0px; padding: 0px; text-align: justify; font-family: &quot;Open Sans&quot;, Arial, sans-serif;\">Vestibulum ante ipsum primis in faucibus orci luctus et ultrices posuere cubilia curae; Morbi eu lorem nec dui sodales congue. Vestibulum rutrum viverra dapibus. Ut id fermentum mauris, sollicitudin interdum odio. Nulla placerat commodo diam eleifend pretium. Morbi laoreet viverra orci. Donec sollicitudin nisi sed sapien molestie maximus. Duis quis porta justo. Nunc hendrerit ipsum in risus finibus rhoncus. Nam in hendrerit enim, non rhoncus tortor. Praesent gravida lorem et arcu accumsan faucibus. Nulla placerat, elit nec mattis venenatis, ante leo malesuada ante, non fringilla nisl nulla eget libero. Integer porta nulla sit amet posuere sagittis. Cras sed interdum mi, vitae aliquam justo. Nam scelerisque ut diam quis tempus.</p><p style=\"margin-right: 0px; margin-bottom: 15px; margin-left: 0px; padding: 0px; text-align: justify; font-family: &quot;Open Sans&quot;, Arial, sans-serif;\">Pellentesque ullamcorper, purus quis fringilla blandit, ante erat viverra ante, vitae consectetur risus erat id purus. Vestibulum vitae accumsan urna. Fusce a interdum mauris, sed bibendum dui. Nulla lacinia interdum nibh at laoreet. Donec venenatis in risus et aliquet. Aliquam laoreet enim vitae tempor gravida. Nunc vulputate ex nec lectus tincidunt, in mollis magna blandit. Donec eu mattis eros, et consequat dolor. Donec nibh nulla, maximus eget interdum ut, dictum id neque.</p>','2025-03-25 08:00:47','2025-03-25 08:00:47'),(164,24,'en','Product description','Product description tab contents',NULL,NULL),(165,24,'en','Technical specification','Technical specifications of the product',NULL,NULL),(166,18,'en','Product description','Product description tab contents','2025-04-18 07:23:14','2025-04-18 07:23:14'),(167,18,'en','Technical specification','Technical specifications of the product','2025-04-18 07:23:14','2025-04-18 07:23:14'),(168,19,'en','Product description','Product description tab contents','2025-04-18 07:23:29','2025-04-18 07:23:29'),(169,19,'en','Technical specification','Technical specifications of the product','2025-04-18 07:23:29','2025-04-18 07:23:29'),(170,40,'en','Test','<p>Test</p>','2025-07-22 10:07:26','2025-07-22 10:07:26');
/*!40000 ALTER TABLE `product_tabs` ENABLE KEYS */;
UNLOCK TABLES;

--
-- Table structure for table `product_translations`
--

DROP TABLE IF EXISTS `product_translations`;
/*!40101 SET @saved_cs_client     = @@character_set_client */;
/*!50503 SET character_set_client = utf8mb4 */;
CREATE TABLE `product_translations` (
  `id` bigint NOT NULL AUTO_INCREMENT,
  `product_id` int NOT NULL,
  `name` varchar(200) CHARACTER SET utf8mb3 COLLATE utf8mb3_unicode_ci DEFAULT NULL,
  `unit` varchar(20) CHARACTER SET utf8mb3 COLLATE utf8mb3_unicode_ci DEFAULT NULL,
  `description` longtext CHARACTER SET utf8mb3 COLLATE utf8mb3_unicode_ci,
  `tags` varchar(500) CHARACTER SET utf8mb3 COLLATE utf8mb3_unicode_ci DEFAULT NULL,
  `lang` varchar(100) CHARACTER SET utf8mb3 COLLATE utf8mb3_unicode_ci DEFAULT NULL,
  `created_at` timestamp NOT NULL DEFAULT CURRENT_TIMESTAMP,
  `updated_at` timestamp NOT NULL DEFAULT CURRENT_TIMESTAMP,
  PRIMARY KEY (`id`),
  KEY `product_id` (`product_id`),
  CONSTRAINT `product_translations_ibfk_1` FOREIGN KEY (`product_id`) REFERENCES `products` (`id`) ON DELETE CASCADE
) ENGINE=InnoDB AUTO_INCREMENT=41 DEFAULT CHARSET=utf8mb3 COLLATE=utf8mb3_unicode_ci;
/*!40101 SET character_set_client = @saved_cs_client */;

--
-- Dumping data for table `product_translations`
--

LOCK TABLES `product_translations` WRITE;
/*!40000 ALTER TABLE `product_translations` DISABLE KEYS */;
INSERT INTO `product_translations` VALUES (1,1,'Google Nest Learning Thermostat 4th Gen with sensor',NULL,'<p style=\"margin-right: 0px; margin-bottom: 20px; margin-left: 0px; padding: 0px; border: 0px; vertical-align: baseline; font-size: 16px; overflow-wrap: break-word; font-family: &quot;Open Sans&quot;; color: rgb(119, 119, 119); line-height: 1.66em;\">Take control of your home with Nest’s Learning Thermostat Enjoy personalized comfort and savings with minimum effort</p><p style=\"margin-right: 0px; margin-bottom: 20px; margin-left: 0px; padding: 0px; border: 0px; vertical-align: baseline; font-size: 16px; overflow-wrap: break-word; font-family: &quot;Open Sans&quot;; line-height: 1.66em;\"><span style=\"margin: 0px; padding: 0px; border: 0px; vertical-align: baseline;\"><b style=\"\">Key Features</b></span></p><ul style=\"margin-right: 0px; margin-bottom: 1em; margin-left: 1.5em; padding: 0px; border: 0px; vertical-align: baseline; list-style-position: initial; list-style-image: initial; font-family: &quot;Open Sans&quot;; color: rgb(119, 119, 119); font-size: 16px !important; line-height: 28px !important;\"><li style=\"margin: 0px 0px 0px 0.85em; padding: 0px; border: 0px; vertical-align: baseline;\">2.7″ (600x600p) Diameter Circular Liquid Crystal Display</li><li style=\"margin: 0px 0px 0px 0.85em; padding: 0px; border: 0px; vertical-align: baseline;\">Remote Control With Apple Watch, Smartphone, Tablet, Or Laptop</li><li style=\"margin: 0px 0px 0px 0.85em; padding: 0px; border: 0px; vertical-align: baseline;\">Soli sensor for Motion Sense, Temperature, Humidity, Ambient Light Sensors</li><li style=\"margin: 0px 0px 0px 0.85em; padding: 0px; border: 0px; vertical-align: baseline;\">HVAC System Wiring Power Source</li><li style=\"margin: 0px 0px 0px 0.85em; padding: 0px; border: 0px; vertical-align: baseline;\">Wi-Fi 802.11n (2.4 GHz / 5 GHz)</li><li style=\"margin: 0px 0px 0px 0.85em; padding: 0px; border: 0px; vertical-align: baseline;\">Bluetooth Low Energy (BLE)</li><li style=\"margin: 0px 0px 0px 0.85em; padding: 0px; border: 0px; vertical-align: baseline;\">Built-In Rechargeable Lithium-Ion Battery</li><li style=\"margin: 0px 0px 0px 0.85em; padding: 0px; border: 0px; vertical-align: baseline;\">Polished Obsidian/Black</li></ul>','Thermostat,google nest,smart thermostat,4th gen thermostat','en','2025-02-15 03:56:33','2025-02-15 05:54:38'),(2,2,'Nest Yale X Lock',NULL,'<p><span style=\"color: rgb(119, 119, 119); font-family: &quot;Open Sans&quot;; font-size: 16px;\">You can remotely lock or unlock your door using your phone, there is no need to use a physical key with the Yale Lock’s keypad. You can receive notifications on your phone so you can know who’s entering and leaving. You can even assign and schedule access for guests and view a history of who unlocked the door and when using Yale smart lock.</span></p>','door lock,smart door lock,nest yale lock','en','2025-02-15 04:21:02','2025-02-15 04:21:02'),(6,6,'Nest Learning Thermostat Gen3 (1 Year UAE Warranty)',NULL,'<p style=\"margin-right: 0px; margin-bottom: 20px; margin-left: 0px; padding: 0px; border: 0px; vertical-align: baseline; font-size: 16px; overflow-wrap: break-word; font-family: &quot;Open Sans&quot;; color: rgb(119, 119, 119); line-height: 1.66em;\"><span style=\"margin: 0px; padding: 0px; border: 0px; vertical-align: baseline; font-size: 12pt; color: rgb(92, 90, 80);\">Programs itself.&nbsp;Then pays for&nbsp;itself</span></p><p style=\"margin-right: 0px; margin-bottom: 20px; margin-left: 0px; padding: 0px; border: 0px; vertical-align: baseline; font-size: 16px; overflow-wrap: break-word; font-family: &quot;Open Sans&quot;; color: rgb(119, 119, 119); line-height: 1.66em;\"><span style=\"margin: 0px; padding: 0px; border: 0px; vertical-align: baseline; font-size: 12pt; color: rgb(92, 90, 80);\">Take control of your home’s cooling without lifting a finger with this thermostat, which learns your habits and adjusts to automatically regulate your home’s temperature based on your schedule. Nest learns the temperatures you like and programs itself in about a week, it also automatically turns itself down when nobody is home to help you save energy. And it saves money. That’s the most beautiful&nbsp;part.</span></p>','','en','2025-03-18 01:44:52','2025-03-18 01:44:52'),(7,7,'Nest Thermostat 4th Gen',NULL,'<p><span style=\"color: rgb(119, 119, 119); font-family: &quot;Open Sans&quot;; font-size: 16px;\">Keeping your home comfortable and saving energy with Nest 4th Generation A budget friendly version of nest thermostat 3rd Generation with modern look and it has a mirrored display that gives it a whole new look. With the Google Home app for Android or iOS, you can program your thermostat for energy efficiency. Using your voice, Google can adjust the temperature for you. From a phone or tablet family members can adjust the thermostat temperature remotely.</span></p>','','en','2025-03-18 02:10:34','2025-03-18 02:10:34'),(8,8,'Nest Temperature Sensor',NULL,'<p style=\"margin-right: 0px; margin-bottom: 20px; margin-left: 0px; padding: 0px; border: 0px; vertical-align: baseline; font-size: 16px; overflow-wrap: break-word; font-family: &quot;Open Sans&quot;; color: rgb(119, 119, 119); line-height: 1.66em;\"><span style=\"margin: 0px; padding: 0px; border: 0px; vertical-align: baseline; font-size: 12pt; color: rgb(85, 82, 82);\">Most homes aren’t the same temperature in every room. With the Nest Temperature Sensor, you can let your Nest thermostat know which room should be the most comfortable. Just place it on a wall or shelf and get the right temperature, right where you want it. &nbsp;</span></p><p style=\"margin-right: 0px; margin-bottom: 20px; margin-left: 0px; padding: 0px; border: 0px; vertical-align: baseline; font-size: 16px; overflow-wrap: break-word; font-family: &quot;Open Sans&quot;; color: rgb(119, 119, 119); line-height: 1.66em;\"><span style=\"margin: 0px; padding: 0px; border: 0px; vertical-align: baseline; font-size: 12pt; color: rgb(85, 82, 82);\">Requires a 3rd generation Nest Learning Thermostat or a Nest Thermostat E</span></p>','','en','2025-03-18 02:13:10','2025-03-18 02:13:10'),(9,9,'Nest Yale X Lock New',NULL,'<p><span style=\"color: rgb(119, 119, 119); font-family: &quot;Open Sans&quot;; font-size: 16px;\">You can remotely lock or unlock your door using your phone, there is no need to use a physical key with the Yale Lock’s keypad. You can receive notifications on your phone so you can know who’s entering and leaving. You can even assign and schedule access for guests and view a history of who unlocked the door and when using Yale smart lock.</span></p>','','en','2025-03-18 02:16:29','2025-03-18 02:19:24'),(18,18,'Test product',NULL,'Test description for the product','Test,Product,Test product','en','2025-03-20 04:08:28','2025-03-20 06:35:15'),(19,19,'Test product 1',NULL,'Test description for the product','Test,Product,Test product','en','2025-03-20 04:08:33','2025-03-20 06:24:31'),(20,20,'Test product 2',NULL,'Test description for the product','Test,Product,Test product','en','2025-03-20 04:08:36','2025-03-20 06:24:07'),(21,21,'Test product 3',NULL,'Test description for the product','Test,Product,Test product','en','2025-03-20 04:08:38','2025-03-20 06:23:46'),(22,22,'Test product 8',NULL,'<p style=\"margin-right: 0px; margin-bottom: 15px; margin-left: 0px; padding: 0px; text-align: justify; font-family: &quot;Open Sans&quot;, Arial, sans-serif;\">Phasellus non sapien quis urna tristique condimentum id et tortor. Donec nec dictum mi. Nullam et molestie dui, id vehicula augue. Sed placerat odio quis metus egestas, sed egestas massa bibendum. Vestibulum mattis libero a velit posuere, eu lobortis elit elementum. Sed eu lacus et turpis efficitur cursus. Phasellus efficitur elementum enim, ut gravida lorem. Vestibulum imperdiet quam in nulla consequat, fringilla venenatis arcu euismod. Fusce in nibh tincidunt ipsum molestie interdum et in arcu. Etiam vulputate rhoncus orci quis vehicula. Duis quis sollicitudin dui. Aliquam interdum commodo sapien, quis viverra arcu egestas eu. Nullam accumsan interdum diam, quis placerat urna euismod congue. Donec justo odio, blandit dictum enim ac, porttitor dignissim nunc. Duis at erat blandit, blandit purus at, blandit dui. Duis dignissim, felis at vehicula bibendum, risus urna tincidunt sem, eu pretium sapien mi nec tortor.</p><p style=\"margin-right: 0px; margin-bottom: 15px; margin-left: 0px; padding: 0px; text-align: justify; font-family: &quot;Open Sans&quot;, Arial, sans-serif;\">Fusce pulvinar nibh ac urna interdum congue. Sed finibus ultricies elit, quis condimentum est rhoncus ac. In eleifend turpis tortor, non mollis dolor ultrices at. Morbi non mauris risus. Suspendisse potenti. Nunc maximus, risus ac vulputate sodales, ante lacus maximus augue, non efficitur turpis ipsum ut libero. Praesent mauris eros, rhoncus non ex vitae, iaculis sodales sem.</p>','','en','2025-03-22 04:06:20','2025-03-22 04:06:20'),(23,23,'New product with large product name for testing responsive issue in frontend product display sections',NULL,'<ul><li><span style=\"font-family: &quot;Open Sans&quot;, Arial, sans-serif; text-align: justify;\">Lorem ipsum dolor sit amet, consectetur adipiscing elit. Etiam eu est elit. </span></li><li><span style=\"font-family: &quot;Open Sans&quot;, Arial, sans-serif; text-align: justify;\">Vivamus sed blandit erat. Aenean luctus feugiat urna a mattis. </span></li><li><span style=\"font-family: &quot;Open Sans&quot;, Arial, sans-serif; text-align: justify;\">Vestibulum facilisis odio in tellus pharetra gravida. Etiam et faucibus nisl, eu aliquet magna. </span></li><li><span style=\"font-family: &quot;Open Sans&quot;, Arial, sans-serif; text-align: justify;\">Donec non urna dapibus, lacinia urna quis, finibus lectus.</span></li><li><span style=\"font-family: &quot;Open Sans&quot;, Arial, sans-serif; text-align: justify;\"> Aliquam eget facilisis orci. Suspendisse sagittis ac lacus sit amet condimentum. </span></li><li><span style=\"font-family: &quot;Open Sans&quot;, Arial, sans-serif; text-align: justify;\">Proin ultrices, sapien imperdiet auctor placerat, neque quam aliquam orci, eget maximus nunc dui vel est. </span></li><li><span style=\"font-family: &quot;Open Sans&quot;, Arial, sans-serif; text-align: justify;\">Praesent tristique urna nec dui malesuada sodales. Quisque consectetur dui eget ligula eleifend, a venenatis nisi luctus.</span></li></ul>','','en','2025-03-25 08:00:15','2025-03-25 08:00:15'),(24,24,'Test product NEW',NULL,'Test description for the product','Test, Product, Test product','en','2025-03-25 08:10:16','2025-03-25 08:10:16'),(25,25,'Test product 1',NULL,'<p>Test</p>','','en','2025-07-19 07:47:58','2025-07-19 07:47:58'),(26,26,'Test product 1',NULL,'<p>Test</p>','','en','2025-07-19 07:49:50','2025-07-19 07:49:50'),(27,27,'Test product 1',NULL,'<p>Test</p>','','en','2025-07-19 07:50:13','2025-07-19 07:50:13'),(28,28,'Test product 1',NULL,'<p>Test</p>','','en','2025-07-19 07:52:43','2025-07-19 07:52:43'),(29,29,'Test product 1',NULL,'<p>Test</p>','','en','2025-07-19 07:55:01','2025-07-19 07:55:01'),(30,30,'Keyboard',NULL,'<p>test-sku-blue-s</p>','','en','2025-07-19 07:56:41','2025-07-19 07:56:41'),(31,31,'Mouse',NULL,NULL,'Mouse','en','2025-07-19 09:50:20','2025-07-19 09:50:20'),(32,32,'Test Product 1',NULL,NULL,'','en','2025-07-19 10:31:29','2025-07-19 10:31:29'),(33,33,'Test1',NULL,'<p>Test1Test1</p>','','en','2025-07-22 09:28:01','2025-07-22 09:28:01'),(34,34,'Test1',NULL,'<p>Test1Test1</p>','','en','2025-07-22 09:38:14','2025-07-22 09:38:14'),(35,35,'Test1',NULL,'<p>Test1Test1</p>','','en','2025-07-22 09:40:01','2025-07-22 09:40:01'),(36,36,'Test1',NULL,'<p>Test1Test1</p>','','en','2025-07-22 09:42:10','2025-07-22 09:42:10'),(37,37,'Test product 1',NULL,NULL,'','en','2025-07-22 09:47:07','2025-07-22 09:47:07'),(38,38,'Test Product2',NULL,NULL,'','en','2025-07-22 09:49:09','2025-07-22 09:49:09'),(39,39,'Test Product2',NULL,NULL,'','en','2025-07-22 09:53:16','2025-07-22 09:53:16'),(40,40,'Test Product2',NULL,NULL,'','en','2025-07-22 09:54:52','2025-07-22 09:54:52');
/*!40000 ALTER TABLE `product_translations` ENABLE KEYS */;
UNLOCK TABLES;

--
-- Table structure for table `products`
--

DROP TABLE IF EXISTS `products`;
/*!40101 SET @saved_cs_client     = @@character_set_client */;
/*!50503 SET character_set_client = utf8mb4 */;
CREATE TABLE `products` (
  `id` int NOT NULL AUTO_INCREMENT,
  `type` enum('product','service') CHARACTER SET utf8mb3 COLLATE utf8mb3_unicode_ci NOT NULL DEFAULT 'product',
  `name` varchar(200) CHARACTER SET utf8mb3 COLLATE utf8mb3_unicode_ci NOT NULL,
  `sku` varchar(191) CHARACTER SET utf8mb3 COLLATE utf8mb3_unicode_ci NOT NULL,
  `slug` mediumtext CHARACTER SET utf8mb3 COLLATE utf8mb3_unicode_ci NOT NULL,
  `published` int NOT NULL DEFAULT '1',
  `category_id` int DEFAULT NULL,
  `brand_id` int DEFAULT NULL,
  `photos` varchar(2000) CHARACTER SET utf8mb3 COLLATE utf8mb3_unicode_ci DEFAULT NULL,
  `thumbnail_img` varchar(100) CHARACTER SET utf8mb3 COLLATE utf8mb3_unicode_ci DEFAULT NULL,
  `product_type` tinyint NOT NULL DEFAULT '0' COMMENT '	0-Single, 1-Variant	',
  `added_by` varchar(6) CHARACTER SET utf8mb3 COLLATE utf8mb3_unicode_ci NOT NULL DEFAULT 'admin',
  `user_id` int unsigned DEFAULT NULL,
  `vat` float(5,2) NOT NULL DEFAULT '0.00',
  `video_provider` varchar(20) CHARACTER SET utf8mb3 COLLATE utf8mb3_unicode_ci DEFAULT NULL,
  `video_link` varchar(100) CHARACTER SET utf8mb3 COLLATE utf8mb3_unicode_ci DEFAULT NULL,
  `unit_price` double(20,2) NOT NULL,
  `variant_product` int NOT NULL DEFAULT '0',
  `choice_options` mediumtext CHARACTER SET utf8mb3 COLLATE utf8mb3_unicode_ci,
  `variations` text CHARACTER SET utf8mb3 COLLATE utf8mb3_unicode_ci,
  `cash_on_delivery` tinyint(1) NOT NULL DEFAULT '0' COMMENT '1 = On, 0 = Off',
  `current_stock` int NOT NULL DEFAULT '0',
  `unit` varchar(20) CHARACTER SET utf8mb3 COLLATE utf8mb3_unicode_ci DEFAULT NULL,
  `min_qty` int NOT NULL DEFAULT '1',
  `low_stock_quantity` int DEFAULT NULL,
  `discount` double(20,2) DEFAULT NULL,
  `discount_type` varchar(10) CHARACTER SET utf8mb3 COLLATE utf8mb3_unicode_ci DEFAULT NULL,
  `discount_start_date` int DEFAULT NULL,
  `discount_end_date` int DEFAULT NULL,
  `tax` double(20,2) DEFAULT NULL,
  `tax_type` varchar(10) CHARACTER SET utf8mb3 COLLATE utf8mb3_unicode_ci DEFAULT NULL,
  `shipping_type` varchar(20) CHARACTER SET utf8mb3 COLLATE utf8mb3_unicode_ci DEFAULT 'flat_rate',
  `shipping_cost` text CHARACTER SET utf8mb3 COLLATE utf8mb3_unicode_ci,
  `est_shipping_days` int DEFAULT NULL,
  `num_of_sale` int NOT NULL DEFAULT '0',
  `rating` double(8,2) NOT NULL DEFAULT '0.00',
  `return_refund` tinyint(1) NOT NULL DEFAULT '0',
  `updated_by` int DEFAULT NULL,
  `created_at` timestamp NOT NULL DEFAULT CURRENT_TIMESTAMP,
  `updated_at` timestamp NOT NULL DEFAULT CURRENT_TIMESTAMP,
  PRIMARY KEY (`id`),
  KEY `name` (`name`),
  KEY `created_at` (`created_at`),
  KEY `brand_id` (`brand_id`),
  KEY `category_id` (`category_id`),
  KEY `user_id` (`user_id`),
  CONSTRAINT `products_ibfk_1` FOREIGN KEY (`brand_id`) REFERENCES `brands` (`id`) ON DELETE CASCADE,
  CONSTRAINT `products_ibfk_3` FOREIGN KEY (`category_id`) REFERENCES `categories` (`id`) ON DELETE CASCADE,
  CONSTRAINT `products_ibfk_4` FOREIGN KEY (`user_id`) REFERENCES `users` (`id`) ON DELETE CASCADE
) ENGINE=InnoDB AUTO_INCREMENT=41 DEFAULT CHARSET=utf8mb3 COLLATE=utf8mb3_unicode_ci;
/*!40101 SET character_set_client = @saved_cs_client */;

--
-- Dumping data for table `products`
--

LOCK TABLES `products` WRITE;
/*!40000 ALTER TABLE `products` DISABLE KEYS */;
INSERT INTO `products` VALUES (1,'product','Google Nest Learning Thermostat 4th Gen with sensor','12345678','google-nest-learning-thermostat-4th-gen-with-sensor',1,1,1,'/storage/products/2025/02/123456/main/123456_gallery_1.jpeg,/storage/products/2025/02/123456/main/123456_gallery_2.jpeg,/storage/products/2025/02/123456/main/123456_gallery_3.jpeg','/storage/products/2025/03/12345678/main/12345678.jpeg',0,'admin',1,2.00,'youtube','https://youtu.be/99ZU9piXq14?si=fYFn2imXbo3m1NTT',999.00,0,NULL,NULL,0,0,NULL,1,NULL,10.00,'amount',1739577600,1740787140,NULL,NULL,'flat_rate',NULL,NULL,8,0.00,1,NULL,'2025-02-15 03:56:33','2025-04-18 07:22:09'),(2,'product','Nest Yale X Lock','85198244','nest-yale-x-lock-2',1,4,1,'/storage/products/2025/02/85198244/main/85198244_gallery_2.jpg,/storage/products/2025/02/85198244/main/85198244_gallery_3.jpg,/storage/products/2025/02/85198244/main/85198244_gallery_4.jpg,/storage/products/2025/02/85198244/main/85198244_gallery_5.jpg','/storage/products/2025/02/85198244/main/85198244.jpg',0,'admin',1,1.00,'vimeo','https://vimeo.com/367945766',1119.00,0,NULL,NULL,0,0,NULL,1,NULL,0.00,'amount',NULL,NULL,NULL,NULL,'flat_rate',NULL,NULL,10,0.00,1,NULL,'2025-02-15 04:21:02','2025-04-18 05:59:12'),(6,'product','Nest Learning Thermostat Gen3 (1 Year UAE Warranty)','93333724','nest-learning-thermostat-gen3-1-year-uae-warranty',1,1,1,'/storage/products/2025/03/93333724/main/93333724_gallery_1.jpg,/storage/products/2025/03/93333724/main/93333724_gallery_2.jpg,/storage/products/2025/03/93333724/main/93333724_gallery_3.jpg,/storage/products/2025/03/93333724/main/93333724_gallery_4.jpg','/storage/products/2025/03/93333724/main/93333724.jpg',0,'admin',1,0.00,'youtube',NULL,820.00,0,NULL,NULL,0,0,NULL,1,NULL,0.00,'amount',NULL,NULL,NULL,NULL,'flat_rate',NULL,NULL,10,0.00,1,NULL,'2025-03-18 01:44:52','2025-04-18 05:56:51'),(7,'product','Nest Thermostat 4th Gen','58137050','nest-thermostat-4th-gen',1,1,1,'/storage/products/2025/03/58137050/main/58137050_gallery_1.jpg,/storage/products/2025/03/58137050/main/58137050_gallery_2.jpg','/storage/products/2025/03/58137050/main/58137050.jpg',0,'admin',1,0.00,'youtube',NULL,499.00,0,NULL,NULL,0,0,NULL,1,NULL,100.00,'amount',1740787200,1746057540,NULL,NULL,'flat_rate',NULL,NULL,15,0.00,0,NULL,'2025-03-18 02:10:34','2025-04-18 06:09:51'),(8,'product','Nest Temperature Sensor','36563846','nest-temperature-sensor',1,3,1,'/storage/products/2025/03/36563846/main/36563846_gallery_1.jpg,/storage/products/2025/03/36563846/main/36563846_gallery_2.jpg','/storage/products/2025/03/36563846/main/36563846.jpeg',0,'admin',1,0.00,'youtube',NULL,250.00,0,NULL,NULL,0,0,NULL,1,NULL,0.00,'amount',NULL,NULL,NULL,NULL,'flat_rate',NULL,NULL,10,0.00,1,NULL,'2025-03-18 02:13:10','2025-04-18 06:05:41'),(9,'product','Nest Yale X Lock New','19848135','nest-yale-x-lock-2-2',1,6,1,'/storage/products/2025/03/19848135/main/19848135_gallery_1.jpg,/storage/products/2025/03/19848135/main/19848135_gallery_2.jpg,/storage/products/2025/03/19848135/main/19848135_gallery_3.jpg,/storage/products/2025/03/19848135/main/19848135_gallery_4.jpg,/storage/products/2025/03/19848135/main/19848135_gallery_5.jpg,/storage/products/2025/03/19848135/main/19848135_gallery_6.jpg','/storage/products/2025/03/19848135/main/19848135.jpg',0,'admin',1,0.00,'youtube',NULL,1119.00,0,NULL,NULL,0,0,NULL,1,NULL,10.00,'percent',1742256000,1746057540,NULL,NULL,'flat_rate',NULL,NULL,0,0.00,0,NULL,'2025-03-18 02:16:29','2025-03-21 03:13:20'),(18,'product','Test product','22202477','test-product-4',1,6,6,'/storage/products/2025/03/22202477/22202477_gallery_1.jpg','/storage/products/2025/03/22202477/22202477.jpg',0,'admin',1,5.00,'youtube','https://www.youtube.com/',180.00,0,NULL,NULL,0,0,NULL,1,NULL,20.00,'percent',1742428800,1743465540,NULL,NULL,'flat_rate',NULL,NULL,6,0.00,1,1,'2025-03-20 04:08:28','2025-04-18 07:23:14'),(19,'product','Test product 1','22202471','test-product-1',1,6,6,'/storage/products/2025/03/22202471/22202471_gallery_1.jpg','/storage/products/2025/03/22202471/22202471.jpg',0,'admin',1,5.00,'youtube','https://www.youtube.com/',1900.00,0,NULL,NULL,0,0,NULL,1,NULL,20.00,'percent',1742428800,1743465540,NULL,NULL,'flat_rate',NULL,NULL,3,0.00,1,1,'2025-03-20 04:08:33','2025-04-18 07:23:29'),(20,'product','Test product 2','22202472','test-product-2',1,6,6,'/storage/products/2025/03/22202472/22202472_gallery_1.jpg','/storage/products/2025/03/22202472/22202472.jpg',0,'admin',1,5.00,'youtube','https://www.youtube.com/',2800.00,0,NULL,NULL,0,0,NULL,1,NULL,20.00,'percent',1742428800,1743465540,NULL,NULL,'flat_rate',NULL,NULL,1,0.00,0,1,'2025-03-20 04:08:36','2025-03-26 05:56:28'),(21,'product','Test product 3','22202473','test-product-3',1,6,6,'/storage/products/2025/03/22202473/22202473_gallery_1.jpg','/storage/products/2025/03/22202473/22202473.jpg',0,'admin',1,5.00,'youtube','https://www.youtube.com/',3000.00,0,NULL,NULL,0,0,NULL,1,NULL,20.00,'percent',1742428800,1743465540,NULL,NULL,'flat_rate',NULL,NULL,3,0.00,0,1,'2025-03-20 04:08:38','2025-03-29 05:59:18'),(22,'product','Test product 8','145236','test-product-8',1,6,6,'/storage/products/2025/03/145236/main/145236_gallery_1.png','/storage/products/2025/03/145236/main/145236.jpg',0,'admin',1,0.00,'youtube',NULL,1000.00,0,NULL,NULL,0,0,NULL,1,NULL,0.00,'amount',NULL,NULL,NULL,NULL,'flat_rate',NULL,NULL,1,0.00,0,NULL,'2025-03-22 04:06:20','2025-03-28 08:08:30'),(23,'product','New product with large product name for testing responsive issue in frontend product display sections','62282900','new-product-with-large-product-name-for-testing-responsive-issue-in-frontend-product-display-sections',1,2,4,'/storage/products/62282900/main/62282900_gallery_1.jpg,/storage/products/62282900/main/62282900_gallery_2.jpg','/storage/products/62282900/main/62282900.jpg',0,'admin',1,10.00,'youtube',NULL,1255.00,0,NULL,NULL,0,0,NULL,1,NULL,0.00,'amount',NULL,NULL,NULL,NULL,'flat_rate',NULL,NULL,0,0.00,0,NULL,'2025-03-25 08:00:15','2025-03-25 08:00:47'),(24,'product','Test product NEW','222502477','test-product-new',1,6,6,'/storage/products/222502477/222502477_gallery_1.jpg','/storage/products/222502477/222502477.jpg',0,'admin',NULL,5.00,'youtube','https://www.youtube.com/',250.00,0,NULL,NULL,0,0,NULL,1,NULL,20.00,'percent',1742428800,1743465540,NULL,NULL,'flat_rate',NULL,NULL,6,0.00,0,1,'2025-03-25 08:10:16','2025-07-15 14:42:20'),(25,'product','Test product 1','74033715','test-product-1-2',1,1,2,'/storage/products/74033715/main/74033715_gallery_1.png','/storage/products/74033715/main/74033715.png',0,'admin',1,0.00,'youtube',NULL,0.00,0,NULL,NULL,0,0,NULL,1,NULL,0.00,'amount',NULL,NULL,NULL,NULL,'flat_rate',NULL,NULL,0,0.00,0,NULL,'2025-07-19 07:47:58','2025-07-19 07:48:00'),(26,'product','Test product 1','93172596','test-product-1-3',1,1,2,'/storage/products/93172596/main/93172596_gallery_1.png','/storage/products/93172596/main/93172596.png',0,'admin',1,0.00,'youtube',NULL,0.00,0,NULL,NULL,0,0,NULL,1,NULL,0.00,'amount',NULL,NULL,NULL,NULL,'flat_rate',NULL,NULL,0,0.00,0,NULL,'2025-07-19 07:49:50','2025-07-19 07:49:50'),(27,'product','Test product 1','54824012','test-product-1-4',1,1,2,'/storage/products/54824012/main/54824012_gallery_1.png','/storage/products/54824012/main/54824012.png',0,'admin',1,0.00,'youtube',NULL,0.00,0,NULL,NULL,0,0,NULL,1,NULL,0.00,'amount',NULL,NULL,NULL,NULL,'flat_rate',NULL,NULL,0,0.00,0,NULL,'2025-07-19 07:50:13','2025-07-19 07:50:13'),(28,'product','Test product 1','48572708','test-product-1-5',1,1,2,'/storage/products/48572708/main/48572708_gallery_1.png','/storage/products/48572708/main/48572708.png',0,'admin',1,0.00,'youtube',NULL,0.00,0,NULL,NULL,0,0,NULL,1,NULL,0.00,'amount',NULL,NULL,NULL,NULL,'flat_rate',NULL,NULL,0,0.00,0,NULL,'2025-07-19 07:52:43','2025-07-19 07:52:43'),(29,'product','Test product 1','39012579','test-product-1-6',1,1,2,'/storage/products/39012579/main/39012579_gallery_1.png','/storage/products/39012579/main/39012579.png',0,'admin',1,0.00,'youtube',NULL,0.00,0,NULL,NULL,0,0,NULL,1,NULL,0.00,'amount',NULL,NULL,NULL,NULL,'flat_rate',NULL,NULL,0,0.00,0,NULL,'2025-07-19 07:55:01','2025-07-19 07:55:01'),(30,'product','Keyboard','93860797','keyboard',1,6,2,'/storage/products/86396240/main/86396240_gallery_1.png','/storage/products/86396240/main/86396240.png',0,'admin',1,0.00,'youtube',NULL,0.00,0,NULL,NULL,0,0,NULL,1,NULL,0.00,'amount',NULL,NULL,NULL,NULL,'flat_rate',NULL,NULL,0,0.00,0,NULL,'2025-07-19 07:56:41','2025-07-19 08:51:48'),(31,'product','Mouse','46832645','mouse',1,6,2,'/storage/products/81023603/main/81023603_gallery_1.png','/storage/products/81023603/main/81023603.png',0,'admin',1,0.00,'youtube',NULL,0.00,0,NULL,NULL,0,0,NULL,1,NULL,0.00,'amount',NULL,NULL,NULL,NULL,'flat_rate',NULL,NULL,0,0.00,0,NULL,'2025-07-19 09:50:20','2025-07-19 10:29:33'),(32,'product','Test Product 1','17043433','test-product-1-7',1,1,2,'/storage/products/91912813/main/91912813_gallery_1.png','/storage/products/91912813/main/91912813.png',0,'admin',1,0.00,'youtube',NULL,0.00,0,NULL,NULL,0,0,NULL,1,NULL,0.00,'amount',NULL,NULL,NULL,NULL,'flat_rate',NULL,NULL,9,0.00,0,NULL,'2025-07-19 10:31:29','2025-07-21 06:44:05'),(33,'product','Test1','45787272','test1',1,2,NULL,'/storage/products/45787272/main/45787272_gallery_1.png','/storage/products/45787272/main/45787272.png',0,'admin',1,0.00,'youtube',NULL,50.00,0,NULL,NULL,0,0,NULL,1,NULL,0.00,'amount',NULL,NULL,NULL,NULL,'flat_rate',NULL,NULL,0,0.00,0,NULL,'2025-07-22 09:28:01','2025-07-22 09:28:04'),(34,'product','Test1','37497455','test1-2',1,2,NULL,'/storage/products/37497455/main/37497455_gallery_1.png','/storage/products/37497455/main/37497455.png',0,'admin',1,0.00,'youtube',NULL,50.00,0,NULL,NULL,0,0,NULL,1,NULL,0.00,'amount',NULL,NULL,NULL,NULL,'flat_rate',NULL,NULL,0,0.00,0,NULL,'2025-07-22 09:38:14','2025-07-22 09:38:14'),(35,'product','Test1','Test1','test1-3',1,2,NULL,'/storage/products/Test1/main/Test1_gallery_1.png','/storage/products/Test1/main/Test1.png',0,'admin',1,0.00,'youtube',NULL,50.00,0,NULL,NULL,0,0,NULL,1,NULL,0.00,'amount',NULL,NULL,NULL,NULL,'flat_rate',NULL,NULL,0,0.00,0,NULL,'2025-07-22 09:40:01','2025-07-22 09:40:01'),(36,'product','Test1','Test1','test1-4',1,2,NULL,'/storage/products/Test1/main/Test1_gallery_1.png','/storage/products/Test1/main/Test1.png',0,'admin',1,0.00,'youtube',NULL,50.00,0,NULL,NULL,0,0,NULL,1,NULL,0.00,'amount',NULL,NULL,NULL,NULL,'flat_rate',NULL,NULL,0,0.00,0,NULL,'2025-07-22 09:42:10','2025-07-22 09:42:10'),(37,'product','Test product 1','test-sku-new','test-product-1-8',1,1,1,'/storage/products/test-sku-new/main/test-sku-new_gallery_1.png','/storage/products/test-sku-new/main/test-sku-new.png',0,'admin',1,0.00,'youtube',NULL,50.00,0,NULL,NULL,0,0,NULL,1,NULL,0.00,'amount',NULL,NULL,NULL,NULL,'flat_rate',NULL,NULL,0,0.00,0,NULL,'2025-07-22 09:47:07','2025-07-22 09:47:07'),(38,'product','Test Product2','42264493','test-product2',1,1,2,'/storage/products/42264493/main/42264493_gallery_1.png','/storage/products/42264493/main/42264493.png',0,'admin',1,0.00,'youtube',NULL,0.00,0,NULL,NULL,0,0,NULL,1,NULL,0.00,'amount',NULL,NULL,NULL,NULL,'flat_rate',NULL,NULL,0,0.00,0,NULL,'2025-07-22 09:49:09','2025-07-22 09:49:09'),(39,'product','Test Product2','71166579','test-product2-2',1,1,2,'/storage/products/71166579/main/71166579_gallery_1.png','/storage/products/71166579/main/71166579.png',0,'admin',1,0.00,'youtube',NULL,0.00,0,NULL,NULL,0,0,NULL,1,NULL,0.00,'amount',NULL,NULL,NULL,NULL,'flat_rate',NULL,NULL,0,0.00,0,NULL,'2025-07-22 09:53:16','2025-07-22 09:53:16'),(40,'product','Test Product2','82187601','test-product2-3',1,1,2,'/storage/products/98994715/main/98994715_gallery_1.png','/storage/products/98994715/main/98994715.png',0,'admin',1,0.00,'youtube',NULL,0.00,0,NULL,NULL,0,0,NULL,1,NULL,0.00,'amount',NULL,NULL,NULL,NULL,'flat_rate',NULL,NULL,0,0.00,0,NULL,'2025-07-22 09:54:52','2025-07-22 10:07:26');
/*!40000 ALTER TABLE `products` ENABLE KEYS */;
UNLOCK TABLES;

--
-- Table structure for table `project_translations`
--

DROP TABLE IF EXISTS `project_translations`;
/*!40101 SET @saved_cs_client     = @@character_set_client */;
/*!50503 SET character_set_client = utf8mb4 */;
CREATE TABLE `project_translations` (
  `id` bigint unsigned NOT NULL AUTO_INCREMENT,
  `project_id` bigint unsigned NOT NULL,
  `name` varchar(255) COLLATE utf8mb4_unicode_ci NOT NULL,
  `description` text COLLATE utf8mb4_unicode_ci,
  `lang` varchar(10) COLLATE utf8mb4_unicode_ci NOT NULL,
  `meta_title` varchar(255) COLLATE utf8mb4_unicode_ci DEFAULT NULL,
  `meta_description` text COLLATE utf8mb4_unicode_ci,
  `meta_keywords` text COLLATE utf8mb4_unicode_ci,
  `og_title` varchar(255) COLLATE utf8mb4_unicode_ci DEFAULT NULL,
  `og_description` text COLLATE utf8mb4_unicode_ci,
  `twitter_title` varchar(255) COLLATE utf8mb4_unicode_ci DEFAULT NULL,
  `twitter_description` text COLLATE utf8mb4_unicode_ci,
  `created_at` timestamp NULL DEFAULT NULL,
  `updated_at` timestamp NULL DEFAULT NULL,
  PRIMARY KEY (`id`),
  UNIQUE KEY `project_lang_unique` (`project_id`,`lang`),
  CONSTRAINT `project_translations_ibfk_1` FOREIGN KEY (`project_id`) REFERENCES `projects` (`id`) ON DELETE CASCADE
) ENGINE=InnoDB AUTO_INCREMENT=3 DEFAULT CHARSET=utf8mb4 COLLATE=utf8mb4_unicode_ci;
/*!40101 SET character_set_client = @saved_cs_client */;

--
-- Dumping data for table `project_translations`
--

LOCK TABLES `project_translations` WRITE;
/*!40000 ALTER TABLE `project_translations` DISABLE KEYS */;
INSERT INTO `project_translations` VALUES (1,1,'Test Project','<p>Test Project</p>','en',NULL,NULL,NULL,NULL,NULL,NULL,NULL,'2025-07-22 09:13:12','2025-07-22 09:13:12'),(2,2,'Test project','<p>Test project</p>','en',NULL,NULL,NULL,NULL,NULL,NULL,NULL,'2025-07-22 11:21:33','2025-07-22 11:21:33');
/*!40000 ALTER TABLE `project_translations` ENABLE KEYS */;
UNLOCK TABLES;

--
-- Table structure for table `projects`
--

DROP TABLE IF EXISTS `projects`;
/*!40101 SET @saved_cs_client     = @@character_set_client */;
/*!50503 SET character_set_client = utf8mb4 */;
CREATE TABLE `projects` (
  `id` bigint unsigned NOT NULL AUTO_INCREMENT,
  `name` varchar(255) COLLATE utf8mb4_unicode_ci NOT NULL,
  `subtitle` varchar(255) COLLATE utf8mb4_unicode_ci DEFAULT NULL,
  `sort_order` int DEFAULT NULL,
  `slug` varchar(255) COLLATE utf8mb4_unicode_ci NOT NULL,
  `image` varchar(255) COLLATE utf8mb4_unicode_ci DEFAULT NULL,
  `photos` text COLLATE utf8mb4_unicode_ci,
  `status` tinyint(1) DEFAULT '1',
  `completion_status` varchar(255) COLLATE utf8mb4_unicode_ci DEFAULT NULL,
  `parent_id` bigint unsigned DEFAULT NULL,
  `created_at` timestamp NULL DEFAULT NULL,
  `updated_at` timestamp NULL DEFAULT NULL,
  `highlights` text COLLATE utf8mb4_unicode_ci,
  `tags` text COLLATE utf8mb4_unicode_ci,
  PRIMARY KEY (`id`),
  UNIQUE KEY `slug` (`slug`),
  KEY `parent_id` (`parent_id`),
  CONSTRAINT `projects_ibfk_1` FOREIGN KEY (`parent_id`) REFERENCES `projects` (`id`) ON DELETE SET NULL
) ENGINE=InnoDB AUTO_INCREMENT=3 DEFAULT CHARSET=utf8mb4 COLLATE=utf8mb4_unicode_ci;
/*!40101 SET character_set_client = @saved_cs_client */;

--
-- Dumping data for table `projects`
--

LOCK TABLES `projects` WRITE;
/*!40000 ALTER TABLE `projects` DISABLE KEYS */;
INSERT INTO `projects` VALUES (1,'Test Project',NULL,0,'test-project',NULL,NULL,1,NULL,NULL,'2025-07-22 09:13:12','2025-07-22 16:08:45',NULL,NULL),(2,'Test project','projectprojectproject',0,'test-project-2',NULL,'/storage/projects/test-project-2/test-project-2_gallery_1.png',1,'1',NULL,'2025-07-22 11:21:33','2025-07-22 16:08:45','[{\"title\":\"TestTest project\",\"subtitle\":\"Test project\"},{\"title\":\"Test projectTest project\",\"subtitle\":\"Test projectTest project\"},{\"title\":null,\"subtitle\":null}]','test');
/*!40000 ALTER TABLE `projects` ENABLE KEYS */;
UNLOCK TABLES;

--
-- Table structure for table `recently_viewed_products`
--

DROP TABLE IF EXISTS `recently_viewed_products`;
/*!40101 SET @saved_cs_client     = @@character_set_client */;
/*!50503 SET character_set_client = utf8mb4 */;
CREATE TABLE `recently_viewed_products` (
  `id` int NOT NULL AUTO_INCREMENT,
  `user_id` int unsigned DEFAULT NULL,
  `guest_token` varchar(255) DEFAULT NULL,
  `product_id` int NOT NULL,
  `created_at` timestamp NOT NULL DEFAULT CURRENT_TIMESTAMP,
  `updated_at` timestamp NOT NULL DEFAULT CURRENT_TIMESTAMP ON UPDATE CURRENT_TIMESTAMP,
  PRIMARY KEY (`id`),
  KEY `product_id` (`product_id`),
  KEY `user_id` (`user_id`),
  CONSTRAINT `recently_viewed_products_ibfk_1` FOREIGN KEY (`product_id`) REFERENCES `products` (`id`) ON DELETE CASCADE,
  CONSTRAINT `recently_viewed_products_ibfk_2` FOREIGN KEY (`user_id`) REFERENCES `users` (`id`) ON DELETE CASCADE
) ENGINE=InnoDB AUTO_INCREMENT=25 DEFAULT CHARSET=utf8mb4 COLLATE=utf8mb4_0900_ai_ci;
/*!40101 SET character_set_client = @saved_cs_client */;

--
-- Dumping data for table `recently_viewed_products`
--

LOCK TABLES `recently_viewed_products` WRITE;
/*!40000 ALTER TABLE `recently_viewed_products` DISABLE KEYS */;
INSERT INTO `recently_viewed_products` VALUES (1,1,NULL,1,'2025-03-18 07:29:43','2025-04-16 04:25:39'),(2,1,NULL,7,'2025-03-20 08:01:01','2025-03-20 08:01:40'),(3,1,NULL,8,'2025-03-20 08:01:58','2025-03-20 08:01:58'),(4,1,NULL,19,'2025-03-20 08:02:17','2025-07-14 11:56:05'),(5,1,NULL,20,'2025-03-20 08:02:26','2025-03-20 08:02:26'),(6,1,NULL,2,'2025-03-20 08:02:30','2025-07-15 05:24:35'),(7,1,NULL,9,'2025-03-21 03:13:38','2025-03-21 04:09:47'),(8,68,NULL,7,'2025-03-22 03:32:24','2025-04-18 06:05:45'),(9,68,NULL,6,'2025-03-22 03:39:52','2025-04-18 06:47:59'),(10,68,NULL,9,'2025-03-22 04:07:38','2025-04-18 06:48:09'),(11,68,NULL,22,'2025-03-22 04:43:14','2025-04-18 06:49:08'),(12,68,NULL,1,'2025-03-22 05:51:48','2025-04-18 06:47:49'),(13,68,NULL,2,'2025-03-22 05:53:14','2025-04-18 06:47:42'),(14,68,NULL,19,'2025-03-22 06:10:04','2025-03-22 06:26:03'),(15,68,NULL,21,'2025-03-24 05:51:04','2025-03-24 06:14:31'),(16,68,NULL,8,'2025-04-01 10:27:51','2025-04-17 10:51:10'),(17,1,NULL,6,'2025-04-02 02:01:35','2025-04-16 07:20:02'),(18,NULL,'e9a7955e-82fe-4959-82c6-9f258d256afa',20,'2025-04-16 04:43:14','2025-04-16 04:43:13'),(19,1,NULL,24,'2025-04-16 08:08:00','2025-04-16 08:08:36'),(20,71,NULL,6,'2025-04-16 10:26:14','2025-04-16 10:26:14'),(21,65,NULL,2,'2025-04-17 04:13:35','2025-04-17 04:28:29'),(22,68,NULL,24,'2025-04-17 10:51:14','2025-04-17 10:51:14'),(23,NULL,'62f8789a-42f7-42e9-ac9e-7a2bb870219c',2,'2025-04-18 12:31:11','2025-04-18 12:38:09'),(24,NULL,'eyJpdiI6IklVUTJBa2ovYU9PYlVoMFY5cjZSaEE9PSIsInZhbHVlIjoiN3BxTFNYWElBQ213Tm05LzZkQWJ0TlBlZ0s2b1V2Qi9zMTF1WGM0bWJKN3BmVXZFM2d0SkVGcVd5dVBzRngzQ3FSWm5Vam0rLzdxQWtnR0FGa1BVckhLSGRyTDMvbG9vMnlsQ1R0c3laM0E9IiwibWFjIjoiMWQ3OGFiMzE4ZjJlNTE3Y2ZkOTRlOGQ0ZTE5MTcyZmQ',7,'2025-07-15 07:19:58','2025-07-15 07:19:58');
/*!40000 ALTER TABLE `recently_viewed_products` ENABLE KEYS */;
UNLOCK TABLES;

--
-- Table structure for table `reviews`
--

DROP TABLE IF EXISTS `reviews`;
/*!40101 SET @saved_cs_client     = @@character_set_client */;
/*!50503 SET character_set_client = utf8mb4 */;
CREATE TABLE `reviews` (
  `id` int NOT NULL AUTO_INCREMENT,
  `product_id` int NOT NULL,
  `user_id` int NOT NULL,
  `rating` int NOT NULL DEFAULT '0',
  `comment` mediumtext CHARACTER SET utf8mb3 COLLATE utf8mb3_unicode_ci NOT NULL,
  `status` int NOT NULL DEFAULT '1',
  `viewed` int NOT NULL DEFAULT '0',
  `created_at` timestamp NOT NULL DEFAULT CURRENT_TIMESTAMP,
  `updated_at` timestamp NOT NULL DEFAULT CURRENT_TIMESTAMP,
  PRIMARY KEY (`id`)
) ENGINE=InnoDB DEFAULT CHARSET=utf8mb3 COLLATE=utf8mb3_unicode_ci;
/*!40101 SET character_set_client = @saved_cs_client */;

--
-- Dumping data for table `reviews`
--

LOCK TABLES `reviews` WRITE;
/*!40000 ALTER TABLE `reviews` DISABLE KEYS */;
/*!40000 ALTER TABLE `reviews` ENABLE KEYS */;
UNLOCK TABLES;

--
-- Table structure for table `role_has_permissions`
--

DROP TABLE IF EXISTS `role_has_permissions`;
/*!40101 SET @saved_cs_client     = @@character_set_client */;
/*!50503 SET character_set_client = utf8mb4 */;
CREATE TABLE `role_has_permissions` (
  `permission_id` bigint unsigned NOT NULL,
  `role_id` bigint unsigned NOT NULL,
  PRIMARY KEY (`permission_id`,`role_id`),
  KEY `role_has_permissions_role_id_foreign` (`role_id`),
  CONSTRAINT `role_has_permissions_permission_id_foreign` FOREIGN KEY (`permission_id`) REFERENCES `permissions` (`id`) ON DELETE CASCADE,
  CONSTRAINT `role_has_permissions_role_id_foreign` FOREIGN KEY (`role_id`) REFERENCES `roles` (`id`) ON DELETE CASCADE
) ENGINE=InnoDB DEFAULT CHARSET=utf8mb4 COLLATE=utf8mb4_unicode_ci ROW_FORMAT=DYNAMIC;
/*!40101 SET character_set_client = @saved_cs_client */;

--
-- Dumping data for table `role_has_permissions`
--

LOCK TABLES `role_has_permissions` WRITE;
/*!40000 ALTER TABLE `role_has_permissions` DISABLE KEYS */;
INSERT INTO `role_has_permissions` VALUES (3,1),(4,1),(5,1),(6,1),(9,1),(10,1),(11,1),(12,1),(13,1),(14,1),(15,1),(17,1),(18,1),(22,1),(23,1),(24,1),(25,1),(26,1),(27,1),(28,1),(9,2),(10,2),(11,2),(12,2),(13,2),(14,2),(15,2),(17,2),(18,2),(3,9),(11,9),(12,9),(12,10),(17,10),(3,14),(10,14),(11,14),(18,14);
/*!40000 ALTER TABLE `role_has_permissions` ENABLE KEYS */;
UNLOCK TABLES;

--
-- Table structure for table `role_translations`
--

DROP TABLE IF EXISTS `role_translations`;
/*!40101 SET @saved_cs_client     = @@character_set_client */;
/*!50503 SET character_set_client = utf8mb4 */;
CREATE TABLE `role_translations` (
  `id` bigint NOT NULL AUTO_INCREMENT,
  `role_id` bigint NOT NULL,
  `name` varchar(50) CHARACTER SET utf8mb3 COLLATE utf8mb3_unicode_ci NOT NULL,
  `lang` varchar(100) CHARACTER SET utf8mb3 COLLATE utf8mb3_unicode_ci NOT NULL,
  `created_at` timestamp NOT NULL DEFAULT CURRENT_TIMESTAMP,
  `updated_at` timestamp NOT NULL DEFAULT CURRENT_TIMESTAMP,
  PRIMARY KEY (`id`)
) ENGINE=InnoDB AUTO_INCREMENT=2 DEFAULT CHARSET=utf8mb3 COLLATE=utf8mb3_unicode_ci;
/*!40101 SET character_set_client = @saved_cs_client */;

--
-- Dumping data for table `role_translations`
--

LOCK TABLES `role_translations` WRITE;
/*!40000 ALTER TABLE `role_translations` DISABLE KEYS */;
INSERT INTO `role_translations` VALUES (1,3,'Shop Manger','en','2023-05-01 18:16:07','2023-05-01 18:16:07');
/*!40000 ALTER TABLE `role_translations` ENABLE KEYS */;
UNLOCK TABLES;

--
-- Table structure for table `roles`
--

DROP TABLE IF EXISTS `roles`;
/*!40101 SET @saved_cs_client     = @@character_set_client */;
/*!50503 SET character_set_client = utf8mb4 */;
CREATE TABLE `roles` (
  `id` bigint unsigned NOT NULL AUTO_INCREMENT,
  `name` varchar(191) CHARACTER SET utf8mb4 COLLATE utf8mb4_unicode_ci NOT NULL,
  `guard_name` varchar(191) CHARACTER SET utf8mb4 COLLATE utf8mb4_unicode_ci NOT NULL,
  `is_active` tinyint(1) DEFAULT '1',
  `created_at` timestamp NULL DEFAULT NULL,
  `updated_at` timestamp NULL DEFAULT NULL,
  PRIMARY KEY (`id`),
  UNIQUE KEY `roles_name_guard_name_unique` (`name`,`guard_name`)
) ENGINE=InnoDB AUTO_INCREMENT=16 DEFAULT CHARSET=utf8mb4 COLLATE=utf8mb4_unicode_ci ROW_FORMAT=DYNAMIC;
/*!40101 SET character_set_client = @saved_cs_client */;

--
-- Dumping data for table `roles`
--

LOCK TABLES `roles` WRITE;
/*!40000 ALTER TABLE `roles` DISABLE KEYS */;
INSERT INTO `roles` VALUES (1,'Super Admin','web',1,NULL,NULL),(2,'Admin','web',1,NULL,NULL),(9,'Manager','web',1,'2024-02-26 14:31:25','2024-02-26 14:31:25'),(10,'Content Writer','web',1,'2024-02-26 14:32:15','2024-02-26 14:32:15'),(14,'Testing Role','web',1,'2024-10-14 10:09:33','2024-10-16 13:25:06');
/*!40000 ALTER TABLE `roles` ENABLE KEYS */;
UNLOCK TABLES;

--
-- Table structure for table `searches`
--

DROP TABLE IF EXISTS `searches`;
/*!40101 SET @saved_cs_client     = @@character_set_client */;
/*!50503 SET character_set_client = utf8mb4 */;
CREATE TABLE `searches` (
  `id` int NOT NULL AUTO_INCREMENT,
  `user_id` bigint DEFAULT NULL,
  `temp_user_id` varchar(191) CHARACTER SET utf8mb3 COLLATE utf8mb3_unicode_ci DEFAULT NULL,
  `query` varchar(1000) CHARACTER SET utf8mb3 COLLATE utf8mb3_unicode_ci NOT NULL,
  `ip_address` varchar(191) CHARACTER SET utf8mb3 COLLATE utf8mb3_unicode_ci DEFAULT NULL,
  `created_at` timestamp NOT NULL DEFAULT CURRENT_TIMESTAMP,
  `updated_at` timestamp NOT NULL DEFAULT CURRENT_TIMESTAMP,
  PRIMARY KEY (`id`)
) ENGINE=InnoDB DEFAULT CHARSET=utf8mb3 COLLATE=utf8mb3_unicode_ci;
/*!40101 SET character_set_client = @saved_cs_client */;

--
-- Dumping data for table `searches`
--

LOCK TABLES `searches` WRITE;
/*!40000 ALTER TABLE `searches` DISABLE KEYS */;
/*!40000 ALTER TABLE `searches` ENABLE KEYS */;
UNLOCK TABLES;

--
-- Table structure for table `service_translations`
--

DROP TABLE IF EXISTS `service_translations`;
/*!40101 SET @saved_cs_client     = @@character_set_client */;
/*!50503 SET character_set_client = utf8mb4 */;
CREATE TABLE `service_translations` (
  `id` int NOT NULL AUTO_INCREMENT,
  `service_id` int DEFAULT NULL,
  `name` varchar(255) CHARACTER SET utf8mb4 COLLATE utf8mb4_unicode_ci DEFAULT NULL,
  `short_description` text CHARACTER SET utf8mb4 COLLATE utf8mb4_unicode_ci,
  `description` text CHARACTER SET utf8mb4 COLLATE utf8mb4_unicode_ci,
  `features` text COLLATE utf8mb4_unicode_ci,
  `lang` varchar(5) CHARACTER SET utf8mb4 COLLATE utf8mb4_unicode_ci NOT NULL DEFAULT 'en',
  `meta_title` varchar(255) CHARACTER SET utf8mb4 COLLATE utf8mb4_unicode_ci DEFAULT NULL,
  `meta_description` text CHARACTER SET utf8mb4 COLLATE utf8mb4_unicode_ci,
  `meta_keywords` text CHARACTER SET utf8mb4 COLLATE utf8mb4_unicode_ci,
  `og_title` varchar(255) CHARACTER SET utf8mb4 COLLATE utf8mb4_unicode_ci DEFAULT NULL,
  `og_description` text CHARACTER SET utf8mb4 COLLATE utf8mb4_unicode_ci,
  `twitter_title` varchar(255) CHARACTER SET utf8mb4 COLLATE utf8mb4_unicode_ci DEFAULT NULL,
  `twitter_description` text CHARACTER SET utf8mb4 COLLATE utf8mb4_unicode_ci,
  `created_at` timestamp NOT NULL DEFAULT CURRENT_TIMESTAMP,
  `updated_at` timestamp NOT NULL DEFAULT CURRENT_TIMESTAMP ON UPDATE CURRENT_TIMESTAMP,
  `feature_title_1` varchar(255) COLLATE utf8mb4_unicode_ci DEFAULT NULL,
  `feature_content_1` text COLLATE utf8mb4_unicode_ci,
  `feature_title_2` varchar(255) COLLATE utf8mb4_unicode_ci DEFAULT NULL,
  `feature_content_2` text COLLATE utf8mb4_unicode_ci,
  `feature_title_3` varchar(255) COLLATE utf8mb4_unicode_ci DEFAULT NULL,
  `feature_content_3` text COLLATE utf8mb4_unicode_ci,
  `feature_title_4` varchar(255) COLLATE utf8mb4_unicode_ci DEFAULT NULL,
  `feature_content_4` text COLLATE utf8mb4_unicode_ci,
  `feature_title_5` varchar(255) COLLATE utf8mb4_unicode_ci DEFAULT NULL,
  `feature_content_5` text COLLATE utf8mb4_unicode_ci,
  `feature_title_6` varchar(255) COLLATE utf8mb4_unicode_ci DEFAULT NULL,
  `feature_content_6` text COLLATE utf8mb4_unicode_ci,
  PRIMARY KEY (`id`),
  KEY `service_id` (`service_id`),
  CONSTRAINT `service_translations_ibfk_1` FOREIGN KEY (`service_id`) REFERENCES `services` (`id`) ON DELETE CASCADE
) ENGINE=InnoDB AUTO_INCREMENT=24 DEFAULT CHARSET=utf8mb4 COLLATE=utf8mb4_unicode_ci;
/*!40101 SET character_set_client = @saved_cs_client */;

--
-- Dumping data for table `service_translations`
--

LOCK TABLES `service_translations` WRITE;
/*!40000 ALTER TABLE `service_translations` DISABLE KEYS */;
INSERT INTO `service_translations` VALUES (19,19,'test service',NULL,'<p>ADasdasd</p>',NULL,'en',NULL,NULL,NULL,NULL,NULL,NULL,NULL,'2025-05-03 12:21:28','2025-05-03 12:21:28',NULL,NULL,NULL,NULL,NULL,NULL,NULL,NULL,NULL,NULL,NULL,NULL),(20,20,'New Service','Test','<p>Test</p>',NULL,'en',NULL,NULL,NULL,NULL,NULL,NULL,NULL,'2025-05-03 12:25:53','2025-07-17 11:09:17',NULL,NULL,NULL,NULL,NULL,NULL,NULL,NULL,NULL,NULL,NULL,NULL),(21,21,'Test',NULL,NULL,NULL,'en',NULL,NULL,NULL,NULL,NULL,NULL,NULL,'2025-07-17 12:54:34','2025-07-22 05:46:41','Learn More','Learn More','Learn More1','Learn More12',NULL,NULL,NULL,NULL,NULL,NULL,NULL,NULL),(22,22,'Learn More',NULL,NULL,NULL,'en',NULL,NULL,NULL,NULL,NULL,NULL,NULL,'2025-07-22 05:50:00','2025-07-22 05:50:00','Learn More','Learn MoreLearn More','Learn MoreLearn MoreLearn More','Learn MoreLearn MoreLearn MoreLearn More',NULL,NULL,NULL,NULL,NULL,NULL,NULL,NULL),(23,23,'mohammed',NULL,NULL,NULL,'en',NULL,NULL,NULL,NULL,NULL,NULL,NULL,'2025-07-22 10:21:23','2025-07-22 10:21:23',NULL,NULL,NULL,NULL,NULL,NULL,NULL,NULL,NULL,NULL,NULL,NULL);
/*!40000 ALTER TABLE `service_translations` ENABLE KEYS */;
UNLOCK TABLES;

--
-- Table structure for table `services`
--

DROP TABLE IF EXISTS `services`;
/*!40101 SET @saved_cs_client     = @@character_set_client */;
/*!50503 SET character_set_client = utf8mb4 */;
CREATE TABLE `services` (
  `id` int NOT NULL AUTO_INCREMENT,
  `parent_id` bigint unsigned DEFAULT NULL,
  `name` varchar(255) CHARACTER SET utf8mb4 COLLATE utf8mb4_unicode_ci DEFAULT NULL,
  `slug` varchar(255) CHARACTER SET utf8mb4 COLLATE utf8mb4_unicode_ci DEFAULT NULL,
  `price` double(20,2) NOT NULL DEFAULT '0.00',
  `image` varchar(255) CHARACTER SET utf8mb4 COLLATE utf8mb4_unicode_ci DEFAULT NULL,
  `custom_fields` json DEFAULT NULL,
  `icon` varchar(255) COLLATE utf8mb4_unicode_ci DEFAULT NULL,
  `sort_order` int NOT NULL DEFAULT '0',
  `status` tinyint(1) NOT NULL DEFAULT '1',
  `created_at` timestamp NOT NULL DEFAULT CURRENT_TIMESTAMP,
  `updated_at` timestamp NOT NULL DEFAULT CURRENT_TIMESTAMP ON UPDATE CURRENT_TIMESTAMP,
  `title1` varchar(255) COLLATE utf8mb4_unicode_ci DEFAULT NULL,
  `content1` text COLLATE utf8mb4_unicode_ci,
  `title2` varchar(255) COLLATE utf8mb4_unicode_ci DEFAULT NULL,
  `content2` text COLLATE utf8mb4_unicode_ci,
  `title3` varchar(255) COLLATE utf8mb4_unicode_ci DEFAULT NULL,
  `content3` text COLLATE utf8mb4_unicode_ci,
  `title4` varchar(255) COLLATE utf8mb4_unicode_ci DEFAULT NULL,
  `content4` text COLLATE utf8mb4_unicode_ci,
  `title5` varchar(255) COLLATE utf8mb4_unicode_ci DEFAULT NULL,
  `content5` text COLLATE utf8mb4_unicode_ci,
  `title6` varchar(255) COLLATE utf8mb4_unicode_ci DEFAULT NULL,
  `content6` text COLLATE utf8mb4_unicode_ci,
  PRIMARY KEY (`id`)
) ENGINE=InnoDB AUTO_INCREMENT=24 DEFAULT CHARSET=utf8mb4 COLLATE=utf8mb4_unicode_ci;
/*!40101 SET character_set_client = @saved_cs_client */;

--
-- Dumping data for table `services`
--

LOCK TABLES `services` WRITE;
/*!40000 ALTER TABLE `services` DISABLE KEYS */;
INSERT INTO `services` VALUES (19,NULL,'test service','test-service',526.00,'31',NULL,NULL,2,1,'2025-05-03 12:21:28','2025-05-03 12:29:50',NULL,NULL,NULL,NULL,NULL,NULL,NULL,NULL,NULL,NULL,NULL,NULL),(20,NULL,'New Service','new-service',0.00,'42','[{\"title\": \"Network Architecture & Optimization\", \"content\": \"High-speed, secure, and scalable network solutions tailored to your business needs.\"}]','37',1,1,'2025-05-03 12:25:53','2025-07-17 13:17:16',NULL,NULL,NULL,NULL,NULL,NULL,NULL,NULL,NULL,NULL,NULL,NULL),(21,19,'Test','testtest',0.00,NULL,'null',NULL,0,0,'2025-07-17 12:54:34','2025-07-22 14:50:16',NULL,NULL,NULL,NULL,NULL,NULL,NULL,NULL,NULL,NULL,NULL,NULL),(22,NULL,'Learn More','learlearn-moren-more',0.00,NULL,'null',NULL,0,1,'2025-07-22 05:50:00','2025-07-22 06:03:47',NULL,NULL,NULL,NULL,NULL,NULL,NULL,NULL,NULL,NULL,NULL,NULL),(23,NULL,'mohammed','mohammed',0.00,NULL,'[{\"image\": \"38\", \"tab_heading\": \"Test1\", \"tab_description\": \"<p>Test1Test1Test1</p>\"}]',NULL,0,0,'2025-07-22 10:21:23','2025-07-22 10:48:43',NULL,NULL,NULL,NULL,NULL,NULL,NULL,NULL,NULL,NULL,NULL,NULL);
/*!40000 ALTER TABLE `services` ENABLE KEYS */;
UNLOCK TABLES;

--
-- Table structure for table `shop_user`
--

DROP TABLE IF EXISTS `shop_user`;
/*!40101 SET @saved_cs_client     = @@character_set_client */;
/*!50503 SET character_set_client = utf8mb4 */;
CREATE TABLE `shop_user` (
  `shop_id` bigint unsigned NOT NULL,
  `user_id` bigint unsigned NOT NULL,
  `created_at` timestamp NULL DEFAULT NULL,
  `updated_at` timestamp NULL DEFAULT NULL,
  PRIMARY KEY (`shop_id`,`user_id`),
  KEY `shop_user_shop_id_index` (`shop_id`),
  KEY `shop_user_user_id_index` (`user_id`)
) ENGINE=MyISAM DEFAULT CHARSET=utf8mb4 COLLATE=utf8mb4_unicode_ci;
/*!40101 SET character_set_client = @saved_cs_client */;

--
-- Dumping data for table `shop_user`
--

LOCK TABLES `shop_user` WRITE;
/*!40000 ALTER TABLE `shop_user` DISABLE KEYS */;
/*!40000 ALTER TABLE `shop_user` ENABLE KEYS */;
UNLOCK TABLES;

--
-- Table structure for table `shop_users`
--

DROP TABLE IF EXISTS `shop_users`;
/*!40101 SET @saved_cs_client     = @@character_set_client */;
/*!50503 SET character_set_client = utf8mb4 */;
CREATE TABLE `shop_users` (
  `id` bigint unsigned NOT NULL AUTO_INCREMENT,
  `shop_id` int NOT NULL,
  `user_id` int NOT NULL,
  `created_at` timestamp NULL DEFAULT NULL,
  `updated_at` timestamp NULL DEFAULT NULL,
  PRIMARY KEY (`id`),
  KEY `shop_users_shop_id_foreign` (`shop_id`),
  KEY `shop_users_user_id_foreign` (`user_id`)
) ENGINE=MyISAM DEFAULT CHARSET=utf8mb4 COLLATE=utf8mb4_unicode_ci;
/*!40101 SET character_set_client = @saved_cs_client */;

--
-- Dumping data for table `shop_users`
--

LOCK TABLES `shop_users` WRITE;
/*!40000 ALTER TABLE `shop_users` DISABLE KEYS */;
/*!40000 ALTER TABLE `shop_users` ENABLE KEYS */;
UNLOCK TABLES;

--
-- Table structure for table `shops`
--

DROP TABLE IF EXISTS `shops`;
/*!40101 SET @saved_cs_client     = @@character_set_client */;
/*!50503 SET character_set_client = utf8mb4 */;
CREATE TABLE `shops` (
  `id` bigint unsigned NOT NULL AUTO_INCREMENT,
  `name` varchar(191) CHARACTER SET utf8mb4 COLLATE utf8mb4_unicode_ci DEFAULT NULL,
  `name_ar` varchar(191) CHARACTER SET utf8mb4 COLLATE utf8mb4_unicode_ci NOT NULL,
  `phone` varchar(255) CHARACTER SET utf8mb4 COLLATE utf8mb4_unicode_ci DEFAULT NULL,
  `email` varchar(191) CHARACTER SET utf8mb4 COLLATE utf8mb4_unicode_ci NOT NULL,
  `address` varchar(500) CHARACTER SET utf8mb4 COLLATE utf8mb4_unicode_ci DEFAULT NULL,
  `address_ar` varchar(191) CHARACTER SET utf8mb4 COLLATE utf8mb4_unicode_ci NOT NULL,
  `delivery_pickup_latitude` decimal(8,6) DEFAULT NULL,
  `delivery_pickup_longitude` decimal(9,6) DEFAULT NULL,
  `status` tinyint(1) NOT NULL DEFAULT '1',
  `created_at` timestamp NULL DEFAULT NULL,
  `updated_at` timestamp NULL DEFAULT NULL,
  PRIMARY KEY (`id`)
) ENGINE=MyISAM DEFAULT CHARSET=utf8mb4 COLLATE=utf8mb4_unicode_ci;
/*!40101 SET character_set_client = @saved_cs_client */;

--
-- Dumping data for table `shops`
--

LOCK TABLES `shops` WRITE;
/*!40000 ALTER TABLE `shops` DISABLE KEYS */;
/*!40000 ALTER TABLE `shops` ENABLE KEYS */;
UNLOCK TABLES;

--
-- Table structure for table `staff`
--

DROP TABLE IF EXISTS `staff`;
/*!40101 SET @saved_cs_client     = @@character_set_client */;
/*!50503 SET character_set_client = utf8mb4 */;
CREATE TABLE `staff` (
  `id` int NOT NULL AUTO_INCREMENT,
  `user_id` int NOT NULL,
  `role_id` int NOT NULL,
  `created_at` timestamp NOT NULL DEFAULT CURRENT_TIMESTAMP,
  `updated_at` timestamp NOT NULL DEFAULT CURRENT_TIMESTAMP,
  PRIMARY KEY (`id`)
) ENGINE=InnoDB DEFAULT CHARSET=utf8mb3 COLLATE=utf8mb3_unicode_ci;
/*!40101 SET character_set_client = @saved_cs_client */;

--
-- Dumping data for table `staff`
--

LOCK TABLES `staff` WRITE;
/*!40000 ALTER TABLE `staff` DISABLE KEYS */;
/*!40000 ALTER TABLE `staff` ENABLE KEYS */;
UNLOCK TABLES;

--
-- Table structure for table `subscribers`
--

DROP TABLE IF EXISTS `subscribers`;
/*!40101 SET @saved_cs_client     = @@character_set_client */;
/*!50503 SET character_set_client = utf8mb4 */;
CREATE TABLE `subscribers` (
  `id` int NOT NULL AUTO_INCREMENT,
  `email` varchar(50) CHARACTER SET utf8mb3 COLLATE utf8mb3_unicode_ci NOT NULL,
  `created_at` timestamp NULL DEFAULT CURRENT_TIMESTAMP,
  `updated_at` timestamp NOT NULL DEFAULT CURRENT_TIMESTAMP,
  PRIMARY KEY (`id`),
  UNIQUE KEY `email` (`email`)
) ENGINE=InnoDB AUTO_INCREMENT=10 DEFAULT CHARSET=utf8mb3 COLLATE=utf8mb3_unicode_ci;
/*!40101 SET character_set_client = @saved_cs_client */;

--
-- Dumping data for table `subscribers`
--

LOCK TABLES `subscribers` WRITE;
/*!40000 ALTER TABLE `subscribers` DISABLE KEYS */;
INSERT INTO `subscribers` VALUES (7,'mohammed@gmail.com','2025-07-18 08:34:09','2025-07-18 08:34:09'),(8,'mohammed123@gmail.com','2025-07-18 08:40:03','2025-07-18 08:40:03'),(9,'mohammed1234@gmail.com','2025-07-18 08:40:27','2025-07-18 08:40:27');
/*!40000 ALTER TABLE `subscribers` ENABLE KEYS */;
UNLOCK TABLES;

--
-- Table structure for table `testimonials`
--

DROP TABLE IF EXISTS `testimonials`;
/*!40101 SET @saved_cs_client     = @@character_set_client */;
/*!50503 SET character_set_client = utf8mb4 */;
CREATE TABLE `testimonials` (
  `id` int NOT NULL AUTO_INCREMENT,
  `name` varchar(255) CHARACTER SET utf8mb4 COLLATE utf8mb4_unicode_ci DEFAULT NULL,
  `title` varchar(255) CHARACTER SET utf8mb4 COLLATE utf8mb4_unicode_ci DEFAULT NULL,
  `comment` text CHARACTER SET utf8mb4 COLLATE utf8mb4_unicode_ci,
  `status` tinyint(1) DEFAULT '1',
  `sort_order` int DEFAULT NULL,
  `created_at` timestamp NOT NULL DEFAULT CURRENT_TIMESTAMP,
  `updated_at` timestamp NOT NULL DEFAULT CURRENT_TIMESTAMP ON UPDATE CURRENT_TIMESTAMP,
  PRIMARY KEY (`id`)
) ENGINE=InnoDB AUTO_INCREMENT=5 DEFAULT CHARSET=utf8mb4 COLLATE=utf8mb4_unicode_ci;
/*!40101 SET character_set_client = @saved_cs_client */;

--
-- Dumping data for table `testimonials`
--

LOCK TABLES `testimonials` WRITE;
/*!40000 ALTER TABLE `testimonials` DISABLE KEYS */;
INSERT INTO `testimonials` VALUES (1,'Sarah L.','A Game-Changer for My Home!','I never realized how much convenience smart home technology could bring until I installed their solutions...',1,1,'2025-02-22 08:53:07','2025-03-17 07:03:20'),(2,'James R.','Professional Installation & Support!','The installation team was prompt and extremely professional. They made sure my smart security system was set up perfectly...',1,3,'2025-02-22 09:00:35','2025-03-17 07:02:51'),(3,'Sarah John','Professional service!','The team was punctual, thorough, and very professional. Will definitely use them again!',1,4,'2025-02-24 01:36:59','2025-03-17 07:03:21');
/*!40000 ALTER TABLE `testimonials` ENABLE KEYS */;
UNLOCK TABLES;

--
-- Table structure for table `transactions`
--

DROP TABLE IF EXISTS `transactions`;
/*!40101 SET @saved_cs_client     = @@character_set_client */;
/*!50503 SET character_set_client = utf8mb4 */;
CREATE TABLE `transactions` (
  `id` int NOT NULL AUTO_INCREMENT,
  `user_id` int NOT NULL,
  `gateway` varchar(255) DEFAULT NULL,
  `payment_type` varchar(255) DEFAULT NULL,
  `additional_content` text,
  `mpesa_request` varchar(255) DEFAULT NULL,
  `mpesa_receipt` varchar(255) DEFAULT NULL,
  `status` int NOT NULL DEFAULT '0',
  `created_at` timestamp NOT NULL DEFAULT CURRENT_TIMESTAMP,
  `updated_at` timestamp NOT NULL DEFAULT CURRENT_TIMESTAMP,
  PRIMARY KEY (`id`)
) ENGINE=InnoDB DEFAULT CHARSET=latin1;
/*!40101 SET character_set_client = @saved_cs_client */;

--
-- Dumping data for table `transactions`
--

LOCK TABLES `transactions` WRITE;
/*!40000 ALTER TABLE `transactions` DISABLE KEYS */;
/*!40000 ALTER TABLE `transactions` ENABLE KEYS */;
UNLOCK TABLES;

--
-- Table structure for table `tutorials`
--

DROP TABLE IF EXISTS `tutorials`;
/*!40101 SET @saved_cs_client     = @@character_set_client */;
/*!50503 SET character_set_client = utf8mb4 */;
CREATE TABLE `tutorials` (
  `id` bigint unsigned NOT NULL AUTO_INCREMENT,
  `slug` varchar(191) COLLATE utf8mb4_unicode_ci NOT NULL,
  `name` varchar(191) COLLATE utf8mb4_unicode_ci NOT NULL,
  `description` text COLLATE utf8mb4_unicode_ci,
  `image` varchar(191) COLLATE utf8mb4_unicode_ci DEFAULT NULL,
  `status` tinyint NOT NULL DEFAULT '1',
  `tutorial_date` date DEFAULT NULL,
  `meta_title` varchar(191) COLLATE utf8mb4_unicode_ci DEFAULT NULL,
  `meta_description` text COLLATE utf8mb4_unicode_ci,
  `og_title` varchar(191) COLLATE utf8mb4_unicode_ci DEFAULT NULL,
  `og_description` text COLLATE utf8mb4_unicode_ci,
  `twitter_title` varchar(191) COLLATE utf8mb4_unicode_ci DEFAULT NULL,
  `twitter_description` text COLLATE utf8mb4_unicode_ci,
  `keywords` varchar(191) COLLATE utf8mb4_unicode_ci DEFAULT NULL,
  `created_at` timestamp NULL DEFAULT NULL,
  `updated_at` timestamp NULL DEFAULT NULL,
  PRIMARY KEY (`id`),
  UNIQUE KEY `tutorials_slug_unique` (`slug`)
) ENGINE=InnoDB AUTO_INCREMENT=2 DEFAULT CHARSET=utf8mb4 COLLATE=utf8mb4_unicode_ci;
/*!40101 SET character_set_client = @saved_cs_client */;

--
-- Dumping data for table `tutorials`
--

LOCK TABLES `tutorials` WRITE;
/*!40000 ALTER TABLE `tutorials` DISABLE KEYS */;
INSERT INTO `tutorials` VALUES (1,'customized-business-services','Customized Business Services','<p>Test</p>','42',1,'2025-07-09',NULL,NULL,NULL,NULL,NULL,NULL,NULL,'2025-07-17 07:35:28','2025-07-17 07:38:14');
/*!40000 ALTER TABLE `tutorials` ENABLE KEYS */;
UNLOCK TABLES;

--
-- Table structure for table `uploads`
--

DROP TABLE IF EXISTS `uploads`;
/*!40101 SET @saved_cs_client     = @@character_set_client */;
/*!50503 SET character_set_client = utf8mb4 */;
CREATE TABLE `uploads` (
  `id` int NOT NULL AUTO_INCREMENT,
  `file_original_name` varchar(255) CHARACTER SET utf8mb3 COLLATE utf8mb3_unicode_ci DEFAULT NULL,
  `file_name` varchar(255) CHARACTER SET utf8mb3 COLLATE utf8mb3_unicode_ci DEFAULT NULL,
  `user_id` int DEFAULT NULL,
  `file_size` int DEFAULT NULL,
  `extension` varchar(10) CHARACTER SET utf8mb3 COLLATE utf8mb3_unicode_ci DEFAULT NULL,
  `type` varchar(15) CHARACTER SET utf8mb3 COLLATE utf8mb3_unicode_ci DEFAULT NULL,
  `external_link` varchar(500) CHARACTER SET utf8mb3 COLLATE utf8mb3_unicode_ci DEFAULT NULL,
  `created_at` timestamp NOT NULL DEFAULT CURRENT_TIMESTAMP,
  `updated_at` timestamp NOT NULL DEFAULT CURRENT_TIMESTAMP,
  `deleted_at` timestamp NULL DEFAULT NULL,
  PRIMARY KEY (`id`)
) ENGINE=InnoDB AUTO_INCREMENT=43 DEFAULT CHARSET=utf8mb3 COLLATE=utf8mb3_unicode_ci;
/*!40101 SET character_set_client = @saved_cs_client */;

--
-- Dumping data for table `uploads`
--

LOCK TABLES `uploads` WRITE;
/*!40000 ALTER TABLE `uploads` DISABLE KEYS */;
INSERT INTO `uploads` VALUES (1,'55','uploads/all/zRIBFwc0QSj64tMLMz6n2Y1gamagZOipJD7fmPMR.png',1,1649,'png','image',NULL,'2025-02-14 07:34:53','2025-02-14 07:34:53',NULL),(2,'ac-2','uploads/all/GEYsG4ALqPKBQGjsklioSH7Gl5UZ9oZUNqOesPtg.png',1,1398,'png','image',NULL,'2025-02-14 07:34:53','2025-02-14 07:34:53',NULL),(3,'camera','uploads/all/ftDqUwZAkRUYMrVCrARAnVJUAyFxPwXGiBnY5RcL.png',1,3306,'png','image',NULL,'2025-02-14 07:34:53','2025-02-14 07:34:53',NULL),(4,'irrigation','uploads/all/oqPaBel1wjri7wKBY1Vq4eGj2AAypBTCL6EmXKXK.png',1,4899,'png','image',NULL,'2025-02-14 07:34:54','2025-02-14 07:34:54',NULL),(5,'lock2','uploads/all/D6TxCdGfjRGtjX0T7wE5EWK4rVqtbbkdmTn5iPnS.png',1,2461,'png','image',NULL,'2025-02-14 07:34:54','2025-02-14 07:34:54',NULL),(6,'thermostat','uploads/all/fgO1ESgWUzStsgyt6h25sR1ikE1Y2kH6YKADGVIw.png',1,3899,'png','image',NULL,'2025-02-14 07:34:54','2025-02-14 07:34:54',NULL),(7,'unnamed','uploads/all/wCcBzMblxz77qGxnNGB631RG95nBKdR1QDfftu4N.webp',1,56292,'webp','image',NULL,'2025-02-14 07:42:03','2025-02-14 07:42:03',NULL),(8,'ecobee','uploads/all/qO6Wy8OB8SVpO0JCTj03YryXSyk5RDzT2m6x33jH.jpg',1,84005,'jpg','image',NULL,'2025-02-14 07:44:51','2025-02-14 07:44:51',NULL),(9,'Honeywell_logo.svg','uploads/all/9zvYZtKh1Hw2RGW8JaVNtZVtGv8ypOJYCnihWx27.png',1,53030,'png','image',NULL,'2025-02-14 07:45:54','2025-02-14 07:48:09','2025-02-14 07:48:09'),(10,'Honeywell-logo-300x300','uploads/all/gl11dGYbsE2TSjWQdQBrrtcp9ncx6fg2rHrncn6F.png',1,67646,'png','image',NULL,'2025-02-14 07:46:41','2025-02-14 07:48:05','2025-02-14 07:48:05'),(11,'Honeywell_logo.svg','uploads/all/z4QJ92Dpo1knbVgIucYXtnOEn4OPAOvpvlC5Hux2.png',1,21742,'png','image',NULL,'2025-02-14 07:47:44','2025-02-14 07:47:44',NULL),(12,'nest_logo-e1462350391584','uploads/all/SogjqEJHY2h3hhx6DWtmaYGoEfEhlFuPnP8GSlhw.png',1,8152,'png','image',NULL,'2025-02-14 07:52:09','2025-02-14 07:52:09',NULL),(13,'76-large_brand','uploads/all/U7vFTQkzrkM8SvgZOE9p7xHi9X0tIznIJbAcALRj.webp',1,2940,'webp','image',NULL,'2025-02-14 07:52:09','2025-02-14 07:52:09',NULL),(14,'nest-installation-multi_NEST-PRO','uploads/all/tp6tpipBli7KVsGhuZrwsTsHtdDZgmTcQQTGCVth.jpg',1,85585,'jpg','image',NULL,'2025-02-15 09:15:37','2025-02-15 09:15:37',NULL),(15,'Ecobee-installation-3-speed-rev','uploads/all/1uRtmIb1SQH7GEuovBtblcZgSnH3xf3wmutZNYVP.jpg',1,104352,'jpg','image',NULL,'2025-02-17 01:28:29','2025-02-17 01:28:29',NULL),(16,'image_33_enCA_Home_Shot_Foyer_cooling24C_2000x_300dpi-nm77plys2y69sk1uyq410a1g5rodsfuviakfs5uh14','uploads/all/E83RHXOWBVxglapSw7gofzjBa0zt7UvuWzci4srn.jpg',1,233360,'jpg','image',NULL,'2025-02-17 07:40:35','2025-02-17 07:40:35',NULL),(17,'profile_facing_left_door_open__1_-1-ntvqilhfkzrxmvakff4vu3qt1kuat7rtvw0grmnago','uploads/all/oeWCXubrXJP0sl5fY321HCpMkVhYriqvuEiLZcQi.jpg',1,192188,'jpg','image',NULL,'2025-02-17 08:08:10','2025-02-17 08:08:10',NULL),(18,'energy-saving','uploads/all/nn7jW8LFYtyiTtS7PhxWuLYwgutgD8BCG9STRrod.png',1,1405,'png','image',NULL,'2025-03-17 01:46:12','2025-03-17 01:46:12',NULL),(19,'logo (1)','uploads/all/roZv6o5Lp8qDNzC6QOh146RacMWIqEJJH60giOh2.svg',1,42526,'svg','image',NULL,'2025-03-17 04:30:59','2025-03-17 04:30:59',NULL),(20,'home-automation-solutions','uploads/all/saYsXykCDrvPqKYQHYIIqBbLoDtrEI9C9yp16U1m.png',1,28953,'png','image',NULL,'2025-03-17 07:29:54','2025-03-17 07:29:54',NULL),(21,'smart-smoke-detectors','uploads/all/6wRAHjxV7EnbylH9ppaEakW8UTdip5Kyh6CZ4l5V.png',1,24914,'png','image',NULL,'2025-03-17 07:29:54','2025-03-17 07:29:54',NULL),(22,'smart-locks-doorbells','uploads/all/9xfaNFn8PEbttKBIfYfUkmKaJVOJGgsMZKNNOIPU.png',1,22867,'png','image',NULL,'2025-03-17 07:29:55','2025-03-17 07:29:55',NULL),(23,'smart-thermostats','uploads/all/72Ho9VbMW763nyA79iSHQOHR1w9aRpr0zphLRkbt.png',1,17755,'png','image',NULL,'2025-03-17 07:29:55','2025-03-17 07:29:55',NULL),(24,'indoor-outdoor-cameras','uploads/all/zafFQvDO5voUEU1WsLXVASZ7DpNBiMtz9iJdYfQl.png',1,17519,'png','image',NULL,'2025-03-17 07:29:55','2025-03-17 07:29:55',NULL),(25,'ac-service-maintenance','uploads/all/F2NukWmbBYjp2S7yuPjihPn4nio9ZCHqUVUFnmxB.png',1,15013,'png','image',NULL,'2025-03-17 07:29:55','2025-03-17 07:29:55',NULL),(26,'image 6','uploads/all/Bh5o5IVoOuRdyZLbsfoaKeq0oCBKOfhUwlkFzqyb.png',1,91941,'png','image',NULL,'2025-03-18 02:54:30','2025-03-18 02:54:30',NULL),(27,'image2','uploads/all/zoIMREVjqoP3kXly1JijMfAO4e5SSwejR14CTLpN.png',1,39621,'png','image',NULL,'2025-03-18 02:54:30','2025-03-18 02:54:30',NULL),(28,'image3','uploads/all/a4v9aKSD2Mlyn6ZTdwBz4nJX6HB5xgm1NVB81gFO.png',1,41554,'png','image',NULL,'2025-03-18 02:54:30','2025-03-18 02:54:30',NULL),(29,'image4','uploads/all/dHEcMLkcFVlLFfTfGM5EsO1qdqsWM4p5jHtaObCF.png',1,57629,'png','image',NULL,'2025-03-18 02:54:31','2025-03-18 02:54:31',NULL),(30,'image5','uploads/all/lkEG4lm2Ec7eozZoZLafvs4iQZlcAMuSmNVEUf2S.png',1,74771,'png','image',NULL,'2025-03-18 02:54:31','2025-03-18 02:54:31',NULL),(31,'image1','uploads/all/YKvnR7xRcMignH71khmHhbrIa2NgNPYK52OojvhY.png',1,87358,'png','image',NULL,'2025-03-18 02:54:31','2025-03-18 02:54:31',NULL),(32,'bolt','uploads/all/kAVtUvSKp3Foen3US4GUcXZ425C9kViCuqgFDnYi.png',1,1242,'png','image',NULL,'2025-03-18 03:15:21','2025-03-18 03:15:21',NULL),(33,'lightbulb','uploads/all/zSsvQ3jAobt6O5bkKX0GR2LHFIRISyBmgfStlhf9.png',1,1405,'png','image',NULL,'2025-03-18 03:15:22','2025-03-18 03:15:22',NULL),(34,'shield','uploads/all/c6gyhdRFFSeXqh8JW0hR0f2uSPEUt1LBcY8DaONA.png',1,1195,'png','image',NULL,'2025-03-18 03:15:22','2025-03-18 03:15:22',NULL),(35,'wifi','uploads/all/Fcq4xMak1APIpsd9chIYMJQX33FeAdITq3OiioUl.png',1,1074,'png','image',NULL,'2025-03-18 03:15:22','2025-03-18 03:15:22',NULL),(36,'download','uploads/all/BKwPRGMIcUPynqmTXyQKwRYCnPKWUuwzEVQFyFRJ.jpg',1,18667,'jpeg','image',NULL,'2025-07-14 13:25:57','2025-07-14 13:25:57',NULL),(37,'1','uploads/all/pDWDXWGQ8VkjBp11HIhkPRjtTDHT5MkZlSNHp45l.svg',1,6752,'svg','image',NULL,'2025-07-16 11:01:18','2025-07-16 11:01:18',NULL),(38,'1','uploads/all/pAHDDb7XlNFZg4AdGd0PEn1gsBlUnecUFZjGUd4D.svg',1,8532,'svg','image',NULL,'2025-07-16 11:15:17','2025-07-16 11:15:17',NULL),(39,'2','uploads/all/IHV8l6i4L2xKQ8dgnyTnlSTygrkE2hTHnCopJpki.svg',1,6108,'svg','image',NULL,'2025-07-16 11:15:46','2025-07-16 11:15:46',NULL),(40,'footer-logo','uploads/all/nc3lbqKrVFfiypCdluH5GRxibHbk3faTr1EBIRV0.svg',1,3404,'svg','image',NULL,'2025-07-16 14:00:07','2025-07-16 14:00:07',NULL),(41,'logo-white','uploads/all/aYyKKFhVPUsiQxUU3ApE32m7rzVodm0HX5XtXTMx.svg',1,3199,'svg','image',NULL,'2025-07-16 14:19:59','2025-07-16 14:19:59',NULL),(42,'tutorial1','uploads/all/uArz2zov8g0vCskctHC4I2r3WUCT1dWA8CYUniPS.png',1,355146,'png','image',NULL,'2025-07-17 07:37:08','2025-07-17 07:37:08',NULL);
/*!40000 ALTER TABLE `uploads` ENABLE KEYS */;
UNLOCK TABLES;

--
-- Table structure for table `users`
--

DROP TABLE IF EXISTS `users`;
/*!40101 SET @saved_cs_client     = @@character_set_client */;
/*!50503 SET character_set_client = utf8mb4 */;
CREATE TABLE `users` (
  `id` int unsigned NOT NULL AUTO_INCREMENT,
  `user_type` varchar(20) CHARACTER SET utf8mb3 COLLATE utf8mb3_unicode_ci NOT NULL DEFAULT 'customer',
  `name` varchar(191) CHARACTER SET utf8mb3 COLLATE utf8mb3_unicode_ci NOT NULL,
  `email` varchar(191) CHARACTER SET utf8mb3 COLLATE utf8mb3_unicode_ci DEFAULT NULL,
  `phone` varchar(20) CHARACTER SET utf8mb3 COLLATE utf8mb3_unicode_ci DEFAULT NULL,
  `banned` tinyint NOT NULL DEFAULT '0',
  `password` varchar(191) CHARACTER SET utf8mb3 COLLATE utf8mb3_unicode_ci DEFAULT NULL,
  `remember_token` varchar(255) CHARACTER SET utf8mb3 COLLATE utf8mb3_unicode_ci DEFAULT NULL,
  `otp` varchar(50) CHARACTER SET utf8mb3 COLLATE utf8mb3_unicode_ci DEFAULT NULL,
  `otp_expiry` timestamp NULL DEFAULT NULL,
  `is_phone_verified` tinyint(1) NOT NULL DEFAULT '0',
  `email_verified_at` timestamp NULL DEFAULT NULL,
  `verification_code` text CHARACTER SET utf8mb3 COLLATE utf8mb3_unicode_ci,
  `status` int NOT NULL DEFAULT '0',
  `device_token` varchar(255) CHARACTER SET utf8mb3 COLLATE utf8mb3_unicode_ci DEFAULT NULL,
  `avatar` varchar(256) CHARACTER SET utf8mb3 COLLATE utf8mb3_unicode_ci DEFAULT NULL,
  `created_by` bigint unsigned DEFAULT NULL,
  `updated_by` bigint unsigned DEFAULT NULL,
  `created_at` timestamp NULL DEFAULT NULL,
  `updated_at` timestamp NULL DEFAULT NULL,
  PRIMARY KEY (`id`),
  UNIQUE KEY `users_email_unique` (`email`)
) ENGINE=InnoDB AUTO_INCREMENT=84 DEFAULT CHARSET=utf8mb3 COLLATE=utf8mb3_unicode_ci;
/*!40101 SET character_set_client = @saved_cs_client */;

--
-- Dumping data for table `users`
--

LOCK TABLES `users` WRITE;
/*!40000 ALTER TABLE `users` DISABLE KEYS */;
INSERT INTO `users` VALUES (1,'admin','admin','admin@homeiq.com',NULL,0,'$2y$12$SfuI4RHZOWAyQ4Zri1wrEujk3Pf6Bi1RcRhVX/p8nrd/8/9RN5GKu',NULL,NULL,NULL,0,'2023-02-24 15:02:20',NULL,0,NULL,NULL,NULL,NULL,'2023-02-24 15:50:20','2023-02-24 15:50:20'),(65,'customer','Jisha P','jisha.tomsher@yopmail.com','1122334455',0,'$2y$12$0mayq1V4OFAmAj2YjESOk.Ub3/uwMi0ZVAa8YiOvY9GWaXFdtwY8K',NULL,NULL,NULL,0,NULL,NULL,0,NULL,NULL,NULL,NULL,'2025-03-21 07:32:43','2025-03-21 07:32:43'),(66,'customer','Jisha P','jisha@yopmail.com','971568650838',0,'$2y$12$BoTV2D174prHdX7eTpcWAeu6xsNnzldPSGHbd7BeramA7DGQWa7yy',NULL,NULL,NULL,0,NULL,NULL,0,NULL,NULL,NULL,NULL,'2025-03-21 08:11:57','2025-04-16 09:34:06'),(68,'customer','Nythika Renjith','jisha.tomsher@gmail.com','971568650838',0,'$2y$12$TJLFV0ymMSd4PLNrKM1WHe1UtBcCYbj9KVARdiuas2KlwgsPv6GIy','nPgjQvoyH3ecRjDTamp9biZ4gtFHY2VYiafXtZ4zQHOZQe4L0wVlKDuCS5GT',NULL,NULL,0,NULL,NULL,0,NULL,NULL,NULL,NULL,'2025-03-22 01:36:38','2025-04-17 12:59:32'),(69,'customer','xxxxxxxxxxxxxx','xxx@yopmail.com','2332323243243',0,'$2y$12$OWPxWZogPqpThD0AOoE3yeH5AqgE9av9aF1OtAAIk5CdgJLTDh3v6',NULL,NULL,NULL,0,NULL,NULL,0,NULL,NULL,NULL,NULL,'2025-04-16 09:23:03','2025-04-16 09:23:03'),(70,'customer','Jisha P','jishap@yopmail.com','112233445556',0,'$2y$12$wrt1anB.l19vMAecJLaZA.PfYCsWL7jZ41xkErdeh/UxqTOA09Wye',NULL,NULL,NULL,0,NULL,NULL,0,NULL,NULL,NULL,NULL,'2025-04-16 09:24:55','2025-04-16 09:24:55'),(71,'customer','asdsd','sfdsfd@yopmail.com','112233445523',0,'$2y$12$4oCrfenybiOq9gXgj8f/i.vr1Q4m56niSQsI0MEX3DAIkJQLmcEji',NULL,NULL,NULL,0,NULL,NULL,0,NULL,NULL,NULL,NULL,'2025-04-16 10:04:03','2025-04-16 10:16:33'),(72,'customer','Mohammed','mohammed@gmail.com','971555347867',0,'$2y$12$p8ffInu/2CbWqDh0ux9Sz.39ADmySkZziEznQRaUEPnZk9yOR6BSa',NULL,NULL,NULL,0,NULL,NULL,0,NULL,NULL,NULL,NULL,'2025-07-14 12:26:43','2025-07-15 13:39:09'),(73,'customer','Mohammed','mohammed1@gmail.com','971555347866',0,'$2y$12$.r34LO8TBHbZnzPRAOMMJetwAw6rBZ/nzwOuiCA0s5xvBmoAZ/NHG',NULL,NULL,NULL,0,NULL,NULL,0,NULL,NULL,NULL,NULL,'2025-07-14 12:37:46','2025-07-14 12:37:46'),(74,'customer','Mohammed','mohammed12@gmail.com','971555347862',0,'$2y$12$xnfvG/b6w0dtWPp29o9x3.Nf7Oc.icjdL7C9I5mJkOGE63o1VsOkS',NULL,NULL,NULL,0,NULL,NULL,0,NULL,NULL,NULL,NULL,'2025-07-14 12:39:12','2025-07-14 12:39:12'),(75,'customer','Mohammed','mohammed123@gmail.com','971555347863',0,'$2y$12$nxtPM8PqrTkeK7tS1E7UPu/Jbb3BMVu2IG5fIVn44ZfvPmW1Tbv1G',NULL,NULL,NULL,0,NULL,NULL,0,NULL,NULL,NULL,NULL,'2025-07-14 12:41:21','2025-07-14 12:41:21'),(77,'customer','test','mohammed1234@gmail.com',NULL,0,NULL,NULL,NULL,NULL,0,NULL,NULL,0,NULL,NULL,NULL,NULL,NULL,NULL),(83,'customer','mohammed','test@gmail.com',NULL,0,'$2y$12$MWHaF0tA2MAtQuHB0z7eDO15X0qmanwQA3ftyXMMmFsxWZ97gjIDe',NULL,NULL,NULL,0,NULL,NULL,0,NULL,NULL,NULL,NULL,'2025-07-22 14:47:32','2025-07-22 14:47:32');
/*!40000 ALTER TABLE `users` ENABLE KEYS */;
UNLOCK TABLES;

--
-- Table structure for table `wishlists`
--

DROP TABLE IF EXISTS `wishlists`;
/*!40101 SET @saved_cs_client     = @@character_set_client */;
/*!50503 SET character_set_client = utf8mb4 */;
CREATE TABLE `wishlists` (
  `id` int NOT NULL AUTO_INCREMENT,
  `user_id` int NOT NULL,
  `product_id` int NOT NULL,
  `product_stock_id` int DEFAULT NULL,
  `created_at` timestamp NULL DEFAULT CURRENT_TIMESTAMP,
  `updated_at` timestamp NOT NULL DEFAULT CURRENT_TIMESTAMP,
  PRIMARY KEY (`id`),
  KEY `product_id` (`product_id`),
  KEY `product_stock_id` (`product_stock_id`),
  CONSTRAINT `wishlists_ibfk_1` FOREIGN KEY (`product_id`) REFERENCES `products` (`id`) ON DELETE CASCADE,
  CONSTRAINT `wishlists_ibfk_2` FOREIGN KEY (`product_stock_id`) REFERENCES `product_stocks` (`id`) ON DELETE CASCADE
) ENGINE=InnoDB AUTO_INCREMENT=34 DEFAULT CHARSET=utf8mb3 COLLATE=utf8mb3_unicode_ci;
/*!40101 SET character_set_client = @saved_cs_client */;

--
-- Dumping data for table `wishlists`
--

LOCK TABLES `wishlists` WRITE;
/*!40000 ALTER TABLE `wishlists` DISABLE KEYS */;
INSERT INTO `wishlists` VALUES (29,68,7,5,'2025-03-24 08:01:06','2025-03-24 08:01:06'),(32,68,22,48,'2025-03-24 08:03:03','2025-03-24 08:03:03'),(33,71,6,4,'2025-04-16 10:26:16','2025-04-16 10:26:16');
/*!40000 ALTER TABLE `wishlists` ENABLE KEYS */;
UNLOCK TABLES;
/*!40103 SET TIME_ZONE=@OLD_TIME_ZONE */;

/*!40101 SET SQL_MODE=@OLD_SQL_MODE */;
/*!40014 SET FOREIGN_KEY_CHECKS=@OLD_FOREIGN_KEY_CHECKS */;
/*!40014 SET UNIQUE_CHECKS=@OLD_UNIQUE_CHECKS */;
/*!40101 SET CHARACTER_SET_CLIENT=@OLD_CHARACTER_SET_CLIENT */;
/*!40101 SET CHARACTER_SET_RESULTS=@OLD_CHARACTER_SET_RESULTS */;
/*!40101 SET COLLATION_CONNECTION=@OLD_COLLATION_CONNECTION */;
/*!40111 SET SQL_NOTES=@OLD_SQL_NOTES */;

-- Dump completed on 2025-07-22 21:34:44
